asset_id,longitude,latitude,taxonomy,num_buildings,built_up_area,structural_replacement_cost,structural_retrofit_cost,structural_insurance_limit,structural_insurance_deductible,nonstructural_replacement_cost,nonstructural_retrofit_cost,nonstructural_insurance_limit,nonstructural_insurance_deductible,contents_replacement_cost,contents_retrofit_cost,contents_insurance_limit,contents_insurance_deductible,downtime_cost,downtime_insurance_limit,downtime_insurance_deductible,day_occupants,night_occupants,transit_occupants
1,85.2991,27.6961,DX/CR+CIP/LFINF+DUC/DY/CR+CIP/LFINF+DUC/HEX:1//RES+RES1///IRRE//RC+RC2/FN+FC2/,437,55.27,97963.13,11367.64,0.86,0.04,221410.64,102216.93,0.85,0.05,96491.11,100635.73,0.85,0.05,82259.39,0.85,0.05,1.56,6.36,4.32
2,85.3232,27.7084,DX/MUR+CLBRS+MOC/LFLS+DNO/DY/MUR+CLBRS+MOC/LFLS+DNO/HEX:3/YAPP:1980/RES+RES2A///IRIR+TOR+SOS//RC+RC1/FM+FM99/,307.5,40.45,106338.21,8123.71,0.85,0.04,129810.78,138943.22,0.85,0.06,104221.33,135996.29,0.85,0.05,70509.82,0.85,0.05,2.11,5.24,3.58
3,85.3232,27.7084,"DX/CR+CIP/LFINF+DNO/DY/CR+CIP/LFINF+DNO/HEX:2/YBET:2002,2008/COM+COM3///IRIR+REC+SHC//RC+RC2/FC+FC2/",307.5,47.6,94025.59,14391.08,0.86,0.06,220883.89,73564.24,0.85,0.06,109604.09,128945.74,0.85,0.06,92461.06,0.85,0.06,2.6,2.88,5.98
4,85.3232,27.7084,"DX/MR+CLBRS+MOC+RCB/LFINF+DNO/DY/MR+CLBRS+MOC+RCB/LFINF+DNO/HEX:2/YBET:1995,1997/RES+RES2A///IRRE//RC+RC2/FC+FC1/",307.5,38.29,99848.62,15305.36,0.85,0.06,254979.11,108036.22,0.85,0.05,58377.64,117768.58,0.85,0.05,126517.69,0.85,0.05,3.47,4.28,3.79
5,85.3232,27.7084,DX/MCF+ADO+MOM/LWAL+DNO/DY/MCF+ADO+MOM/LWAL+DNO/HEX:3/YAPP:1914/EDU+EDU3///IRIR+TOR+SOS//RWO+RWO2/FC+FC1/,307.5,33.96,117410.45,12575.01,0.84,0.05,217363.77,83500.49,0.85,0.04,96026.75,110418.69,0.85,0.06,92364.04,0.85,0.06,1.55,7.25,4.74
6,85.3232,27.7084,"DX/CR+CIP/LFINF+DNO/DY/CR+CIP/LFINF+DNO/HEX:2/YBET:1980,1982/COM+COM3///IRIR+SHC//RME+RME1/FC+FC2/",307.5,41.96,113836.43,11965.84,0.84,0.05,215594.78,79056.7,0.84,0.05,115657.5,116834.72,0.85,0.04,141560.51,0.86,0.05,2.04,6.17,1.37
7,85.3232,27.7084,"DX/CR+CIP/LFINF+DUC/DY/CR+CIP/LFINF+DUC/HEX:4/YBET:2005,2008/COM+COM1///IRIR+TOR+SHC//RC+RC2/FC+FC2/",307.5,35.72,101084.46,11292.32,0.86,0.05,210295.71,99238.84,0.85,0.05,120141.72,82472.01,0.85,0.04,59713.61,0.85,0.05,1.89,5.18,0.66
8,85.3232,27.7084,DX/CR+CIP/LFINF+DUC/DY/CR+CIP/LFINF+DUC/HEX:4//COM+COM3///IRIR+TOR+SOS//RC+RC2/FC+FC2/,307.5,36.08,114411.35,10637.32,0.85,0.05,238194.51,85317.36,0.85,0.05,157702.57,88283.51,0.86,0.05,99208.06,0.85,0.05,3.42,3.73,5.77
9,85.3232,27.7084,DX/MUR+CLBRS+MOC/LN+DNO/DY/MUR+CLBRS+MOC/LN+DNO/HEX:1/YAPP:1984/GOV+GOV1///IRRE//RME+RME1/FN/,307.5,39.31,88494.27,8485.05,0.84,0.05,191293.6,111235.93,0.85,0.05,80899.7,118045.05,0.85,0.05,110075.63,0.85,0.05,2.37,4.8,5.69
10,85.3232,27.7084,DX/CR+CIP/LFINF+DUC/DY/CR+CIP/LFINF+DUC/HEX:3//RES+RES2B///IRIR+IRHO+POP//RC+RC2/FC+FC2/,307.5,30.88,125411.99,7681.47,0.85,0.05,208364.38,108782.79,0.85,0.05,79325.04,96508.04,0.86,0.04,111103.28,0.85,0.04,1.24,8.19,5.07
11,85.3232,27.7084,"DX/MUR+CLBRS+MOM/LWAL+DNO/DY/MUR+CLBRS+MOM/LWAL+DNO/HEX:3/YBET:1885,1901/EDU+EDU3///IRRE//RWO+RWO1/FW+FW1/",307.5,53.36,81690.1,9530.83,0.86,0.05,209360.84,131824.66,0.86,0.05,77815.07,79684.67,0.86,0.04,90752.99,0.86,0.05,2.61,3.05,6.31
12,85.3232,27.7084,DX/CR+CIP/LWAL+DNO/DY/CR+CIP/LWAL+DNO/HEX:3//COM+COM3///IRRE//RC+RC2/FC+FC2/,307.5,37.27,102337.77,8559.25,0.85,0.04,169058.4,89693.06,0.84,0.06,67421.65,76290.74,0.84,0.05,106472.26,0.86,0.04,3.65,6.26,5.75
13,85.3232,27.7084,DX/MUR+CLBRS+MOC//DY/MUR+CLBRS+MOC//HEX:2/YAPP:1963/RES+RES1///IRIR+TOR+SOS//RME+RME1/FC+FC2/,307.5,46.03,92916.62,8457.78,0.85,0.05,213998.71,100070.34,0.85,0.05,70511.38,101895.43,0.84,0.05,105397.94,0.85,0.06,1.71,4.57,3.27
14,85.3232,27.7084,DX/CR+CIP/LWAL+DUC/DY/CR+CIP/LWAL+DUC/HEX:6//GOV+GOV1///IRIR+TOR//RC+RC2/FC+FC2/,307.5,38.94,93876.23,10419.37,0.85,0.05,185896.08,117508.87,0.85,0.05,106048.49,94849.15,0.85,0.05,132278.51,0.85,0.05,3.12,8.07,5.72
15,85.3232,27.7084,DX/CR+CIP/LFINF+DUC/DY/CR+CIP/LFINF+DUC/HEX:1/YAPP:2001/COM+COM1///IRIR+REC+SHC//RC+RC2/FC+FC2/,307.5,44.7,90102.66,7789.63,0.86,0.05,241501.08,101641.1,0.85,0.04,69831.82,75814.47,0.85,0.04,68640.42,0.85,0.05,3.54,5.09,4.87
16,85.3232,27.7084,DX/CR+CIP/LFINF+DNO/DY/CR+CIP/LFINF+DNO/HEX:5/YAPP:2005/RES+RES2D///IRIR+TOR+SHC//RC+RC2/FM+FM3/,307.5,41.96,86053.51,11869.71,0.85,0.05,120473.69,104328.12,0.85,0.04,125430.63,93630.15,0.84,0.05,79499.93,0.86,0.06,3.31,7.42,2.43
17,85.3232,27.7084,DX/CR+CIP/LFINF+DUC/DY/CR+CIP/LFINF+DUC/HEX:4//COM+COM3///IRRE//RC+RC2/FC+FC2/,307.5,27.89,136075.75,13942.81,0.86,0.05,154533.82,83319.43,0.85,0.05,86185.43,88521.24,0.85,0.05,89992.54,0.85,0.05,3.95,2.19,4.63
18,85.3232,27.7084,DX/MUR+CLBRS+MOC/LPB+DNO/DY/MUR+CLBRS+MOC/LPB+DNO/HEX:5/YAPP:1985/MIX+MIX1///IRRE//RC+RC2/FC+FC1/,307.5,20.49,77050.29,10638.41,0.85,0.04,171890.12,120235.74,0.85,0.05,107128.62,124362.15,0.85,0.05,107221.92,0.85,0.05,2.96,1.73,6.01
19,85.3232,27.7084,DX/CR+CIP/LFINF+DUC/DY/CR+CIP/LFINF+DUC/HEX:4/YAPP:2011/GOV+GOV1///IRIR+SHC//RC+RC2/FC+FC2/,307.5,39.77,68851.38,7912.85,0.84,0.05,185755.33,107808.5,0.86,0.05,90169.65,98708.48,0.86,0.05,130882.49,0.85,0.04,3.85,7.73,2.46
20,85.3232,27.7084,DX/CR+CIP/LFINF+DUC/DY/CR+CIP/LFINF+DUC/HEX:2//COM+COM1///IRIR+REC//RE+RE99/FC+FC2/,307.5,49.9,88399.16,11062.35,0.85,0.04,146029.05,120616.17,0.86,0.06,118287.66,78544.72,0.85,0.05,121199.6,0.85,0.05,2.73,4.28,5.33
21,85.3232,27.7084,DX/CR+CIP/LFINF+DUC/DY/CR+CIP/LFINF+DUC/HEX:3//RES+RES2B///IRIR+POP//RC+RC2/FC+FC2/,307.5,41.43,61624.33,12401.85,0.85,0.05,160381.05,94173.95,0.84,0.05,103195.08,88777.53,0.84,0.04,44622.32,0.85,0.05,4.46,3.9,4.08
22,85.3232,27.7084,DX/CR+CIP//DY/CR+CIP//HEX:4/YAPP:1996/COM+COM3///IRIR+TOR+CHV//RC+RC2/FC+FC2/,307.5,47.62,91736.13,10511.19,0.85,0.05,204651.47,107406.64,0.84,0.05,123986.38,85410.53,0.86,0.05,109716.13,0.85,0.05,3.32,8.01,6.87
23,85.3232,27.7084,DX/CR+CIP/LFINF+DNO/DY/CR+CIP/LFINF+DNO/HEX:4//MIX+MIX2///IRIR+SET//RC+RC2/FC+FC2/,307.5,42.86,67572.88,13004.2,0.85,0.05,149946.93,97898.9,0.85,0.05,84318.25,87742.58,0.85,0.05,98773.57,0.85,0.05,4.14,4.6,4.95
24,85.3232,27.7084,DX/MUR+CLBRS+MOL/LWAL+DNO/DY/MUR+CLBRS+MOL/LWAL+DNO/HEX:2//RES+RES1///IRIR+SHC//R99/FW+FW1/,307.5,48.34,83032.67,11788.93,0.85,0.06,199658.15,95434.32,0.85,0.04,112341.85,67565.04,0.85,0.04,100931.04,0.85,0.04,4.32,0.59,1.47
25,85.3232,27.7084,DX/MUR+CLBRS+MOM/LWAL+DNO/DY/MUR+CLBRS+MOM/LWAL+DNO/HEX:3/YAPP:1980/RES+RES1///IRRE//RME+RME1/FE+FE99/,307.5,38.97,143179.28,5867.87,0.86,0.05,219064.51,111801.05,0.85,0.06,69790.11,112569.63,0.85,0.05,110601.87,0.85,0.05,4.33,6.47,0.95
26,85.3237,27.7112,DX/CR+CIP/LFINF+DUC/DY/CR+CIP/LFINF+DUC/HEX:3/YAPP:1996/GOV+GOV1/////RC+RC2/FC+FC2/,606.3,36.89,111121.36,10670.13,0.85,0.05,209911.26,139532.13,0.84,0.06,92446.66,106419.19,0.86,0.05,93195.24,0.86,0.05,2.84,6.93,3.9
27,85.3237,27.7112,DX/CR+CIP/LFM+DUC/DY/CR+CIP/LFM+DUC/HEX:5/YAPP:1980/COM+COM3///IRRE//RC+RC2/FC+FC1/,606.3,56.17,80824.84,7216.08,0.86,0.05,232350.49,98588.01,0.85,0.04,109958.23,99325.64,0.84,0.06,89156.74,0.85,0.05,2.84,3.67,3.43
28,85.3237,27.7112,DX/CR+CIP/LFINF+DNO/DY/CR+CIP/LFINF+DNO/HEX:6/YAPP:2008/COM+COM99///IRIR+TOR+SHC//RC+RC2/FC+FC2/,606.3,38.87,80822.77,8605.95,0.85,0.04,192276.34,105306.48,0.85,0.05,119015.39,118270.38,0.85,0.05,75571.03,0.85,0.05,2.96,6.97,2.8
29,85.3237,27.7112,DX/MUR+CLBRS+MOC/LWAL+DNO/DY/MUR+CLBRS+MOC/LWAL+DNO/HEX:3/YAPP:1985/GOV+GOV1///IRIR+IRHO+IRVO//RC+RC1/FC+FC1/,606.3,54.85,93334.25,11446.79,0.85,0.06,210117.85,108961.1,0.84,0.04,116421.12,69822.16,0.85,0.04,107021.38,0.86,0.05,4.2,3.05,5.2
30,85.3237,27.7112,DX/CU+CIP/LPB+DNO/DY/CU+CIP/LPB+DNO/HEX:2/YAPP:1994/RES+RES2B///IRRE//RC+RC1/FM+FM99/,606.3,40.37,97738.32,10779.79,0.85,0.06,266877.27,107976.75,0.86,0.05,82118.77,122250.13,0.85,0.04,93881.24,0.86,0.04,1.19,7.33,6.33
31,85.3237,27.7112,DX/MCF+CLBRS+MOM/LO+DNO/DY/MCF+CLBRS+MOM/LO+DNO/HEX:2/YAPP:1984/COM+COM3///IRIR+IRHO+IRVO//RFA+RFAO/FM+FM99/,606.3,45.56,86265.48,12432.35,0.85,0.06,206897.85,116222.62,0.85,0.05,95756.94,127529.26,0.85,0.05,76408.27,0.86,0.05,2.13,5.25,8.44
32,85.3237,27.7112,DX/CR+CIP/LFM+DUC/DY/CR+CIP/LFM+DUC/HEX:5//COM+COM99///IRIR+TOR+SHC//RC+RC2/FC+FC2/,606.3,42.66,111930.06,8504.88,0.85,0.05,135455.06,106808.85,0.84,0.05,113947.42,105631.76,0.86,0.06,112590.93,0.85,0.04,2.14,7.99,3.48
33,85.3237,27.7112,DX/MUR+CLBRS+MOM/LWAL+DNO/DY/MUR+CLBRS+MOM/LWAL+DNO/HEX:5/YAPP:1870/RES+RES2B///IRIR+TOR+SOS//RME+RME1/FW+FW1/,606.3,50.42,91335.85,12195.5,0.85,0.04,205203.38,104313.2,0.85,0.05,105612.67,89306.21,0.85,0.05,134351.03,0.85,0.05,3.41,5.52,1.98
34,85.3237,27.7112,DX/EU+ADO+MOM/LWAL+DNO/DY/EU+ADO+MOM/LWAL+DNO/HEX:4/YPRE:1984/MIX+MIX2///IRIR+TOR+SET//RWO+RWO1/FE+FE99/,606.3,32.94,98085.66,12873.3,0.84,0.05,211273.41,112724.3,0.85,0.05,64591.57,92282.97,0.86,0.05,108083.71,0.84,0.05,3.37,6.18,9.64
35,85.3237,27.7112,DX/MUR+CLBRS+MOC/LN+DNO/DY/MUR+CLBRS+MOC/LN+DNO/HEX:2/YAPP:1985/COM+COM4///IRIR+REC//RC+RC1/FC+FC1/,606.3,27.01,106020.32,10991.39,0.85,0.05,186421.24,88522.5,0.86,0.05,109236.28,75148.81,0.85,0.06,107839.46,0.85,0.05,3.98,4.56,4.34
36,85.3237,27.7112,DX/MUR+ADO+MOM/D99/DY/MUR+ADO+MOM/D99//YPRE:1900//////R99//,606.3,26.04,76348.52,7794.78,0.85,0.05,172246.48,99163.82,0.85,0.05,115423.02,82187.17,0.85,0.05,113332.68,0.85,0.05,5.26,2.93,2.47
37,85.3237,27.7112,DX/MUR+CLBRS+MOC/LN+DNO/DY/MUR+CLBRS+MOC/LN+DNO/HEX:3/YAPP:1990/GOV+GOV1///IRRE//RC+RC1/FC+FC1/,606.3,38.37,103348.28,10435.47,0.85,0.05,173192.37,109447.21,0.86,0.05,125634.57,122685.95,0.85,0.05,117857.52,0.85,0.06,1.8,6.69,8.25
38,85.3237,27.7112,DX/CR+CIP/LFINF+DNO/DY/CR+CIP/LFINF+DNO/HEX:2/YAPP:2000/RES+RES2B///IRIR+TOR+SHC//RC+RC2/FC+FC2/,606.3,58.28,105604.5,10858.78,0.85,0.05,184057.62,108066.1,0.85,0.05,95837.99,36055.61,0.86,0.05,98296.01,0.85,0.05,3.85,6.26,7.81
39,85.3237,27.7112,"DX/CR+CIP/LFINF+DUC/DY/CR+CIP/LFINF+DUC/HEX:6/YBET:2004,2006/COM+COM11///IRIR+TOR+SOS//RC+RC2/FC+FC2/",606.3,35.58,53199.28,8785.63,0.85,0.05,180166.73,86941.45,0.84,0.06,138408.84,102394.13,0.85,0.05,81855.89,0.85,0.05,4.29,2.86,3.19
40,85.3237,27.7112,DX/CR+CIP/LWAL+DUC/DY/CR+CIP/LWAL+DUC/HEX:7/YAPP:2008/RES+RES2E///IRRE//RC+RC2/FC+FC2/,606.3,43.14,48532.02,7569.19,0.85,0.05,205193.36,101215.52,0.84,0.04,81851.37,104947.34,0.85,0.06,102471.59,0.85,0.06,1.72,1.92,3.95
41,85.3237,27.7112,DX/CR+CIP/LFINF+DUC/DY/CR+CIP/LFINF+DUC/HEX:5/YAPP:2/MIX+MIX2///IRIR+SOS//RC+RC2/FC+FC2/,606.3,29.48,112176.07,7288.37,0.86,0.05,221539.97,125135.66,0.85,0.06,107368.01,91865.89,0.85,0.05,98946.36,0.86,0.06,1.61,8.6,3.68
42,85.3277,27.7051,DX/CR+CIP/LFINF+DNO/DY/CR+CIP/LFINF+DNO/HEX:4/YAPP:2002/MIX+MIX2///IRRE//RC+RC2/FC+FC2/,440.5,37.07,114455.34,8399.43,0.85,0.04,238665.73,110906.86,0.85,0.05,104237.18,87320.71,0.85,0.05,83896.11,0.85,0.04,2.01,4.9,4.71
43,85.3277,27.7051,DX/CR+CIP/LFINF+DNO/DY/CR+CIP/LFINF+DNO/HEX:3//RES+RES2B///IRIR+REC//RC+RC2/FC+FC2/,440.5,57.54,117972.46,12360.92,0.85,0.05,191165.34,108964.5,0.85,0.05,96081.85,137576.7,0.84,0.05,106233.23,0.85,0.05,3.73,2.49,3.44
44,85.3277,27.7051,DX/MUR+CLBRS+MOC/LN+DNO/DY/MUR+CLBRS+MOC/LN+DNO/HEX:2//MIX+MIX2///IRIR+TOR+SOS//RC+RC1/FC+FC1/,440.5,33.51,107006.57,8727.47,0.85,0.05,208176.22,66455.85,0.85,0.04,122551.33,80910.61,0.85,0.05,105225.44,0.86,0.05,2.71,1.92,0.86
45,85.3277,27.7051,DX/MUR+CLBRS+MOC/LWAL+DNO/DY/MUR+CLBRS+MOC/LWAL+DNO/HEX:3/YAPP:2000/RES+RES2B///IRIR+TOR+POP//RC+RC1/FC+FC1/,440.5,34.43,109402.48,11435.65,0.85,0.04,216942.58,108297.8,0.85,0.06,78071.84,85125.7,0.85,0.05,56977.08,0.86,0.05,3.49,4.49,3.74
46,85.3277,27.7051,"DX/CR+CIP/LFINF+DNO/DY/CR+CIP/LFINF+DNO/HEX:4/YBET:1996,1999/COM+COM3///IRIR+REC+SHC//RC+RC2/FC+FC2/",440.5,33.01,96557.29,10076.39,0.84,0.05,236841.95,80473.6,0.85,0.05,96544.63,118649.68,0.86,0.06,87106.09,0.85,0.06,3.84,4.24,0.94
47,85.3277,27.7051,"DX/MUR+CLBRS+MOC//DY/MUR+CLBRS+MOC//HEX:2/YBET:1984,1990/MIX+MIX1///IRIR+TOR+POP//RC+RC2/FC+FC2/",440.5,52.06,106283.61,8877.82,0.86,0.04,208585.52,111549.63,0.84,0.05,102834.85,96617.58,0.85,0.05,126616.14,0.85,0.05,2.46,5.24,6.82
48,85.3277,27.7051,DX/MUR+ADO+MOM/LN+DNO/DY/MUR+ADO+MOM/LN+DNO/HEX:4//RES+RES2B///IRIR+TOR+CHV//RME+RME99/FME+FME99/,440.5,34.8,102767.7,13472.78,0.85,0.06,188748.65,85001.94,0.85,0.05,93351.04,121641.47,0.85,0.04,108729.67,0.86,0.05,2.21,3.52,3.54
49,85.3277,27.7051,DX/MUR+CLBRS+MOC//DY/MUR+CLBRS+MOC//HEX:3//RES+RES1///IRIR+REC+POP//RC+RC2/FC+FC2/,440.5,44.5,98465.36,10101.31,0.85,0.05,195000.36,98631.69,0.85,0.05,77759.65,124075.73,0.85,0.05,103255.08,0.85,0.06,5.97,6.97,2.02
50,85.3277,27.7051,DX/CU+CIP/DNO/DY/CU+CIP/DNO/HEX:1//IND+IND2///IRRE//RME+RME2/FN+FC4/,440.5,30.27,78340.79,8885.37,0.85,0.05,199676.81,94084.28,0.85,0.05,141434.34,77088.36,0.85,0.06,86027.02,0.84,0.06,3.82,4.49,2.69
51,85.3277,27.7051,DX/CR+CIP/LFINF+D99/DY/CR+CIP/LFINF+D99/HEX:5/YAPP:2002/RES+RES3///IRRE//RC+RC2/FC+FC2/,440.5,44.08,90177.98,14491.37,0.85,0.05,176300.94,86617.11,0.84,0.05,73791.33,86762.38,0.85,0.05,97084.6,0.85,0.06,2.08,8.88,3.93
52,85.3277,27.7051,DX/MUR+CLBRS+MOC/LWAL+DNO/DY/MUR+CLBRS+MOC/LWAL+DNO/HEX:2/YAPP:2001/RES+RES2A///IRIR+TOR+SOS//RC+RC2/FC+FC2/,440.5,19.99,105937.81,9518.92,0.86,0.05,218373.77,77665.45,0.85,0.05,113597.4,92464.56,0.85,0.05,100394.25,0.85,0.05,2.91,1.48,6.4
53,85.3277,27.7051,DX/MUR+CLBRS+MOC/LWAL+DNO/DY/MUR+CLBRS+MOC/LWAL+DNO/HEX:1/YAPP:2005/RES+RES2B///IRIR+POP//RWO+RWO1/FN/,440.5,45.06,66911.12,12317.5,0.85,0.06,251177.34,103920.33,0.84,0.05,131481.21,72062.46,0.85,0.04,107134.4,0.85,0.04,2.46,4.66,7.85
54,85.3277,27.7051,DX/CR+CIP/LFINF+DNO/DY/CR+CIP/LFINF+DNO/HEX:3/YAPP:2005/MIX+MIX2///IRIR+TOR+SOS//RC+RC2/FC+FC2/,440.5,35.51,68282.83,9477.83,0.85,0.05,219042.64,111199.68,0.84,0.05,95361.45,126001.04,0.86,0.05,81341.74,0.85,0.06,2.99,7.4,4.35
55,85.3277,27.7051,DX/MUR+CLBRS+MOC/LFINF+DNO/DY/MUR+CLBRS+MOC/LFINF+DNO/HEX:3//RES+RES2B///IRRE//RC+RC1/FC+FC1/,440.5,25.5,120831.68,9701.52,0.84,0.05,137590.02,110256.46,0.86,0.05,73925.85,51532.87,0.85,0.05,99840.25,0.84,0.06,3.35,0.31,4.95
56,85.3277,27.7051,DX/CR+CIP/LWAL+DNO/DY/CR+CIP/LWAL+DNO/HEX:2/YAPP:1998/MIX+MIX2///IRIR+TOR+POP//RC+RC2/FC+FC1/,440.5,26.1,97018.81,10551.26,0.85,0.05,214534.15,107401.86,0.85,0.06,102869.21,120024.07,0.85,0.05,102333.76,0.85,0.05,2.56,2.92,4.74
57,85.3277,27.7051,DX/CR+CIP/LFINF+DUC/DY/CR+CIP/LFINF+DUC/HEX:4/YAPP:1995/RES+RES2B///IRIR+TOR+SHC//RC+RC2/FC+FC2/,440.5,38.51,95514.99,13439.62,0.85,0.04,154371.9,107191.7,0.85,0.04,123489.97,92858.41,0.86,0.06,46427.19,0.85,0.05,3.66,5.89,-0.74
58,85.3277,27.7051,DX/CR+CIP/LFINF+DUC/DY/CR+CIP/LFINF+DUC/HEX:3/YAPP:1985/GOV+GOV1///IRIR+TOR+SHC//RME+RME1/FC+FC2/,440.5,51.31,69870.86,11853.24,0.85,0.05,172379.74,103605.15,0.85,0.05,107498.23,83473.43,0.85,0.04,128497.83,0.84,0.05,1.46,3.6,4.31
59,85.3277,27.7051,DX/M99+CLBRS+MOC/LFINF+DNO/DY/M99+CLBRS+MOC/LFINF+DNO/HEX:3//RES+RES1///IRIR+TOR//RC+RC2/FC+FC2/,440.5,35.9,114538.98,11471.67,0.85,0.05,152924.76,154620.76,0.84,0.05,101627.37,105659.54,0.85,0.04,83484.22,0.85,0.06,3.19,4.57,0.72
60,85.3277,27.7051,DX/CR+CIP/LFINF+DUC/DY/CR+CIP/LFINF+DUC/HEX:3//RES+RES2C///IRIR+IRHO+SET//RC+RC2/FC+FC2/,440.5,59.77,117732.47,9974.9,0.85,0.05,167588.72,77819.99,0.86,0.06,101493.5,115839.23,0.85,0.05,90589.57,0.85,0.06,2.07,4.6,2.94
61,85.3277,27.7051,DX/MUR+CLBRS+MOC/LWAL+DNO/DY/MUR+CLBRS+MOC/LWAL+DNO/HEX:2/YAPP:2011/COM+COM1///IRRE//RME+RME1/FC+FC2/,440.5,34.37,84917.05,10035.85,0.85,0.05,204858.17,78556.5,0.85,0.05,73267.94,102975.56,0.85,0.05,127675.71,0.85,0.04,2.71,4.32,6.39
62,85.3277,27.7051,DX/ME+ME99/LWAL+DNO/DY/ME+ME99/LWAL+DNO/HEX:1//COM+COM11///IRRE//RME+RME1/FM+FM99/,440.5,39.54,92326.7,8363.84,0.85,0.05,216319.74,102100.43,0.85,0.06,127208.42,146012.54,0.85,0.05,109795.81,0.85,0.04,2.87,6.32,4.21
63,85.3277,27.7051,DX/CR+CIP/LFINF+DNO/DY/CR+CIP/LFINF+DNO/HEX:4//OCO+COM4///IRIR+REC+SOS///FC+FC2/,440.5,44.74,128944,11093.11,0.85,0.05,211682.62,76544.64,0.85,0.05,94972.11,121141.52,0.85,0.06,119364.23,0.85,0.05,1.51,1.53,4.63
64,85.3277,27.7051,DX/CR+CIP/LFINF+DNO/DY/CR+CIP/LFINF+DNO/HEX:2/YAPP:2004/RES+RES2///IRRE//RC+RC2/FC+FC2/,440.5,30.73,102629.18,10996.63,0.85,0.06,219276.39,122578.46,0.85,0.05,116736.18,125967.44,0.85,0.05,100224.54,0.85,0.05,2.51,4.54,5.22
65,85.3277,27.7051,DX/MUR+CLBRS+MOC/LFINF+DNO/DY/MUR+CLBRS+MOC/LFINF+DNO/HEX:2//RES+RES2A///IRIR+REC+POP//RC+RC2/FC+FC2/,440.5,3.98,69831.11,8703.16,0.85,0.06,234080.63,115867.73,0.85,0.05,72446.77,88763.15,0.85,0.04,125918.86,0.85,0.04,4.47,1.54,5.76
66,85.3277,27.7051,DX/CR+CIP/LFINF+DUC/DY/CR+CIP/LFINF+DUC/HEX:4/YAPP:2000/RES+RES2A///IRIR+TOR+SHC//RC+RC2/FC+FC2/,440.5,48.89,139657.79,11720.06,0.85,0.04,217937.33,107257.73,0.85,0.05,97809.35,66121.99,0.85,0.06,100244.76,0.85,0.05,4.47,5.09,7.68
67,85.3277,27.7051,DX/MUR+CLBRS+MOC/LFINF+DNO/DY/MUR+CLBRS+MOC/LFINF+DNO/HEX:4/YAPP:2003/MIX+MIX1///IRIR+TOR+SET//RC+RC2/FC+FC2/,440.5,31.86,97505.43,10679.23,0.85,0.05,202971.5,109870.89,0.86,0.05,108495.45,82984.67,0.85,0.05,126818.27,0.85,0.05,3.83,5.22,3.32
68,85.3277,27.7051,DX/CR+CIP/LFINF+DNO/DY/CR+CIP/LFINF+DNO/HEX:3/YAPP:2007/MIX+MIX2///IRRE//RC+RC2/FC+FC2/,440.5,38.57,98530.97,10742.12,0.84,0.05,212938.76,65555,0.85,0.05,95234.54,86858.64,0.84,0.05,108161.83,0.86,0.06,3.14,6.5,4.91
69,85.3277,27.7051,DX/MUR+CLBRS+MOM/LWAL+DNO/DY/MUR+CLBRS+MOM/LWAL+DNO/HEX:3/YPRE:1992/MIX+MIX1///IRIR+SET//RWO+RWO1/FW+FW1/,440.5,31.45,115272.88,8180.54,0.85,0.05,211009.94,53744.09,0.85,0.06,72733.63,78791.26,0.86,0.04,97073.29,0.85,0.06,3.71,6.09,5.1
70,85.3277,27.7051,DX/CR+CIP/LFINF+DNO/DY/CR+CIP/LFINF+DNO/HEX:2//EDU+EDU99///IRIR+REC+SOS//RC+RC2/FC+FC2/,440.5,41.79,104181.72,10591.37,0.85,0.05,243814.4,108397.53,0.85,0.06,115421.94,101892.02,0.85,0.05,92664.04,0.84,0.05,3.78,4.84,5.1
71,85.3277,27.7051,DX/CR+CIP/LFINF+DUC/DY/CR+CIP/LFINF+DUC/HEX:4//COM+COM4///IRRE//RC+RC2/FC+FC2/,440.5,34.96,97387.1,11223.14,0.85,0.05,230256.81,102879.7,0.85,0.05,90839.35,93033.15,0.85,0.05,152557.9,0.85,0.05,2.56,3.87,1.83
72,85.3277,27.7051,DX/MUR+CLBRS+MOC/LWAL+DNO/DY/MUR+CLBRS+MOC/LWAL+DNO/HEX:2/YPRE:2002/RES+RES2C///IRIR+SET//RC+RC1/FC+FC1/,440.5,33.18,121794.09,10369.33,0.85,0.06,207807.72,100650.84,0.85,0.05,107280.64,102997.16,0.84,0.06,98290.62,0.85,0.06,1.49,3.72,1.12
73,85.3277,27.7051,DX/CR+CIP/LFINF+DUC/DY/CR+CIP/LFINF+DUC/HEX:4//RES+RES2B///IRIR+TOR+CHV//RC+RC2/FC+FC2/,440.5,54.08,79164.58,7793.72,0.85,0.04,193384.58,105611.82,0.85,0.05,90274.59,117819.68,0.85,0.05,69157.53,0.86,0.05,2.39,3,5.96
74,85.3277,27.7051,"DX/MUR+CLBRS+MOC/LFINF+DNO/DY/MUR+CLBRS+MOC/LFINF+DNO/HEX:3/YBET:2005,2010/MIX+MIX1///IRIR+TOR+SHC//RC+RC2/FC+FC2/",440.5,56.56,116326.07,8905.82,0.85,0.06,203626.71,103149.82,0.85,0.06,93199.14,72345.63,0.86,0.05,121607.05,0.85,0.05,1.97,6.68,1.83
75,85.3277,27.7051,DX/CU+CIP/LN+DNO/DY/CU+CIP/LN+DNO/HEX:1/YAPP:1995/AGR+AGR1///IRRE//RME+RME1/FN/,440.5,57.49,87651.05,8520.99,0.85,0.05,214340.79,109807.75,0.85,0.05,104761.08,108439.85,0.84,0.05,68888.11,0.85,0.04,2.59,5.06,4.68
76,85.3277,27.7051,"DX/CU+CIP/LFINF+DNO/DY/CU+CIP/LFINF+DNO/HEX:3/YBET:2002,2004/RES+RES1///IRIR+IRHO+POP//RC+RC2/FC+FC1/",440.5,43.28,115809.21,7607.18,0.85,0.05,269485.71,138251.61,0.85,0.05,79657.79,117256.11,0.85,0.04,62016.87,0.84,0.05,3,6.81,4.9
77,85.3277,27.7051,DX/MUR+CLBRS+MOM/LFINF+DNO/DY/MUR+CLBRS+MOM/LFINF+DNO/HEX:4//RES+RES2B///IRIR+POP//RC+RC1/FE/,440.5,35.81,88240.63,10514.04,0.84,0.05,205480.09,101291.97,0.85,0.05,118307.34,106496.73,0.85,0.04,82993.57,0.84,0.05,1.61,4.97,5.6
78,85.3277,27.7051,DX/MUR+STDRE+MOM/LWAL+DNO/DY/MUR+STDRE+MOM/LWAL+DNO/HEX:3/YAPP:1953/RES+RES2A///IRIR+TOR+IRVO//RME+RME1/FW+FW1/,440.5,44.43,64732.03,12746.36,0.84,0.05,158495.31,91782.16,0.85,0.05,84382.01,90009.89,0.85,0.06,78079.02,0.85,0.05,2.79,3.91,4.5
79,85.3277,27.7051,DX/CR+CIP/LFINF+DNO/DY/CR+CIP/LFINF+DNO/HEX:5/YAPP:1967/MIX+MIX1///IRIR+TOR+SHC//RC+RC2/FC+FC2/,440.5,52.62,99150.17,9701.68,0.85,0.05,210871.91,92583.69,0.85,0.06,109549.88,111070.34,0.85,0.05,101204.1,0.86,0.05,5.12,3.36,6.67
80,85.3277,27.7051,DX/MUR+CLBRS+MOC/LWAL+DNO/DY/MUR+CLBRS+MOC/LWAL+DNO/HEX:2/YAPP:1984/RES+RES2A///IRIR+REC//RC+RC1/FC+FC1/,440.5,38.81,102578.13,10206.48,0.84,0.05,237350.3,125237.74,0.85,0.05,99190,112817.75,0.85,0.05,92882.49,0.85,0.04,3.88,7.21,5.38
81,85.3277,27.7051,DX/MUR+CLBRS+MOC/LFINF+DNO/DY/MUR+CLBRS+MOC/LFINF+DNO/HEX:3/YAPP:1985/COM+COM2///IRRE//RC+RC1/FC+FC1/,440.5,28.55,96582.62,5277.57,0.85,0.05,151237.81,102179.74,0.86,0.04,88902.39,94409.45,0.86,0.06,85531.77,0.84,0.05,4.14,6.83,2.8
82,85.3277,27.7051,DX/MUR+MO+MOM/LN+DNO/DY/MUR+MO+MOM/LN+DNO/HEX:5//MIX+MIX1///IRIR+TOR+POP//RC+RC1/FW+FW99/,440.5,30.26,97028.75,10469.76,0.85,0.05,161760.59,85033.55,0.85,0.06,115155.17,72209.26,0.86,0.05,72228.85,0.85,0.05,4.69,1.59,1.12
83,85.3277,27.7051,DX/CR+CIP/LFINF+DNO/DY/CR+CIP/LFINF+DNO/HEX:2/YAPP:1998/COM+COM1///IRIR+REC+SOS//RC+RC2/FC+FC2/,440.5,43.86,109040.31,7745.01,0.84,0.05,227823.52,83710.85,0.85,0.05,113060.17,125908.87,0.86,0.05,86781.91,0.85,0.05,2.22,5.84,3.63
84,85.3277,27.7051,DX/CR+CIP/LWAL+DUC/DY/CR+CIP/LWAL+DUC/HEX:9/YAPP:2008/RES+RES2E///IRRE//RC+RC2/FC+FC2/,440.5,33.25,97994.03,7654.95,0.85,0.05,203320.91,100629.37,0.85,0.05,92335.42,72513.39,0.85,0.06,71981.98,0.84,0.05,3.17,5.41,5.84
85,85.3277,27.7051,DX/MUR+CLBRS+MOC/LN+DNO/DY/MUR+CLBRS+MOC/LN+DNO/HEX:4/YAPP:1990/GOV+GOV1///IRIR+REC+SOS//RC+RC1/FC+FC1/,440.5,35.74,137987.23,8630.24,0.84,0.05,198856.51,79024.33,0.86,0.03,104616.89,92732.81,0.86,0.04,110730.77,0.85,0.06,5.81,7.24,3.21
86,85.3277,27.7051,DX/CR+CIP/LFINF+DUC/DY/CR+CIP/LFINF+DUC/HEX:4//RES+RES1///IRIR+TOR+SHC//RC+RC2/FC+FC2/,440.5,41.3,110089.31,7635.1,0.86,0.05,156343.12,94995.91,0.84,0.05,76565.13,105257.12,0.84,0.05,59261.77,0.84,0.05,2.59,3.28,2.18
87,85.3277,27.7051,DX/CU+CIP/LN+DNO/DY/CU+CIP/LN+DNO/HEX:2/YAPP:1990/RES+RES2A///IRRE//RC+RC1/FC+FC1/,440.5,40.69,106698.9,8938.56,0.84,0.04,233313.78,94826.7,0.85,0.06,134885.55,116804.41,0.85,0.05,116148.35,0.85,0.05,3.04,4.79,5.61
88,85.3277,27.7051,DX/CR+CIP/LFINF+DNO/DY/CR+CIP/LFINF+DNO/HEX:5//MIX+MIX2///IRRE//RC+RC2/FC+FC2/,440.5,32.41,92056.02,9296.11,0.85,0.05,187213.94,64483.46,0.85,0.06,100760.5,87263.2,0.85,0.05,109014.87,0.85,0.05,4.02,1.74,5.39
89,85.3277,27.7051,DX/CR+CIP/LFINF+DNO/DY/CR+CIP/LFINF+DNO/HEX:4/YPRE:1998/RES+RES2///IRIR+SET//RC+RC2/FC+FC2/,440.5,43.71,106370.46,9966.69,0.85,0.05,178634.93,68437.07,0.85,0.05,112455.09,94802.68,0.85,0.05,89949.34,0.86,0.05,3.37,2.58,3.92
90,85.3277,27.7051,DX/MUR+CLBRS+MOC/LWAL+DNO/DY/MUR+CLBRS+MOC/LWAL+DNO/HEX:2/YAPP:1996/MIX+MIX2///IRIR+TOR+SOS//RC+RC1/FC+FC1/,440.5,57.9,153601.58,9068.87,0.86,0.05,195011.48,105368.1,0.85,0.05,117145.25,102765.12,0.84,0.05,100742.92,0.84,0.05,3.31,4.85,1.05
91,85.3277,27.7051,DX/CR+CIP/LFINF+DNO/DY/CR+CIP/LFINF+DNO/HEX:4//RES+RES2C///IRIR+REC+SET//RC+RC2/FC+FC2/,440.5,35.55,74954.66,8279.37,0.85,0.05,243301.36,104551.2,0.85,0.05,67861.24,118044.87,0.85,0.05,89490.63,0.85,0.05,2.48,5.97,7.82
92,85.3277,27.7051,DX/C99/LPB+DNO/DY/C99/LPB+DNO/HEX:3//RES+RES2B///IRIR+TOR+SHC//RC+RC2/FC+FC2/,440.5,42.25,103037.72,11368.31,0.86,0.05,189831.51,65351.16,0.84,0.05,57870.91,105229.32,0.85,0.05,133323.73,0.85,0.05,3.33,3.32,3.44
93,85.3277,27.7051,DX/CR+CIP/LFINF+DNO/DY/CR+CIP/LFINF+DNO/HEX:3//MIX+MIX1///IRIR+IRHO//RC+RC2/FC+FC2/,440.5,42.46,82414.68,9763,0.85,0.05,129656.54,116679.02,0.85,0.05,137386.58,82970,0.85,0.05,131198.45,0.85,0.06,3.52,4,3.66
94,85.3277,27.7051,DX/MUR+ADO+MOM/LN+DNO/DY/MUR+ADO+MOM/LN+DNO/HEX:4/YAPP:1950/MIX+MIX2///IRIR+TOR+CHV//RC+RC1/FW+FW99/,440.5,40.73,127061.26,11275.23,0.85,0.05,238572.1,128844.97,0.85,0.05,87950.9,123201.87,0.85,0.05,81852.72,0.85,0.05,2.08,6.24,3.68
95,85.3277,27.7051,DX/CR+CIP/LFINF+DNO/DY/CR+CIP/LFINF+DNO/HEX:3/YAPP:2007/MIX+MIX1///IRIR+SHC//RC+RC2/FC+FC2/,440.5,49.82,78453.58,12832.54,0.85,0.04,204088.41,131654.93,0.85,0.04,115224.03,109221.89,0.86,0.05,125469.44,0.84,0.05,3.85,5.44,3.57
96,85.3277,27.7051,DX/CR+CIP/LFINF+DUC/DY/CR+CIP/LFINF+DUC/HEX:4//EDU+EDU2///IRIR+CHV//RC+RC2/FC+FC2/,440.5,39.76,72525.7,8172.28,0.85,0.04,221692.15,47009.42,0.85,0.05,122723.54,75171.43,0.85,0.05,96741.41,0.85,0.05,0.79,7.18,5.56
97,85.3277,27.7051,DX/CR+CIP/LFINF+DNO/DY/CR+CIP/LFINF+DNO/HEX:3/YAPP:2008/RES+RES2B///IRIR+TOR+SHC//RC+RC2/FC+FC2/,440.5,52.32,111181.01,9258.17,0.85,0.04,225337.94,94773.13,0.85,0.04,95665.13,101449.34,0.86,0.05,102038.49,0.85,0.04,1.96,6.36,2.76
98,85.3277,27.7051,DX/CR+CIP/LFINF+DNO/DY/CR+CIP/LFINF+DNO/HEX:4//EDU+EDU2///IRIR+REC+POP//RC+RC2/FC+FC2/,440.5,37.22,96753.29,11437.2,0.85,0.05,244458.92,92095.58,0.85,0.05,68928.95,94405.05,0.85,0.05,97744.27,0.85,0.04,0.95,5.59,3.93
99,85.3277,27.7051,DX/EU+ADO+MOM/LH+DNO/DY/EU+ADO+MOM/LH+DNO/HEX:2/YAPP:1976/COM+COM1///IRIR+TOR+SOS//RWO+RWO1/FE+FE99/,440.5,50.9,100144.01,12862.9,0.85,0.06,220765.07,86467.88,0.86,0.06,86195.75,96436.49,0.86,0.05,122784.35,0.84,0.06,5.51,6.12,4.42
100,85.3277,27.7051,DX/MUR+CLBRS+MOC/LWAL+DNO/DY/MUR+CLBRS+MOC/LWAL+DNO/HEX:3/YAPP:2001/RES+RES2B///IRIR+TOR+POP//RC+RC2/FC+FC2/,440.5,34.87,88933.41,8591.47,0.85,0.05,228226.41,87293.95,0.85,0.04,77233.06,87720.98,0.85,0.04,115469.22,0.86,0.05,1.65,5.33,5.98
101,85.3277,27.7051,DX/MUR+CLBRS+MOC/LFINF+DNO/DY/MUR+CLBRS+MOC/LFINF+DNO/HEX:1//COM+COM1///IRIR+REC+POP//RME+RME1//,440.5,42.51,103551.87,7103.32,0.85,0.05,194969.47,117158.72,0.85,0.04,132642.36,107018.46,0.84,0.05,117360.09,0.85,0.05,4.2,5.04,2.51
102,85.3277,27.7051,"DX/CR+CIP/LFINF+DNO/DY/CR+CIP/LFINF+DNO/HEX:3/YBET:1994,2000/RES+RES2B///IRIR+TOR+CHV//RC+RC2/FC+FC2/",440.5,42.29,126153.84,8607.94,0.85,0.06,219096.51,110704.82,0.85,0.05,102952.56,107539.07,0.85,0.05,89907.48,0.84,0.06,2.72,6.43,4.37
103,85.3277,27.7051,DX/MUR+CLBRS+MOC/LWAL+DNO/DY/MUR+CLBRS+MOC/LWAL+DNO/HEX:4/YAPP:1994/MIX+MIX2///IRIR+TOR+SOS//RC+RC2/FC+FC2/,440.5,43.35,107675.08,12821.91,0.85,0.04,194169.05,119550.98,0.85,0.05,74741.07,120179.08,0.86,0.05,98077.77,0.85,0.05,3.29,6.44,5.45
104,85.3277,27.7051,DX/CR+CIP/LFINF+DNO/DY/CR+CIP/LFINF+DNO/HEX:5//COM+COM2///IRIR+SOS//RC+RC2/FC+FC2/,440.5,48.77,61696.54,9692.54,0.85,0.05,202079.24,116605.35,0.84,0.04,98626.65,98724.39,0.85,0.05,85504.15,0.85,0.05,3.34,6.26,4.72
105,85.3277,27.7051,DX/CR+CIP/LFINF+DNO/DY/CR+CIP/LFINF+DNO/HEX:2//RES+RES2A///IRRE//RC+RC2/FC+FC2/,440.5,53.44,84992.74,9644.82,0.85,0.06,186332.1,139198.93,0.85,0.05,99135.06,98356.51,0.85,0.05,124426.38,0.85,0.04,3.16,3.93,1.64
106,85.3277,27.7051,DX/MUR+CLBRS+MOC/LWAL+DNO/DY/MUR+CLBRS+MOC/LWAL+DNO/HEX:2/YAPP:1995/RES+RES2A///IRIR+REC+SOS//RC/FC+FC1/,440.5,32.76,100118.1,9777.4,0.85,0.05,169952.09,133959.03,0.85,0.05,85069.67,72752.23,0.85,0.05,98249.49,0.85,0.04,2.96,6.96,4.15
107,85.3277,27.7051,DX/CR+CIP/LFINF+DUC/DY/CR+CIP/LFINF+DUC/HEX:3/YAPP:2009/COM+COM1///IRIR//RC+RC2/FC+FC2/,440.5,43.7,83961.06,11328.27,0.85,0.05,237124.74,109152.62,0.85,0.05,98333.77,94465.09,0.84,0.05,105569.84,0.85,0.05,1.75,4.11,6.05
108,85.3277,27.7051,DX/CR+CIP/LFINF+DNO/DY/CR+CIP/LFINF+DNO/HEX:5//RES+RES2C///IRIR+REC+SOS//RC+RC2/FC+FC2/,440.5,48.05,92339.14,13387.33,0.85,0.06,229812.12,130873.71,0.85,0.04,59926.37,128347.09,0.86,0.04,97973.51,0.86,0.05,3.01,6.26,5.1
109,85.3277,27.7051,DX/CR+CIP/LFINF+DUC/DY/CR+CIP/LFINF+DUC/HEX:2//RES+RES2A///IRIR+REC+SHC//RC+RC2/FC+FC2/,440.5,45.81,100968.14,9387.71,0.85,0.05,177615.49,112136.06,0.85,0.04,87385.19,78429,0.85,0.05,69467.34,0.85,0.04,2.05,3.21,7.2
110,85.3277,27.7051,DX/MUR+ADO+MOM/LN+DNO/DY/MUR+ADO+MOM/LN+DNO/HEX:2/YAPP:1990/RES+RES2A///IRRE//RC+RC1/FC+FC1/,440.5,35.6,51553.77,9715.06,0.84,0.05,238901.83,72355.56,0.85,0.05,109492.25,102915.1,0.85,0.05,101414.08,0.85,0.05,2.49,4.03,1.38
111,85.3277,27.7051,DX/MUR+CLBRS+MOC/LWAL+DNO/DY/MUR+CLBRS+MOC/LWAL+DNO/HEX:3/YAPP:1984/RES+RES1///IRIR+TOR+SET//RC+RC2/FC+FC2/,440.5,42.06,129338.6,10912.3,0.85,0.05,117549.54,88439.7,0.86,0.05,102777.19,82458.84,0.87,0.06,97550.34,0.85,0.05,4.1,2.15,4.22
112,85.3277,27.7051,DX/CR+CIP/LFINF+DUC/DY/CR+CIP/LFINF+DUC/HEX:8//MIX+MIX99///IRIR+IRHO+SHC//RO/FC+FC1/,440.5,42.53,67847.09,8859.71,0.85,0.06,219578.34,104210.38,0.85,0.05,95615.85,94517.82,0.84,0.05,91559.09,0.85,0.05,3.16,7.08,5.45
113,85.3277,27.7051,DX/MUR+CLBRS+MOC/LWAL+DNO/DY/MUR+CLBRS+MOC/LWAL+DNO/HEX:3/YAPP:1990/RES+RES2A///IRIR+REC+IRVO//RC+RC1/FC+FC1/,440.5,23.19,98956.45,8504.45,0.85,0.04,183553.62,129059.4,0.85,0.05,105343.67,68746.2,0.85,0.05,91252.09,0.85,0.05,6.33,2.61,2.18
114,85.3277,27.7051,DX/CR+CIP/LFINF+DUC/DY/CR+CIP/LFINF+DUC/HEX:4//COM+COM2///IRIR+REC+SOS//RC/FC/,440.5,31.46,100032.5,9683.52,0.85,0.04,260142.57,119900.53,0.86,0.05,98706.75,88350.92,0.85,0.05,96977.5,0.84,0.05,1.88,6.37,5.41
115,85.3277,27.7051,DX/CR+CIP/LFINF+DNO/DY/CR+CIP/LFINF+DNO/HEX:4/YAPP:1996/MIX+MIX1///IRIR+TOR+SHC//RC+RC2/FC+FC2/,440.5,42.29,82466.61,10579.04,0.85,0.05,228339.53,93462,0.85,0.06,133712.59,87481.28,0.85,0.05,107618.34,0.85,0.05,3.58,6.83,4.97
116,85.3277,27.7051,DX/CU+CIP/LFINF+DNO/DY/CU+CIP/LFINF+DNO/HEX:3//RES+RES2A///IRIR+REC+SET//RC+RC1/FC+FC1/,440.5,54.68,119903.44,10939.48,0.85,0.04,131813.79,117390.9,0.85,0.06,71131.19,100066.72,0.84,0.05,104034.48,0.85,0.05,3.37,3.34,4.78
117,85.3277,27.7051,DX/CR+CIP/LFINF+DNO/DY/CR+CIP/LFINF+DNO/HEX:3/YAPP:2000/RES+RES2///IRIR+TOR+SHC//RC+RC2/FC+FC2/,440.5,53.53,120102.72,8505.05,0.85,0.05,185001.18,103584.5,0.84,0.05,112757.96,101792.84,0.84,0.05,86523.45,0.86,0.05,2.19,4.9,4.62
118,85.3277,27.7051,DX/CR+CIP/LFINF+DUC/DY/CR+CIP/LFINF+DUC/HEX:3/YAPP:2006/RES+RES2B///IRIR+TOR+SHC//RC+RC2/FC+FC2/,440.5,15.66,99554.15,7214.8,0.85,0.05,224135.94,114409.93,0.85,0.05,110872.91,98660.67,0.84,0.05,97600.11,0.85,0.06,2.3,2.54,2.66
119,85.3277,27.7051,DX/CR+CIP/LFINF+DNO/DY/CR+CIP/LFINF+DNO/HEX:3/YAPP:1994/COM+COM3///IRIR+IRHO+SET//RC+RC2/FC+FC2/,440.5,48.65,101256.1,12872.03,0.85,0.06,125662.63,73911.91,0.86,0.05,87168.98,98056.71,0.84,0.05,97298.72,0.86,0.05,2.09,5.29,4.94
120,85.3277,27.7051,DX/MUR+CLBRS+MOC/LWAL+DNO/DY/MUR+CLBRS+MOC/LWAL+DNO/HEX:4/YAPP:1994/RES+RES2B///IRIR+TOR+SET//RC+RC1/FC+FC1/,440.5,29.77,98016.16,12914.83,0.85,0.06,200879.89,76493.35,0.85,0.05,102142.27,122872.79,0.85,0.03,123983.38,0.85,0.05,2.63,2.56,4.18
121,85.3277,27.7051,DX/CR+CIP/LFM+DNO/DY/CR+CIP/LFM+DNO/HEX:4//MIX+MIX2///IRRE//RC+RC2/FC+FC1/,440.5,31.57,107243.94,11166.06,0.85,0.06,172167.13,103199.68,0.86,0.05,82134.12,86090.92,0.85,0.05,122481.98,0.85,0.05,1.62,4.5,4.55
122,85.3277,27.7051,"DX/CR+CIP/LFINF+DUC/DY/CR+CIP/LFINF+DUC//YBET:2009,2011/MIX+MIX1///IRIR+SHC//RC+RC2/FC+FC2/",440.5,61.5,86989.19,14427.46,0.85,0.05,214627.83,101916.35,0.85,0.05,90812.37,103065.22,0.85,0.05,148207.09,0.85,0.05,2.27,3.2,5.63
123,85.3277,27.7051,DX/CR+CIP/LFINF+DNO/DY/CR+CIP/LFINF+DNO/HEX:3/YAPP:1995/COM+COM3///IRIR+SET//RC+RC2/FC+FC2/,440.5,44.41,98574.77,12730.92,0.85,0.05,179075.83,111694.43,0.85,0.05,81447.36,77635.25,0.85,0.05,137047.06,0.85,0.05,2.96,6.88,8.12
124,85.3277,27.7051,DX/CR+CIP/LFINF+DNO/DY/CR+CIP/LFINF+DNO/HEX:4//RES+RES2C///IRIR+TOR+IRVO//RC+RC2/FC+FC2/,440.5,45.03,79727.15,16288.58,0.85,0.06,222065.03,115122.27,0.85,0.05,85882.58,87644.6,0.85,0.05,99429.61,0.86,0.05,3.53,4.25,4.26
125,85.3277,27.7051,DX/EU+ADO+MOM/LWAL+DNO/DY/EU+ADO+MOM/LWAL+DNO/HEX:3/YAPP:1968/MIX+MIX2///IRIR+TOR+SET//RWO+RWO1/FW+FW1/,440.5,44.3,135862.42,10016.29,0.85,0.06,216083.98,81329.45,0.84,0.05,108446,131089.05,0.85,0.05,88790.95,0.85,0.04,3.38,5.17,5.85
126,85.3277,27.7051,DX/CR+CIP/LFINF+DUC/DY/CR+CIP/LFINF+DUC/HEX:3/YAPP:2004/RES+RES1///IRIR+SHC//RC+RC2/FC+FC2/,440.5,26.75,98355.4,12860.58,0.84,0.05,174392.07,111639.83,0.84,0.05,98580.75,141540.01,0.86,0.05,64449.13,0.85,0.05,4.71,4.27,6.68
127,85.3277,27.7051,DX/M99+CLBRS+MOM/LFINF+DNO/DY/M99+CLBRS+MOM/LFINF+DNO/HEX:4//MIX+MIX2///IRIR+REC+SOS//RC+RC4/FC+FC1/,440.5,37.19,72505.99,11646,0.85,0.05,223406.38,150231.91,0.86,0.05,110807.07,82965.95,0.85,0.05,108142.86,0.85,0.05,3.37,6.67,1.67
128,85.3277,27.7051,DX/CR+CIP/LFINF+DUC/DY/CR+CIP/LFINF+DUC/HEX:2//RES+RES1///IRIR+TOR+CHV//RC+RC2/FC+FC2/,440.5,18.8,88485.33,13034.82,0.85,0.06,211472.87,93719.59,0.85,0.05,102057.59,101548.84,0.85,0.05,105809.19,0.84,0.05,2.92,5.14,3.71
129,85.3174,27.712,DX/ME+MEIR/LN+DNO/DY/ME+MEIR/LN+DNO/HEX:1//IND+IND2///IRIR+TOR+IRVO//RME+RME1//,432.5,40.43,141908.53,10907.35,0.85,0.05,163568.48,78426.63,0.85,0.06,86892.91,92426.62,0.84,0.05,114065.08,0.85,0.05,3.93,6.74,5.51
130,85.3174,27.712,DX/MUR+CLBRS+MOC/LN+DNO/DY/MUR+CLBRS+MOC/LN+DNO/HEX:1//GOV+GOV1///IRRE//RM+RM3/FN/,432.5,34.45,64385.89,10320.87,0.85,0.06,170427.68,132260.59,0.85,0.04,102522.18,122827.19,0.85,0.04,77037.83,0.85,0.05,0.6,2.42,5.87
131,85.3174,27.712,DX/CR+CIP/LFINF+DUC/DY/CR+CIP/LFINF+DUC/HEX:5//COM+COM3///IRIR+TOR+SOS//RC+RC2/FC+FC1/,432.5,52.12,75898.17,9896.58,0.85,0.05,190969.36,107338.47,0.86,0.05,121609.28,107670.35,0.85,0.05,124839.32,0.85,0.05,1.51,2.93,4.41
132,85.3174,27.712,DX/W+WLI/DNO/DY/W+WLI/DNO/HEX:1/YAPP:2008/COM+COM2/////RME+RME99//,432.5,44.88,112554.28,7329.92,0.85,0.05,199712.14,110476.12,0.86,0.05,107532.41,90782.28,0.85,0.04,72574.02,0.85,0.05,1.3,6.79,9.15
133,85.3174,27.712,DX/CR+CIP/LFINF+DNO/DY/CR+CIP/LFINF+DNO/HEX:1//IND+IND2///IRRE//RC+RC2//,432.5,25.84,141253.36,10919.79,0.85,0.05,190154.34,107367.76,0.85,0.04,118374.66,99467.3,0.85,0.05,90178.58,0.85,0.05,3.99,2.95,5.23
134,85.3174,27.712,DX/CR+CIP/LFINF+DUC/DY/CR+CIP/LFINF+DUC/HEX:3//MIX+MIX2///IRIR+TOR+POP//RC+RC2/FC+FC2/,432.5,61.1,94857.42,8924.84,0.85,0.05,229346.44,106573.04,0.85,0.05,108963.82,107893.45,0.86,0.06,91039.08,0.85,0.04,3.27,4.39,3.12
135,85.3174,27.712,DX/MUR+CLBRS+MOC/LFINF+DNO/DY/MUR+CLBRS+MOC/LFINF+DNO/HEX:1/YAPP:1995/MIX+MIX2///IRIR+REC+SOS//RC+RC2//,432.5,50.85,128144.08,8861.42,0.85,0.04,207601.96,57720.95,0.85,0.05,113101.42,113148.12,0.85,0.05,97912.31,0.85,0.05,3.17,6.54,5.89
136,85.3174,27.712,DX/CR+CIP/LFINF+DNO/DY/CR+CIP/LFINF+DNO/HEX:4/YAPP:1998/GOV+GOV1///IRRE//RME+RME99/FC+FC2/,432.5,49.17,114571.3,9306.56,0.85,0.06,201851.27,79672.54,0.84,0.05,114793.11,99858.97,0.85,0.06,100542.72,0.85,0.05,2,2.68,3.14
137,85.3174,27.712,DX/MUR+MUN99+MOC/LWAL+DNO/DY/MUR+MUN99+MOC/LWAL+DNO/HEX:3/YAPP:2049/RES+RES1///IRIR//RC+RC2/FC+FC2/,432.5,41.15,100945.53,9080.87,0.85,0.05,224165.95,79858.6,0.85,0.04,101238.33,107208.8,0.85,0.05,104892.79,0.86,0.05,2.89,4.98,6.57
138,85.3174,27.712,DX/CU+CIP/LFINF+DNO/DY/CU+CIP/LFINF+DNO/HEX:2/YAPP:1965/GOV+GOV1///IRIR+REC+SHC//RME+RME1/FC+FC2/,432.5,40.74,122529.56,11732.87,0.85,0.05,168625.27,98486.52,0.86,0.05,103662.3,110934.22,0.86,0.05,141672.58,0.85,0.04,3.45,3.08,4.28
139,85.3174,27.712,DX/MUR+CLBRS+MOC/LN+DNO/DY/MUR+CLBRS+MOC/LN+DNO/HEX:1//RES+RES1///IRRE//RME+RME99/FN/,432.5,39.75,97107.25,9793.46,0.84,0.06,190422.85,93980.49,0.86,0.06,145000.11,109064.94,0.85,0.05,110510.67,0.84,0.05,1.39,3.5,2.77
140,85.3174,27.712,DX/CR+CIP/LFINF+DNO/DY/CR+CIP/LFINF+DNO/HEX:4/YAPP:2000/MIX+MIX1///IRIR+TOR+SHC//RC+RC2/FC+FC2/,432.5,43.37,71363.46,7946.6,0.85,0.05,263094.31,86215.49,0.85,0.04,116908.35,95264.93,0.85,0.05,82119.12,0.85,0.05,1.94,3.21,1.62
141,85.3174,27.712,DX/MUR+CLBRS+MOC/LWAL+DNO/DY/MUR+CLBRS+MOC/LWAL+DNO/HEX:1//IND+IND2///IRIR+TOR+POP//RME+RME99//,432.5,42.63,115440.2,11006.82,0.84,0.05,198833.48,82377.2,0.84,0.05,93316.06,89941.12,0.85,0.05,114604.1,0.85,0.05,2.13,8.4,4.86
142,85.3174,27.712,DX/MUR+CLBRS+MOM/LWAL+DNO/DY/MUR+CLBRS+MOM/LWAL+DNO/HEX:2//RES+RES2A///IRIR+TOR+POP//RC+RC2/FC+FC2/,432.5,31.69,68981.78,8212.22,0.85,0.05,205529.56,95752.63,0.85,0.06,110423.86,130026.22,0.85,0.04,86400.45,0.85,0.05,2.27,5.78,0.82
143,85.3174,27.712,DX/CR+CIP/LFINF+DNO/DY/CR+CIP/LFINF+DNO/HEX:2//COM+COM99///IRIR+TOR+SOS//RME+RME1/FC+FC2/,432.5,27.42,102681.5,10174.73,0.85,0.05,203892.6,80153.05,0.85,0.05,138134.79,86984.38,0.85,0.05,115918.82,0.85,0.04,2.72,4.78,5.14
144,85.3174,27.712,DX/CR+CIP/LFINF+DUC/DY/CR+CIP/LFINF+DUC/HEX:5//COM+COM3///IRIR+TOR+SOS//RC+RC2/FC+FC2/,432.5,37.94,81194.11,10453.94,0.85,0.06,166954.56,86092.03,0.85,0.05,86030.2,104326.22,0.86,0.04,118802.75,0.84,0.05,2.24,7.47,4.15
145,85.3174,27.712,DX/M99+MUN99+MOC/LFM+DNO/DY/M99+MUN99+MOC/LFM+DNO/HEX:3/YAPP:1989/MIX+MIX1///IRRE//RC+RC2/FM+FM3/,432.5,40.96,101722.25,10831.05,0.86,0.05,225428.12,110687.03,0.85,0.05,105072.75,73725.36,0.85,0.05,100509.14,0.85,0.04,0.76,3.05,0.64
146,85.3174,27.712,DX/MUR+CLBRS+MOC/LN+DNO/DY/MUR+CLBRS+MOC/LN+DNO//YAPP:20001/GOV+GOV1///IRRE//RME+RME1/FC+FC1/,432.5,43.64,114157.62,11404.57,0.86,0.05,216758.72,101373.91,0.85,0.06,120234.11,122828.93,0.86,0.04,104045.44,0.85,0.06,2.85,4.92,4.02
147,85.3174,27.712,"DX/CR+CIP/LFINF+DNO/DY/CR+CIP/LFINF+DNO/HEX:3/YBET:1979,1985/ASS+ASS1///IRIR+REC+SHC//RC+RC2/FC+FC2/",432.5,32.12,82882.89,10963.01,0.86,0.05,231180.9,58502.72,0.85,0.05,92667.33,89765.41,0.84,0.04,132389.06,0.85,0.05,1.64,6.17,10.9
148,85.3174,27.712,DX/MUR+CBS+MOC/LFINF+DNO/DY/MUR+CBS+MOC/LFINF+DNO/HEX:1//IND+IND2///IRIR+TOR+SOS//RME+RME1//,432.5,41.58,91180.64,7678.85,0.85,0.05,231245.46,167977.29,0.84,0.04,79720.05,111523.39,0.84,0.06,126290.56,0.85,0.06,1.68,5.26,4.81
149,85.3174,27.712,DX/MUR+CLBRS+MOC/LN+DNO/DY/MUR+CLBRS+MOC/LN+DNO/HEX:1/YAPP:1950/COM+COM1///IRIR+IRHO+SOS//RO/FN/,432.5,41.91,82586.73,12437.33,0.85,0.05,223168.83,99554.39,0.85,0.05,139455.6,83611.09,0.85,0.05,144158.75,0.85,0.04,2.94,7.69,3.61
150,85.3174,27.712,DX/C99+CIP/DNO/DY/C99+CIP/DNO/HEX:4/YAPP:1992/GOV+GOV1///IRIR+TOR//RC+RC1/FC+FC1/,432.5,45.41,52376.74,12837.81,0.86,0.05,230709.61,113490.24,0.85,0.05,109788.43,121395.5,0.85,0.06,84331.45,0.84,0.05,3.94,2.43,3.95
151,85.3331,27.7128,DX/MUR+CLBRS+MOL/LFINF+DNO/DY/MUR+CLBRS+MOL/LFINF+DNO/HEX:3/YAPP:1944/COM+COM99///IRIR+REC+SHC//RWO+RWO1/FW+FW2/,523.7,26.65,80443.89,12565.18,0.85,0.05,179234.09,90749.38,0.85,0.04,102742.91,119419.07,0.85,0.05,66978.36,0.85,0.05,2.72,2.7,5.02
152,85.3331,27.7128,DX/CR+CIP/LFINF+DNO/DY/CR+CIP/LFINF+DNO/HEX:3//RES+RES1///IRIR+REC+SET//RC+RC2/FC+FC2/,523.7,43.74,98669.03,6092.58,0.86,0.05,217074.81,146715.61,0.85,0.05,96059.89,111053.35,0.85,0.06,104133.26,0.85,0.05,2.58,4.5,4.56
153,85.3331,27.7128,DX/M99+CLBRS+MOC/LWAL+DNO/DY/M99+CLBRS+MOC/LWAL+DNO/HEX:3//RES///IRIR+TOR+POP//RC+RC1/FC+FC1/,523.7,27.18,99094.34,9206.89,0.86,0.05,219646.86,112490.59,0.84,0.04,97923.45,61518.06,0.86,0.05,109238.59,0.85,0.05,2.89,7.09,5.88
154,85.3331,27.7128,DX/CR+CIP/LFINF+D99/DY/CR+CIP/LFINF+D99/HEX:3/YAPP:2012/RES+RES2B///IRIR+TOR+SET//RC+RC2/FC+FC2/,523.7,43.3,86174.29,10188.65,0.84,0.06,199535.04,94981.13,0.85,0.05,95825.1,95583.62,0.85,0.06,110740.88,0.84,0.04,3.4,5.51,9.9
155,85.3331,27.7128,"DX/MUR+CLBRS+MOC/LWAL+DNO/DY/MUR+CLBRS+MOC/LWAL+DNO/HEX:2/YBET:1995,1999/COM+COM3///IRIR+SHC//RC+RC2/FC+FC2/",523.7,58.41,104524.66,10371.04,0.86,0.05,229341.29,101969.12,0.84,0.05,91597.93,102177.55,0.85,0.05,120719.38,0.85,0.06,2.51,3.61,2.5
156,85.3331,27.7128,DX/CR+CIP/LFINF+D99/DY/CR+CIP/LFINF+D99/HEX:3/YAPP:2011/RES+RES2A///IRIR+TOR+SET//RC+RC2/FC+FC2/,523.7,61.3,112820.84,10567.84,0.85,0.06,215305.07,82621.07,0.85,0.04,81745.26,96860.57,0.85,0.05,113326.05,0.85,0.06,4.5,5.13,7.55
157,85.3331,27.7128,DX/CU+CIP/LFINF+DNO/DY/CU+CIP/LFINF+DNO/HEX:3//RES+RES1///IRIR+REC+SET//RC+RC1/FC+FC1/,523.7,50.18,102735.66,11616.25,0.85,0.05,184960.32,72078.92,0.85,0.05,69602.01,112161.98,0.85,0.04,110789.72,0.85,0.05,2.78,6.64,4.42
158,85.3331,27.7128,DX/MUR+CLBRS+MOC/LFINF+DNO/DY/MUR+CLBRS+MOC/LFINF+DNO/HEX:2//RES+RES1///IRIR+SOS//RC+RC2/FC+FC2/,523.7,30.63,123203.94,11191.01,0.84,0.04,259879.43,133310.86,0.85,0.05,107418.32,31639.3,0.84,0.04,141158.71,0.85,0.06,4.86,1.45,4.25
159,85.3331,27.7128,DX/MUR+CLBRS+MOC/LWAL+DNO/DY/MUR+CLBRS+MOC/LWAL+DNO/HEX:3/YPRE:1997/EDU+EDU2///IRIR+CHV//RME+RME1/FC+FC2/,523.7,41.12,128306.71,11092.29,0.85,0.05,199727.63,73348.67,0.85,0.05,85278.27,98517.36,0.84,0.05,110149.88,0.85,0.06,1.86,3.08,4.96
160,85.3331,27.7128,DX/MUR+CLBRS+MOC/LWAL+DNO/DY/MUR+CLBRS+MOC/LWAL+DNO/HEX:3/YPRE:1980/RES+RES2///IRRE//RWO+RWO1/FW+FW1/,523.7,34.42,120277.74,9400.61,0.85,0.05,192787.39,96082.11,0.84,0.05,109447.07,149155.73,0.85,0.06,111726.28,0.85,0.06,2.81,1.96,7.63
161,85.3331,27.7128,DX/MUR+CLBRS+MOC/LWAL+DNO/DY/MUR+CLBRS+MOC/LWAL+DNO/HEX:3/YAPP:1990/RES+RES2A///IRIR+TOR+SOS//RME+RME99/FW+FW1/,523.7,48.84,74847.23,11384.07,0.85,0.05,158290.25,71361.6,0.85,0.05,144991.55,111481.09,0.86,0.04,86228,0.85,0.05,2.64,3.08,3.11
162,85.3331,27.7128,DX/CR+CIP/LFINF+DNO/DY/CR+CIP/LFINF+DNO/HEX:4//COM+COM6///IRIR+TOR+SHC//RC+RC2/FC+FC2/,523.7,34.97,117070.86,11150.65,0.86,0.05,193721.6,62732.17,0.85,0.05,70286.65,116557.11,0.86,0.05,76282.12,0.85,0.05,3.43,2.81,0.85
163,85.3331,27.7128,DX/CR+CIP/LFINF+DUC/DY/CR+CIP/LFINF+DUC/HEX:3//RES+RES2A///IRRE//RC+RC2/FC+FC2/,523.7,22.84,58795.37,11675.31,0.85,0.05,201810.17,76490.75,0.86,0.05,119021.14,103595.34,0.84,0.05,100106.85,0.84,0.05,2.9,2.9,8.34
164,85.3331,27.7128,DX/MUR+CLBRS+MOC/LWAL+DNO/DY/MUR+CLBRS+MOC/LWAL+DNO/HEX:1/YPRE:2009/IND+IND2///IRIR+TOR+SOS//RME+RME1/FN/,523.7,20.27,112728.45,12181.39,0.85,0.04,160786.98,102629.12,0.85,0.05,94697.58,79345.76,0.85,0.05,93025.89,0.86,0.05,3.26,6.54,3.71
165,85.3331,27.7128,"DX/CR+CIP/LFINF+DNO/DY/CR+CIP/LFINF+DNO/HEX:3/YBET:1995,1996/COM+COM3///IRIR+SOS//RC+RC2/FC+FC2/",523.7,55.59,97459.7,10070.28,0.85,0.04,245349.22,75614.36,0.85,0.05,114538,107642.8,0.85,0.05,86857.72,0.85,0.05,4.1,6.1,5.65
166,85.3331,27.7128,DX/CR+CIP/LFINF+DUC/DY/CR+CIP/LFINF+DUC/HEX:4//MIX+MIX2///IRIR+TOR+SHC//RC+RC2/FC+FC2/,523.7,50.66,68778.2,8598.54,0.85,0.04,180849.61,116073.84,0.84,0.06,77262.07,92616.55,0.85,0.04,63690.94,0.85,0.05,2.23,5.59,4.36
167,85.3331,27.7128,DX/CR+CIP/LFINF+DNO/DY/CR+CIP/LFINF+DNO/HEX:1/YPRE:2007/RES+RES1///IRIR+TOR+POP//RC+RC2/FN+FC2/,523.7,30.73,121433.46,8956.55,0.85,0.05,211482.62,77558.16,0.85,0.04,98182.98,107448.76,0.85,0.05,79172.94,0.85,0.06,3,2.31,4.8
168,85.3331,27.7128,DX/CR+CIP/LFINF+DNO/DY/CR+CIP/LFINF+DNO/HEX:5//MIX+MIX1///IRIR+TOR+SHC//RC+RC2/FC+FC2/,523.7,46.16,86080.31,8740.56,0.84,0.05,217230.4,101296.46,0.85,0.05,113359.76,103369.03,0.85,0.05,111008.14,0.85,0.05,3.46,5.22,4.99
169,85.3331,27.7128,DX/CR+CIP/LFINF+DNO/DY/CR+CIP/LFINF+DNO/HEX:2//RES+RES1///IRIR+TOR+POP//RC+RC2/FC+FC2/,523.7,24.58,113642.79,10808.61,0.86,0.05,195573.66,79531.47,0.85,0.06,144517.49,87851.58,0.85,0.05,94724.4,0.84,0.05,3,2.98,1.9
170,85.3331,27.7128,DX/CR+CIP/LFINF+DUC/DY/CR+CIP/LFINF+DUC/HEX:3//RES+RES2B///IRIR+IRHO+SHC//RC+RC2/FC+FC1/,523.7,46.56,91706.22,12789.46,0.84,0.04,224404.84,107559.95,0.85,0.05,74404.4,88834.13,0.85,0.05,113679.46,0.85,0.05,2.21,6.05,8.09
171,85.3331,27.7128,DX/CR+CIP/LFINF+DUC/DY/CR+CIP/LFINF+DUC/HEX:5//MIX+MIX1///IRIR+SET//RC+RC2/FC+FC2/,523.7,51.32,110388.43,13799.34,0.85,0.05,167759.14,77398.74,0.85,0.05,83111.41,93002.54,0.86,0.05,105987.76,0.86,0.05,2.53,6.85,2.96
172,85.3331,27.7128,"DX/MUR+CLBRS+MOM/DNO/DY/MUR+CLBRS+MOM/DNO/HEX:2/YBET:1980,1983/EDU+EDU1///IRIR+IRHO+CHV//RME+RME1/FC+FC1/",523.7,27.69,127479.37,9673.41,0.85,0.06,194813.59,57812.7,0.85,0.06,149192.19,71554.2,0.85,0.05,122822.28,0.85,0.04,1.6,7.78,2.85
173,85.3331,27.7128,DX/MUR+ADO+MOC/LN+DNO/DY/MUR+ADO+MOC/LN+DNO/HEX:1/YAPP:1960/RES+RES1///IRRE//RC+RC1/FN/,523.7,47.72,85252.29,10815.46,0.85,0.04,215010.04,124454.44,0.85,0.05,85885.05,111102.89,0.86,0.05,107475.73,0.85,0.05,3.54,4.4,0.24
174,85.3331,27.7128,DX/MUR+CL99+MOC/LWAL+DNO/DY/MUR+CL99+MOC/LWAL+DNO/HEX:1/YAPP:2010/COM+COM3///IRIR+POP//RME+RME1/FN/,523.7,32.05,125693.43,9732.94,0.86,0.05,235404.45,88115.65,0.85,0.05,112870.1,104080.72,0.86,0.06,150670,0.85,0.06,3.1,4.99,4.63
175,85.3331,27.7128,DX/MUR+CLBRS+MOC/LN+DNO/DY/MUR+CLBRS+MOC/LN+DNO///COM+COM5///IRRE//RME+RME1/FC+FC1/,523.7,49.82,57839.87,3581.23,0.85,0.06,225698.27,70712.29,0.85,0.05,124482.76,89600.92,0.85,0.05,79819.93,0.85,0.06,4.23,6.84,1.32
176,85.3331,27.7128,DX/MUR+CLBRS+MOC/LWAL+DNO/DY/MUR+CLBRS+MOC/LWAL+DNO/HEX:3/YAPP:1980/MIX+MIX1///IRIR+TOR+POP//RME+RME1/FC+FC1/,523.7,58.79,101923.13,10068.73,0.86,0.05,189134.13,110236.75,0.85,0.06,116906.55,125371.94,0.84,0.04,101373.72,0.85,0.05,2.77,3.62,1.82
177,85.3331,27.7128,DX/M99+ADO+MOM/LN+DNO/DY/M99+ADO+MOM/LN+DNO/HEX:3/YAPP:1950/RES+RES2A///IRIR+REC+IRVO//RWO+RWO1/FW+FW99/,523.7,34.41,96126.04,7557.72,0.86,0.05,214290.86,119536.37,0.86,0.04,127908.29,102274.23,0.85,0.04,98287.58,0.84,0.05,3.61,3.57,7.84
178,85.3331,27.7128,DX/MUR+CLBRS+MOC/LWAL+DUC/DY/MUR+CLBRS+MOC/LWAL+DUC/HEX:1/YAPP:2002/RES+RES1///IRIR+TOR+POP//RC+RC1//,523.7,53.57,117257.07,10320.95,0.85,0.05,162786.99,127408.78,0.85,0.05,120341.42,120225.94,0.85,0.04,101111.18,0.85,0.04,3,6.16,2.63
179,85.3331,27.7128,DX/CR+CIP/LFINF+DNO/DY/CR+CIP/LFINF+DNO/HEX:4//MIX+MIX1///IRIR+TOR+SHC//RC+RC2/FC+FC2/,523.7,26.12,110894.96,11072.32,0.85,0.06,209123.45,100471.5,0.85,0.05,130121.04,135460.09,0.85,0.05,85319.97,0.84,0.05,4.64,9.04,3.5
180,85.3331,27.7128,DX/CR+CIP/LFINF+DNO/DY/CR+CIP/LFINF+DNO/HEX:4//RES+RES2A///IRIR+POP//RC+RC2/FC+FC2/,523.7,17.97,129948,10845.54,0.84,0.05,154918.5,115721.52,0.85,0.05,131356.99,100914.18,0.86,0.05,81340.95,0.86,0.04,3.69,6.66,6
181,85.3331,27.7128,DX/CR+CIP/LFINF+DUC/DY/CR+CIP/LFINF+DUC/HEX:2/YAPP:2012/RES+RES1///IRIR//RC+RC2/FC+FC2/,523.7,44.26,86229.09,11947.99,0.84,0.04,245075.05,89178.97,0.84,0.05,76983.85,59408.41,0.85,0.05,99988.18,0.84,0.05,2.21,2.22,3.39
182,85.3331,27.7128,DX/CR+CIP/LFINF+D99/DY/CR+CIP/LFINF+D99/HEX:3//RES+RES1///IRIR+SET//RC+RC2/FC+FC2/,523.7,36.99,97268.78,10711.79,0.85,0.05,196763.61,111208.78,0.85,0.06,119400.29,88545.79,0.85,0.05,96942.62,0.86,0.04,3.16,4.62,4.52
183,85.3331,27.7128,"DX/CR+CIP/LFINF+DNO/DY/CR+CIP/LFINF+DNO/HEX:2/YBET:2001,2002/RES+RES2A///IRRE//RC+RC2/FC+FC2/",523.7,46.78,85216.03,10433.78,0.85,0.05,175309.26,89049.03,0.85,0.06,133071.9,129301.3,0.85,0.05,118652.74,0.86,0.04,2.74,5.93,7.05
184,85.3331,27.7128,DX/MUR+CLBRS+MOC/LFINF+DNO/DY/MUR+CLBRS+MOC/LFINF+DNO/HEX:3//RES+RES2B///IRIR+SHC//RC+RC1/FC+FC1/,523.7,36.42,134688,10079.63,0.85,0.06,184091.3,130145.13,0.85,0.05,112504.92,110086.42,0.85,0.05,109424.02,0.85,0.05,2.28,3.7,1.4
185,85.3331,27.7128,DX/CR+CIP/LFINF+D99/DY/CR+CIP/LFINF+D99/HEX:2//RES+RES2A///IRIR+TOR//RC+RC2/FC+FC2/,523.7,55.81,98529.76,6954.49,0.85,0.05,194300.78,115154.44,0.86,0.05,119850.53,144670.05,0.86,0.06,120074.89,0.85,0.05,2.78,2.98,5.56
186,85.3331,27.7128,DX/S+S99/LPB+DNO/DY/S+S99/LPB+DNO/HEX:1//RES+RES2B///IRIR+POP//RME+RME1/FN/,523.7,38.49,93024.78,8713.08,0.85,0.04,178483.83,103657.44,0.85,0.05,100687.43,105588.72,0.85,0.06,141746.42,0.85,0.04,2.74,3.98,0.13
187,85.3331,27.7128,DX/MUR+CLBRS+MOM/LWAL+DNO/DY/MUR+CLBRS+MOM/LWAL+DNO/HEX:1/YAPP:2012/MIX+MIX2///IRIR+TOR//RME+RME1/FN/,523.7,45.28,89942.51,13268.2,0.84,0.05,233887.15,94731.5,0.85,0.05,126211.04,72475.18,0.86,0.05,108203.76,0.84,0.05,4.02,7.35,2.72
188,85.3331,27.7128,DX/CR+CIP/LFINF+DNO/DY/CR+CIP/LFINF+DNO/HEX:4//RES+RES2B///IRIR+REC+SET//RC+RC2/FC+FC2/,523.7,37.1,75800.47,12456.25,0.86,0.05,217832.31,115765.5,0.85,0.05,120990.8,106899.42,0.86,0.05,99147.19,0.85,0.05,1.96,7.97,3.32
189,85.3331,27.7128,DX/CR+CIP/LFINF+DUC/DY/CR+CIP/LFINF+DUC/HEX:4/YAPP:2005/MIX+MIX1///IRIR+TOR+SHC//RC+RC2/FC+FC2/,523.7,44.17,142159.73,8771.79,0.85,0.05,214415.61,91913.37,0.86,0.05,141653.31,91117.2,0.86,0.05,118674.51,0.85,0.06,2.42,5.01,3.78
190,85.3331,27.7128,DX/CR+CIP/LFINF+D99/DY/CR+CIP/LFINF+D99/HEX:3//RES+RES1///IRIR+IRHO+SHC//RC+RC2/FC+FC2/,523.7,46.22,107236.28,7407.72,0.85,0.05,195891.65,84298.6,0.86,0.04,159798.95,112417.71,0.85,0.06,52459.27,0.85,0.06,2.4,9.27,4.12
191,85.3331,27.7128,DX/MUR+CLBRS+MOC/LFINF+DNO/DY/MUR+CLBRS+MOC/LFINF+DNO/HEX:1/YAPP:1990/RES+RES1///IRIR+TOR+SHC//RC+RC2//,523.7,51.7,99377.67,9810.67,0.85,0.06,200456.25,105386.97,0.86,0.05,117360.97,90775.77,0.85,0.04,98708.81,0.85,0.04,3.23,5.39,3.73
192,85.3331,27.7128,DX/CR+CIP/LFINF+D99/DY/CR+CIP/LFINF+D99/HEX:1//RES+RES1///IRIR+REC+SHC//RC+RC2/FC+FC2/,523.7,50.46,91099.57,6537.82,0.85,0.04,200234.83,77780.21,0.85,0.06,88094.26,82135.77,0.85,0.05,126740.22,0.85,0.04,3.57,4.8,5.17
193,85.3331,27.7128,DX/MUR+CLBRS+MOC/LWAL+DNO/DY/MUR+CLBRS+MOC/LWAL+DNO/HEX:2/YAPP:1990/RES+RES2A///IRIR+REC//RC+RC1/FC+FC1/,523.7,39.21,114283.12,7953.86,0.85,0.05,162130.81,104752.06,0.84,0.05,96414.59,110105.93,0.85,0.05,102927.62,0.84,0.05,3.87,4.21,3.87
194,85.3331,27.7128,DX/CR+CIP/LFINF+DNO/DY/CR+CIP/LFINF+DNO/HEX:3/YAPP:2006/RES+RES2A///IRIR+TOR+SHC//RC+RC2/FC+FC2/,523.7,63.39,71258.77,9484.1,0.85,0.04,208065.5,98839.01,0.85,0.05,102366,86891.71,0.85,0.05,96683.36,0.86,0.05,2.25,2.04,2.55
195,85.3331,27.7128,DX/MUR+CLBRS+MOC/LFINF+DNO/DY/MUR+CLBRS+MOC/LFINF+DNO/HEX:2/YAPP:1995/RES+RES2A///IRRE//RC+RC2/FC+FC2/,523.7,53.33,84739.45,9736.61,0.85,0.06,205907.87,109265.24,0.85,0.05,69376.82,73827.33,0.85,0.05,91604.44,0.86,0.06,2.36,5.86,6.04
196,85.33,27.711,DX/CU+CIP/LFINF+DNO/DY/CU+CIP/LFINF+DNO/HEX:5/YAPP:1998/RES+RES2C///IRIR+SET//RC/FC+FC2/,420.1,37.26,130624.69,11375.41,0.86,0.04,181401.1,112012.24,0.84,0.04,123847.67,60675.37,0.85,0.06,107671,0.84,0.05,3.99,3.55,1.96
197,85.33,27.711,DX/S+SO+WEL/LO+DUC/DY/S+SO+WEL/LO+DUC/HEX:1/YAPP:2008/COM+COM99///IRIR+REC+POP//RME+RME1//,420.1,47.15,110989.7,9873.66,0.85,0.05,184260.85,94895.44,0.86,0.05,79787.13,85394.83,0.85,0.05,90969.39,0.85,0.05,2.06,4.83,3.73
198,85.33,27.711,DX/CR+CIP/LFINF+DUC/DY/CR+CIP/LFINF+DUC/HEX:4/YAPP:2009/RES+RES2///IRIR+SET//RC+RC2/FC+FC2/,420.1,34.27,109535.24,9110.92,0.85,0.06,241101.87,74373.68,0.85,0.05,123064.26,95037.06,0.84,0.05,92900.41,0.85,0.05,4.85,4.09,2.47
199,85.33,27.711,DX/CR+CIP/LFINF+DNO/DY/CR+CIP/LFINF+DNO/HEX:2/YPRE:2008/RES+RES1///IRIR+REC+POP//RC+RC2/FC+FC2/,420.1,35.95,104635.53,9525.47,0.85,0.05,144486.62,100734.46,0.85,0.05,73441.1,88299.68,0.85,0.05,123926.21,0.86,0.05,1.46,7.39,0.9
200,85.33,27.711,DX/MUR+CLBRS+MOC/LN+DNO/DY/MUR+CLBRS+MOC/LN+DNO/HEX:3/YAPP:2000/MIX+MIX2///IRIR+REC//RC+RC1/FC+FC1/,420.1,35.39,87628.18,7827.24,0.85,0.04,194978.28,78144.66,0.85,0.05,94117.15,86625.19,0.85,0.05,113559.06,0.85,0.05,3.64,4.99,4
201,85.33,27.711,"DX/MUR+CLBRS+MOC/LFINF+DNO/DY/MUR+CLBRS+MOC/LFINF+DNO/HEX:4/YBET:1980,1982/RES+RES2B///IRIR+SHC//RC+RC2/FC+FC2/",420.1,53.41,81384.71,11712.02,0.84,0.05,186749.62,78080.12,0.85,0.04,131597.41,127492.19,0.85,0.06,117219.83,0.85,0.05,2.47,7.84,3.6
202,85.33,27.711,DX/CR+CIP/LPB+DNO/DY/CR+CIP/LPB+DNO/HEX:2/YAPP:1995/RES+RES2B///IRRE//RC+RC2/FC+FC2/,420.1,32.37,141777.51,14626.27,0.85,0.06,220939.83,115441.87,0.85,0.05,107119.79,105021.29,0.85,0.05,82324.45,0.85,0.05,2.57,5.02,1.44
203,85.33,27.711,DX///DY////////////,420.1,17.4,83264.89,12374.14,0.85,0.06,180041.01,98388.36,0.85,0.05,83237.57,75175.34,0.85,0.05,68526.88,0.86,0.04,3.68,6.26,2.21
204,85.33,27.711,DX/MUR+CLBRS+MOC/LWAL+DNO/DY/MUR+CLBRS+MOC/LWAL+DNO/HEX:1/YAPP:2010/COM+COM5///IRRE//RME+RME1/FN/,420.1,36.96,111874.79,9464.04,0.86,0.05,239457.56,92955.28,0.85,0.05,102683.38,107577.76,0.85,0.05,89826.36,0.86,0.05,1.68,8.41,0.12
205,85.33,27.711,DX/MUR+CLBRS+MOC/LWAL+DNO/DY/MUR+CLBRS+MOC/LWAL+DNO/HEX:2/YAPP:1994/RES+RES1///IRRE//RC+RC2/FC+FC2/,420.1,27.53,121501.03,10534.84,0.85,0.05,229647.09,86741.23,0.84,0.05,94105.76,150052.79,0.85,0.05,89247.42,0.84,0.05,3.43,6.98,3.28
206,85.33,27.711,DX/MUR+CLBRS/LPB+DNO/DY/MUR+CLBRS/LPB+DNO/HEX:3//RES+RES1///IRIR+IRHO+CHV//RC+RC1/FC+FC1/,420.1,52.72,117595.99,8346.75,0.85,0.06,165075.57,123733.12,0.85,0.04,87383.13,110099.96,0.85,0.05,119240.29,0.86,0.05,4.76,5.82,3.86
207,85.33,27.711,DX/MUR+CLBRS+MOC/LWAL+DNO/DY/MUR+CLBRS+MOC/LWAL+DNO/HEX:3/YAPP:1996/RES+RES2A///IRIR+POP//RC+RC1/FC+FC1/,420.1,33.21,78127.8,12336.21,0.86,0.05,176762.88,119143.07,0.85,0.05,126296.94,94368.06,0.86,0.05,143442.88,0.85,0.06,3.44,5.29,4.14
208,85.33,27.711,DX/CR+CIP/LFINF+DUC/DY/CR+CIP/LFINF+DUC/HEX:3//RES+RES2A///IRRE//RC+RC2/FC+FC2/,420.1,43.43,101464.26,8823.6,0.84,0.05,202583.84,114898.87,0.84,0.05,104443.3,139298.92,0.86,0.05,125839.56,0.85,0.05,2.37,6.77,5.26
209,85.33,27.711,DX/MR+ADO+MOM+MR99/LO+DNO/DY/MR+ADO+MOM+MR99/LO+DNO/HEX:3/YAPP:1918/COM+COM6///IRRE//RO+RFAO/FW+FM99/,420.1,42.74,54835.01,12260.93,0.85,0.05,199634.17,76494.56,0.85,0.04,98323.67,113452.43,0.85,0.06,89555.57,0.85,0.06,3.8,-0.48,3.66
210,85.33,27.711,DX/CR+CIP/LFINF+DUC/DY/CR+CIP/LFINF+DUC/HEX:2/YAPP:1980/RES+RES2C///IRIR+TOR+SHC//RC+RC2/FC+FC2/,420.1,36.32,117982.1,8709.21,0.85,0.05,169797.16,83598.79,0.85,0.05,101351.94,110682.36,0.86,0.04,115988.64,0.85,0.05,2.13,4.88,2.62
211,85.33,27.711,DX/MUR+CLBRS+MOC/LWAL+DNO/DY/MUR+CLBRS+MOC/LWAL+DNO/HEX:1//RES+RES2A///IRIR+TOR+POP//RME+RME1/FC+FC1/,420.1,20.03,120419.12,9305.37,0.85,0.05,243504.95,124588.17,0.85,0.05,91479.14,96668.32,0.85,0.05,77885.21,0.85,0.06,2.98,8.85,3.47
212,85.33,27.711,DX/MUR+CLBRS+MOC/LWAL+DNO/DY/MUR+CLBRS+MOC/LWAL+DNO/HEX:3/YAPP:1996/RES+RES2A///IRIR+TOR+POP//RC+RC1/FC+FC1/,420.1,30.96,118155.06,10876.56,0.85,0.05,227560.66,82140.43,0.84,0.05,106376.04,115632.4,0.85,0.05,104210.59,0.85,0.05,4.83,4.69,6.91
213,85.33,27.711,DX/CR+CIP/LFINF+DNO/DY/CR+CIP/LFINF+DNO/HEX:2/YAPP:2000/RES+RES2B///IRRE//RC+RC2/FC+FC2/,420.1,51.49,87872.23,12657.42,0.85,0.05,168935.72,126080.31,0.83,0.04,109596.62,101138.34,0.85,0.05,82187.98,0.85,0.05,3.13,5.6,4.29
214,85.33,27.711,DX/MUR+CLBRS+MOC/LWAL+DNO/DY/MUR+CLBRS+MOC/LWAL+DNO/HEX:1/YPRE:2000/RES+RES1///IRRE//RC+RC2/FN+FC2/,420.1,47.36,92767.9,9752.44,0.85,0.05,232618.26,76001.35,0.85,0.04,133167.8,62223.36,0.86,0.05,118864.47,0.86,0.05,3.53,4.74,3.32
215,85.33,27.711,DX/CR+CIP/LFINF+D99/DY/CR+CIP/LFINF+D99/HEX:3/YAPP:2006/RES+RES3///IRIR+TOR+SET//RC+RC2/FC+FC2/,420.1,38.4,119299.95,11498.3,0.84,0.05,182330.67,93802.26,0.85,0.05,90351.06,91417.71,0.85,0.05,68526.01,0.85,0.04,3.2,4.61,7
216,85.33,27.711,DX/MUR+CLBRS+MOM/LPB+DNO/DY/MUR+CLBRS+MOM/LPB+DNO/HEX:3//RES+RES1///IRIR+TOR+SET//RM+RM99/FM+FM99/,420.1,49.79,118682.52,9094.12,0.85,0.06,192668.47,112848.99,0.85,0.05,105423.23,90136.45,0.85,0.04,103238.14,0.85,0.05,6.14,1.75,3.86
217,85.33,27.711,"DX/CR+CIP/LFINF+DNO/DY/CR+CIP/LFINF+DNO/HEX:3/YBET:2006,2008/RES+RES2B///IRIR+TOR+SHC//RC+RC2/FC+FC2/",420.1,41.43,87410.47,11088.1,0.85,0.05,164488.14,111644.73,0.85,0.05,108396.58,124335.57,0.85,0.05,75745.22,0.84,0.05,3.22,5.03,1.74
218,85.33,27.711,DX/CR+CIP/LFINF+DNO/DY/CR+CIP/LFINF+DNO/HEX:2/YAPP:1994/MIX+MIX1///IRIR+TOR+SET//RC+RC2/FC+FC2/,420.1,45.77,119850.49,11489.08,0.85,0.05,270759.15,78186.96,0.85,0.05,109390.95,130780.79,0.84,0.05,102463.65,0.85,0.06,2.5,3.41,2.82
219,85.33,27.711,DX/MUR+CLBRS+MOC/LWAL+DNO/DY/MUR+CLBRS+MOC/LWAL+DNO/HEX:1/YAPP:2012/COM+COM1///IRIR+TOR//RWO+RWO1/FN/,420.1,32.66,116748.08,6923.27,0.85,0.05,217897.05,70104.32,0.85,0.05,66661.29,107479.36,0.85,0.05,109353.51,0.85,0.05,2.66,4.09,3.81
220,85.33,27.711,DX/MUR+CLBRS+MOC/LWAL+DNO/DY/MUR+CLBRS+MOC/LWAL+DNO/HEX:3/YAPP:1996/EDU+EDU2/////RC+RC1/FC+FC1/,420.1,49.51,115522.8,12060.56,0.85,0.05,176868.82,47213.25,0.85,0.05,93101.41,114900.32,0.85,0.05,104626.98,0.85,0.05,3.37,5.25,6.36
221,85.33,27.711,DX/CR+CIP/LFINF+D99/DY/CR+CIP/LFINF+D99/HEX:4/YPRE:2011/MIX+MIX1///IRIR+REC+SET//RC+RC2/FC+FC2/,420.1,17.55,89631.4,10376.1,0.85,0.04,161543.73,119663.49,0.85,0.05,129894.01,72507.11,0.85,0.05,124090.93,0.85,0.05,5.02,5.57,3.14
222,85.33,27.711,DX/MUR+CLBRS+MOC/LFINF+DNO/DY/MUR+CLBRS+MOC/LFINF+DNO/HEX:3//RES+RES2B///IRRE//RC+RC1/FC+FC1/,420.1,34.66,99962.77,12340.44,0.85,0.06,208151.4,79648.13,0.85,0.04,96997.84,113806.07,0.85,0.05,100244.57,0.85,0.04,2.13,0.99,0.62
223,85.33,27.711,DX/MUR+CLBRS+MOCL/LFINF+DNO/DY/MUR+CLBRS+MOCL/LFINF+DNO/HEX:4//RES///IRIR+REC+SET//RC+RC1/FC+FC1/,420.1,25.2,73433.52,12718.55,0.85,0.04,193647.49,73691.6,0.86,0.05,78516.5,69167.4,0.85,0.05,75457.39,0.85,0.06,3.24,3.65,1.04
224,85.33,27.711,"DX/MUR+CLBRS+MOM/LWAL+DNO/DY/MUR+CLBRS+MOM/LWAL+DNO/HEX:2/YBET:1960,1965/RES+RES2A///IRIR+TOR+SHC//RC+RC1/FC+FC1/",420.1,46.89,78654.6,12092.02,0.85,0.06,151993.35,67410.63,0.85,0.05,106037.2,117047.44,0.85,0.05,66630.67,0.85,0.05,1.97,3.55,3.25
225,85.33,27.711,DX/SRC+CIP/LFINF+DUC/DY/SRC+CIP/LFINF+DUC/HEX:3//MIX+MIX1///IRIR+TOR+SHC//RC+RC2/FC+FC2/,420.1,48.34,113582.3,8719.78,0.85,0.05,234687.85,102532.25,0.85,0.06,96387.9,99456.12,0.85,0.05,124908.23,0.86,0.05,2.71,2.37,6.09
226,85.33,27.711,"DX/CR+CIP/LFINF+DUC/DY/CR+CIP/LFINF+DUC/HEX:3/YBET:1990,1995/RES+RES2B///IRIR+TOR+CHV//RC+RC2/FC+FC2/",420.1,42.85,115130.6,13119.03,0.85,0.05,211599.56,109100.99,0.85,0.06,90675.76,111334.82,0.86,0.05,121231.02,0.85,0.05,2.8,4.18,4.29
227,85.33,27.711,"DX/CU+CIP/LFINF+DNO/DY/CU+CIP/LFINF+DNO/HEX:4/YBET:2000,2002/RES+RES2C///IRRE//RC+RC2/FC+FC1/",420.1,48.31,98524.74,9840.63,0.85,0.06,244149.04,100778.09,0.85,0.04,90149.31,97068.82,0.85,0.06,106915.39,0.85,0.05,3.39,9.14,5.72
228,85.33,27.711,DX/MUR+CLBRS+MOM/LWAL+DNO/DY/MUR+CLBRS+MOM/LWAL+DNO/HEX:3/YAPP:1980/MIX+MIX1///IRIR+TOR+POP//RC+RC1/FC+FC1/,420.1,37.42,111798.53,10258.99,0.85,0.05,161670.89,133438.44,0.84,0.05,89628.35,77221.17,0.85,0.05,118629.31,0.84,0.05,4.79,6.28,1.55
229,85.33,27.711,DX/CR+CIP/LFINF+DNO/DY/CR+CIP/LFINF+DNO/HEX:3/YAPP:2006/RES+RES2B///IRIR+TOR+SHC//RC+RC2/FC+FC2/,420.1,41.34,73815.95,7303.15,0.85,0.05,208497.84,113229.84,0.85,0.05,107315.75,130250.62,0.85,0.05,84731.63,0.85,0.05,4.08,8.01,6.36
230,85.33,27.711,DX/W+WLI/DNO/DY/W+WLI/DNO/HEX:1//IND+IND2/////RME+RME1//,420.1,49.89,130013.7,10488.21,0.85,0.05,177476.25,82818.87,0.85,0.05,128127.03,122185.75,0.85,0.06,77931.49,0.85,0.05,2.75,3.69,2.66
231,85.33,27.711,DX/MUR+CLBRS+MOC/LWAL+DNO/DY/MUR+CLBRS+MOC/LWAL+DNO/HEX:3/YPRE:2004/COM+COM3///IRIR+REC+SET//RC+RC1/FC+FC1/,420.1,21.35,91047.71,10318.14,0.84,0.05,196784.55,84065,0.84,0.04,73249.36,112290.89,0.85,0.04,128903.99,0.85,0.05,2.8,5.02,8.32
232,85.33,27.711,"DX/CR+CIP/LFINF+DUC/DY/CR+CIP/LFINF+DUC/HEX:3/YBET:2009,2010/RES+RES2B///IRRE//RC+RC2/FM+FM3/",420.1,28.81,75567.02,8810.04,0.85,0.05,161694.12,106927.45,0.85,0.06,81761.65,118913.31,0.85,0.05,114945.66,0.84,0.05,2.42,5.3,1.58
233,85.33,27.711,"DX/CR+CIP/LFINF+DUC/DY/CR+CIP/LFINF+DUC/HEX:3/YBET:2009,2010/RES+RES2A///IRRE//RC/FC+FC2/",420.1,41.25,112339.92,10037.93,0.85,0.05,198879.95,98485.02,0.85,0.05,94385.28,120079.35,0.85,0.04,110752.14,0.85,0.04,1.98,5.82,6.25
234,85.33,27.711,DX/CR+CIP/LFINF+DUC/DY/CR+CIP/LFINF+DUC/HEX:4/YAPP:2006/MIX+MIX1///IRIR+TOR+SHC//RC/FC+FC2/,420.1,38.74,74120.82,13321.34,0.84,0.05,129063.76,59539.33,0.85,0.05,86310.8,109310.86,0.86,0.05,85436.2,0.85,0.05,3.09,4.18,1.93
235,85.33,27.711,"DX/MCF+CLBRS+MOC/LDUAL+DNO/DY/MCF+CLBRS+MOC/LDUAL+DNO/HEX:3/YBET:1988,1990/RES+RES2C///IRIR+TOR//RM+RM99/FM+FM99/",420.1,36.31,121544.19,10085.08,0.86,0.05,227784.04,116031.83,0.85,0.05,80598.48,113794.06,0.85,0.05,105152.9,0.85,0.05,2.65,6.24,5.35
236,85.33,27.711,DX/CU+CIP/LN+DNO/DY/CU+CIP/LN+DNO/HEX:3//IND+IND2///IRRE//RC+RC1/FC+FC2/,420.1,58.89,115068.79,7687.19,0.86,0.05,164126.92,81762.94,0.85,0.05,125353.92,114111.1,0.87,0.06,105945.71,0.86,0.06,3.15,7.03,2.85
237,85.33,27.711,DX/MUR+CLBRS+MOC/LWAL+DNO/DY/MUR+CLBRS+MOC/LWAL+DNO/HEX:4/YAPP:1999/RES+RES2C///IRIR+TOR+SET//RC+RC2/FC+FC2/,420.1,31.94,101178.4,10992.31,0.84,0.05,172126.98,108567.52,0.85,0.06,67880.01,106986.6,0.85,0.05,100756.64,0.85,0.04,2.5,5.29,3.22
238,85.33,27.711,DX/CR+CIP/LFINF+DNO/DY/CR+CIP/LFINF+DNO/HEX:5//MIX+MIX1///IRIR+TOR+SHC//RC+RC2/FC+FC2/,420.1,31.13,107342.1,11223.65,0.85,0.04,187479.62,96636.95,0.85,0.05,107448.17,95981.19,0.85,0.05,90748.45,0.85,0.06,3.93,4.79,3.65
239,85.33,27.711,DX/CR+CIP/LFINF+DUC/DY/CR+CIP/LFINF+DUC/HEX:4/YAPP:2000/COM+COM99///IRIR+REC+SHC//RC+RC2/FC+FC2/,420.1,24.08,110806.73,11746.17,0.85,0.05,192172.32,118088.08,0.85,0.05,81460.05,87200.93,0.85,0.05,81854.75,0.84,0.05,1.37,4.39,5.06
240,85.33,27.711,DX/CR+CIP/LFINF+DNO/DY/CR+CIP/LFINF+DNO/HEX:3//EDU+EDU1///IRRE//RC+RC2/FC+FC2/,420.1,33.88,91587.31,10168.67,0.85,0.05,208562.41,80819.54,0.85,0.05,114762.32,104586.78,0.85,0.05,91011.07,0.84,0.05,3.45,3.73,6.42
241,85.33,27.711,DX/C99+CIP/LFINF+DNO/DY/C99+CIP/LFINF+DNO/HEX:3//COM+COM1///IRIR+SOS//RC+RC2/FC+FC2/,420.1,43.12,92546.03,10338.52,0.85,0.05,216750.39,116839.88,0.84,0.04,135557.97,116390.16,0.85,0.06,83713.32,0.85,0.05,3.04,5.25,5.68
242,85.33,27.711,"DX/CR+CIP/LFINF+DNO/DY/CR+CIP/LFINF+DNO/HEX:4/YBET:1990,30/RES+RES2B///IRIR+IRHO+SHC//RC+RC2/FM+FM99/",420.1,42.17,101986.28,9740.52,0.85,0.05,186833.91,76109.95,0.85,0.05,100061.04,112617.38,0.85,0.04,97769.81,0.85,0.04,2.79,4.03,5.26
243,85.33,27.711,DX/CR+CIP/LFINF+DUC/DY/CR+CIP/LFINF+DUC/HEX:3//RES+RES2A///IRIR+SET//RC+RC2/FC+FC2/,420.1,43.06,83171.93,7694.99,0.85,0.06,185089.94,92649.87,0.85,0.06,89231.9,78451.18,0.85,0.05,91979.71,0.84,0.05,5.33,2.63,5.69
244,85.33,27.711,DX/CR+CIP/LFINF+DNO/DY/CR+CIP/LFINF+DNO/HEX:4//RES+RES3///IRIR+SHC//RME+RME1/FC+FC2/,420.1,34.1,146138.48,9309.35,0.84,0.05,193337.76,98908.38,0.85,0.05,81017.97,95938.16,0.85,0.05,118601.12,0.84,0.05,3.21,5.17,4.84
245,85.33,27.711,DX/MUR+CLBRS+MOC/LFM+DNO/DY/MUR+CLBRS+MOC/LFM+DNO/HEX:3//RES+RES2B///IRRE//RC+RC1/FC+FC1/,420.1,49.63,139945.47,13275.63,0.85,0.06,127844.51,73275.73,0.85,0.05,63879.07,88062.12,0.85,0.06,113446.21,0.85,0.04,1.78,4.7,4.74
246,85.33,27.711,DX/CR+CIP/LFINF+DNO/DY/CR+CIP/LFINF+DNO/HEX:2/YAPP:1994/RES+RES2C///IRIR+SET//RC+RC2/FC+FC2/,420.1,49.25,132266.19,9486.07,0.86,0.06,225884.27,127024.56,0.85,0.05,99862.43,99218.05,0.84,0.05,119296.54,0.84,0.04,4.05,4.77,4.39
247,85.33,27.711,DX/MUR+CLBRS+MOC/LWAL+DNO/DY/MUR+CLBRS+MOC/LWAL+DNO/HEX:3/YAPP:1996/RES+RES2B///IRIR+TOR+SOS//RC+RC1/FC+FC1/,420.1,30.86,91082.2,10142.69,0.85,0.05,160891.86,84177.33,0.85,0.06,87742.67,119106.55,0.85,0.05,113507.37,0.85,0.05,3.11,2.25,5.44
248,85.33,27.711,DX/CU+CIP/LFINF+DNO/DY/CU+CIP/LFINF+DNO/HEX:3//RES+RES2A///IRRE//RC+RC1/FC+FC1/,420.1,47.77,104896.67,8529.14,0.86,0.05,224349.22,82851.14,0.86,0.04,117795.91,110464.28,0.86,0.05,90081.25,0.84,0.05,4.2,5.17,4.11
249,85.33,27.711,DX/MUR+CLBRS+MOC/LWAL+DNO/DY/MUR+CLBRS+MOC/LWAL+DNO/HEX:1//COM+COM1///IRIR+SOS//RME+RME99//,420.1,31.02,104762.71,11303.65,0.84,0.05,190392.75,74013.65,0.85,0.05,84151.69,100646.33,0.85,0.04,82899.88,0.85,0.05,2.52,7.03,5.37
250,85.33,27.711,DX/CR+CIP/LFINF+DUC/DY/CR+CIP/LFINF+DUC/HEX:4//RES+RES2A///IRIR+TOR+SHC//RC+RC2/FC+FC2/,420.1,37.05,107012.82,6684.34,0.85,0.05,147545.56,85450.03,0.86,0.05,90596.46,99447.07,0.85,0.05,83065.32,0.85,0.05,2.36,5.23,8.1
251,85.33,27.711,DX/CR+CIP/LFINF+DNO/DY/CR+CIP/LFINF+DNO/HEX:3/YAPP:2004/RES+RES2C///IRIR+REC+SET//RC+RC2/FC+FC2/,420.1,42.04,103297.76,8018.22,0.85,0.05,216179.02,131325.84,0.85,0.04,80634.41,149214.62,0.85,0.04,103066.42,0.84,0.05,2.35,6.5,4.28
252,85.33,27.711,DX/MUR+CLBRS+MOM/LN+DNO/DY/MUR+CLBRS+MOM/LN+DNO//YAPP:1985/GOV+GOV1///IRRE//RC+RC1/FC+FC1/,420.1,22.53,58388.68,12228.04,0.85,0.05,241233.91,111211,0.85,0.04,72032.52,106087.87,0.85,0.05,123770.31,0.84,0.05,3.64,3.77,4.12
253,85.33,27.711,DX/CR+CIP/LFINF+DUC/DY/CR+CIP/LFINF+DUC/HEX:4//RES+RES2///IRIR+REC+SET//RC+RC2/FC+FC2/,420.1,44.34,93435.45,8667.55,0.85,0.05,181230.69,112484.8,0.84,0.05,51516.3,103087.47,0.85,0.06,135354.98,0.85,0.05,2.62,4.94,5.46
254,85.33,27.711,DX/CR+CIP/LFINF+DUC/DY/CR+CIP/LFINF+DUC/HEX:1/////IRIR+IRHO+SET//RC+RC2//,420.1,39.23,104124.28,7201.36,0.85,0.05,131896.63,71573.44,0.85,0.05,98983.23,99885.97,0.84,0.04,72322.81,0.84,0.05,2.58,4.3,8.06
255,85.33,27.711,DX/CR+CIP/LFINF+DNO/DY/CR+CIP/LFINF+DNO/HEX:3//COM+COM3///IRIR+TOR+SHC//RC+RC2/FC+FC2/,420.1,53.89,93329.77,9256.04,0.85,0.05,208818.29,73328.99,0.85,0.06,77210.54,144978.83,0.85,0.05,133948.09,0.84,0.06,4.75,3.6,-1.15
256,85.33,27.711,DX/CR+CIP/LFINF+DNO/DY/CR+CIP/LFINF+DNO/HEX:1//RES+RES2A///IRIR+POP//RC+RC2/FN/,420.1,46.9,155266.19,6206.86,0.85,0.05,224769.89,120780.84,0.85,0.05,112695.54,84901.96,0.85,0.05,118780.07,0.85,0.05,3.64,2.65,4.42
257,85.33,27.711,"DX/MUR+CLBRS+MOC/LFINF+DNO/DY/MUR+CLBRS+MOC/LFINF+DNO/HEX:2/YBET:1995,1996/RES+RES2A///IRIR+SHC//RC+RC2/FC+FC2/",420.1,36.89,86522.64,10041.45,0.84,0.05,246629.46,112686.41,0.86,0.05,96266.44,81372.25,0.85,0.05,77723.1,0.85,0.04,3.91,6.3,2.03
258,85.33,27.711,DX/CR+CIP/LFINF+DNO/DY/CR+CIP/LFINF+DNO/HEX:3//RES+RES1///IRIR+SET//RC+RC2/FC+FC2/,420.1,52.45,114843.07,10537.71,0.86,0.05,186241.41,134524.41,0.86,0.05,139890.96,81713.43,0.85,0.05,110466.71,0.86,0.05,3.72,5.52,1.39
259,85.33,27.711,DX/MUR+CLBRS+MOC/LFINF+DNO/DY/MUR+CLBRS+MOC/LFINF+DNO/HEX:3//MIX+MIX2///IRIR+REC+SET//RC+RC1/FC+FC1/,420.1,44.86,96082.97,8671.23,0.85,0.06,192220.26,92705.5,0.85,0.05,55854.45,105204.53,0.86,0.05,103783.78,0.86,0.05,3.71,6.5,5.42
260,85.33,27.711,DX/MUR+CLBRS+MOM/LWAL+DNO/DY/MUR+CLBRS+MOM/LWAL+DNO/HEX:3//EDU+EDU2///IRIR+TOR+SHC//RC+RC2/FC+FC2/,420.1,46.05,132377.44,8885.38,0.85,0.04,204528.74,126315,0.86,0.05,118485.21,108827.46,0.84,0.05,90531.07,0.85,0.05,4.93,6.63,4.29
261,85.33,27.711,DX/CR+CIP/LFINF+DUC/DY/CR+CIP/LFINF+DUC/HEX:2//RES+RES1///IRRE//RC+RC2/FC+FC1/,420.1,50.64,102179.14,7587.34,0.85,0.04,251872.09,113345.59,0.86,0.05,69778.49,108482.71,0.86,0.05,114187.47,0.85,0.05,1.68,3.72,4.43
262,85.33,27.711,DX/CR+CIP/LFINF+DUC/DY/CR+CIP/LFINF+DUC/HEX:3/YAPP:2008/MIX+MIX1///IRIR+SHC//RC+RC2/FC+FC2/,420.1,39.05,114804.88,10475.35,0.84,0.04,169214.15,113811.13,0.86,0.05,96421.5,85576.22,0.84,0.05,76548.72,0.86,0.05,3.22,5.84,2.33
263,85.33,27.711,"DX/CR+CIP/LFINF+DNO/DY/CR+CIP/LFINF+DNO/HEX:4/YBET:1994,1995/RES+RES2B///IRIR+TOR+SHC//RC+RC2/FC+FC2/",420.1,42.55,114819.42,12151.19,0.85,0.04,221077.43,84263.26,0.85,0.05,114678.33,100655.75,0.86,0.05,67504.17,0.85,0.04,3.06,4.59,2.49
264,85.33,27.711,DX/CR+CIP/LFM+DNO/DY/CR+CIP/LFM+DNO/HEX:3/YAPP:2011/RES+RES2A///IRIR+TOR+SOS//RC+RC2/FM+FM99/,420.1,40.55,91584.82,11402.13,0.85,0.05,234444.93,98474.91,0.85,0.05,117852.6,99235.22,0.85,0.06,118272.03,0.85,0.05,1.99,4.02,8.54
265,85.33,27.711,DX/CR+CIP/LFINF+DNO/DY/CR+CIP/LFINF+DNO/HEX:2//MIX+MIX1///IRIR+TOR+POP//RC+RC2/FC+FC2/,420.1,23.72,81730.88,10242.26,0.85,0.05,189053.12,116847.97,0.84,0.05,102912.1,102850.47,0.86,0.05,103008.73,0.86,0.05,3.51,5.38,6.87
266,85.33,27.711,DX/MUR+CLBRS+MOC/LWAL+DNO/DY/MUR+CLBRS+MOC/LWAL+DNO/HEX:3//RES+RES2B///IRRE//RC+RC1/FM+FM99/,420.1,34.85,65351.96,12272.9,0.85,0.05,196781.29,88457.96,0.85,0.05,113571.52,88579.97,0.85,0.06,99303.79,0.85,0.05,1.03,5.4,0.05
267,85.33,27.711,DX/MUR+CLBRS+MOC/LN+DNO/DY/MUR+CLBRS+MOC/LN+DNO/HEX:2/YAPP:2005/GOV+GOV1///IRRE//RME/FC+FC1/,420.1,22.82,103263.78,11788.6,0.85,0.05,215783.65,109137.94,0.85,0.04,135381.42,95231.29,0.85,0.05,109337.83,0.85,0.06,3,4.95,2.84
268,85.33,27.711,DX/CR+CIP/LFINF+DNO/DY/CR+CIP/LFINF+DNO/HEX:2/YAPP:2005/RES+RES2B///IRIR+POP//RC+RC2/FC+FC2/,420.1,44.07,91526.42,8403.89,0.85,0.04,221616.56,97560.77,0.86,0.05,124491.04,78320.02,0.85,0.05,67946.54,0.84,0.05,2.64,2.16,-0.36
269,85.33,27.711,DX/MUR+CLBRS+MOC/LFLSINF+DNO/DY/MUR+CLBRS+MOC/LFLSINF+DNO/HEX:1//COM+COM11///IRRE//RME+RME1/FM+FM99/,420.1,44.49,111357.57,9390.83,0.85,0.05,203518.11,87915.91,0.85,0.05,96285.57,118425.67,0.85,0.05,97646.98,0.86,0.05,2.78,3.32,3.12
270,85.33,27.711,DX/CR+CIP/LFINF+DNO/DY/CR+CIP/LFINF+DNO/HEX:3//RES+RES2A///IRRE//RC+RC2/FC/,420.1,62.3,99611.66,11453.73,0.84,0.05,251701.85,68791.87,0.85,0.06,106741.38,126344.32,0.85,0.05,88089.57,0.85,0.05,3.85,1.82,0.68
271,85.33,27.711,DX/CR+CIP/LFINF+DUC/DY/CR+CIP/LFINF+DUC/HEX:4/YAPP:2011/COM1///IRIR+SET//RC+RC2/FC+FC2/,420.1,18.7,103833.1,12477.8,0.85,0.04,213618.58,103528.19,0.85,0.05,88376.4,126671.17,0.85,0.05,133536.06,0.85,0.05,3.2,3.95,2.35
272,85.33,27.711,DX/CR+CIP/LFINF+DNO/DY/CR+CIP/LFINF+DNO/HEX:4/YAPP:2001/MIX+MIX1///IRIR+TOR+SHC//RC+RC2/FC+FC2/,420.1,38.84,68448.88,12559.47,0.84,0.06,228494.79,103704.87,0.84,0.05,102838.87,106654.69,0.84,0.05,52496.62,0.85,0.04,2.7,3.71,7.15
273,85.33,27.711,DX/CR+CIP/LFINF+DUC/DY/CR+CIP/LFINF+DUC/HEX:10/YAPP:2005/RES+RES2E///IRIR+TOR+SHC//RC+RC2/FC+FC2/,420.1,43.95,109491.11,9530.26,0.86,0.05,257047.51,44259.88,0.85,0.05,99156.44,71147.01,0.85,0.05,87505.61,0.85,0.05,4.08,3.64,3.06
274,85.33,27.711,DX/CR+CIP/LFINF+DUC/DY/CR+CIP/LFINF+DUC/HEX:6//MIX+MIX2///IRRE//RC+RC2/FC/,420.1,31.08,85312.38,9312.38,0.85,0.04,171363.06,104001.98,0.85,0.06,110118.56,98966.59,0.86,0.05,61976.61,0.85,0.05,2.62,1.54,2.95
275,85.33,27.711,DX/CR+CIP/LFINF+DNO/DY/CR+CIP/LFINF+DNO/HEX:2//RES+RES2A///IRIR+TOR+SHC//RC+RC2/FC+FC2/,420.1,30.13,103718.98,8802.76,0.85,0.05,220961.76,69172.71,0.85,0.06,70243.71,97294.27,0.85,0.05,56574.31,0.85,0.05,2.65,5.3,4.69
276,85.33,27.711,DX/MUR+CLBRS+MOC/DNO/DY/MUR+CLBRS+MOC/DNO/HEX:3//RES+RES2C///IRIR+TOR+IRVO//RC+RC1/FC+FC1/,420.1,49.76,111981.48,5848.73,0.86,0.05,271110.73,131180.93,0.85,0.05,98346.51,90085.59,0.85,0.05,114266.27,0.85,0.05,1.1,4.84,1.92
277,85.33,27.711,DX/CR+CIP/LFINF+DUC/DY/CR+CIP/LFINF+DUC/HEX:4/YAPP:2012/MIX+MIX1///IRIR+TOR+SHC//RC+RC2/FC+FC2/,420.1,35.71,103644.58,10725.98,0.85,0.05,201814.79,102751.65,0.85,0.05,80714.71,87499.67,0.85,0.05,123353.71,0.86,0.05,1.83,4.52,3.99
278,85.33,27.711,DX/CR+CIP/LFINF+DUC/DY/CR+CIP/LFINF+DUC/HEX:3//RES+RES2B///IRIR+REC+SET//RC+RC1/FC+FC2/,420.1,41.92,69524.6,8839.06,0.85,0.05,218901.81,61150.81,0.85,0.05,116320.92,83042.77,0.84,0.04,60205.04,0.84,0.04,6.01,5.48,3.85
279,85.33,27.711,DX/CR+CIP/LFINF+DNO/DY/CR+CIP/LFINF+DNO/HEX:3/YAPP:2000/MIX+MIX2///IRIR+TOR+SOS//RC+RC1/FC+FC1/,420.1,45.48,72920.06,11294.96,0.85,0.04,195454.18,105347.48,0.85,0.05,110647.29,80223.91,0.85,0.06,102834.8,0.85,0.04,2.55,2.99,3.56
280,85.33,27.711,DX/CR+CIP/LFINF+DNO/DY/CR+CIP/LFINF+DNO/HEX:5//RES+RES2D///IRRE//RC+RC2/FC+FC2/,420.1,27.26,117524.48,10477.91,0.86,0.05,203874.48,114434.82,0.85,0.05,74044.29,83639.91,0.86,0.06,105234.02,0.84,0.05,4.25,3.22,2.89
281,85.33,27.711,DX/MUR+CLBRS+MOM/LWAL+DNO/DY/MUR+CLBRS+MOM/LWAL+DNO/HEX:2//RES+RES1///IRIR+IRHO+IRVO//RO/FO/,420.1,29.9,107233.68,8388.66,0.85,0.05,193527.12,128271.18,0.85,0.05,129594.99,116883.42,0.85,0.05,94414.22,0.85,0.05,2.22,4.92,4.53
282,85.33,27.711,"DX/CR+CIP/LH+DNO/DY/CR+CIP/LH+DNO/HEX:2/YBET:1995,1998/EDU+EDU2///IRIR+TOR+CHV//RC+RC2/FC+FC2/",420.1,55.53,90293.28,10794.95,0.86,0.06,155711.14,126280.57,0.84,0.05,103514.26,98997.29,0.85,0.05,71624.83,0.85,0.05,1.86,5.06,4.13
283,85.33,27.711,DX/CR+CIP/LFINF+DNO/DY/CR+CIP/LFINF+DNO/HEX:3//RES+RES2B///IRRE//RC+RC2/FC+FC2/,420.1,27.3,118844.29,9746.72,0.85,0.05,231601.82,127517.25,0.85,0.05,101000.71,96332.88,0.85,0.05,94989.95,0.85,0.06,1.46,0.41,-0.42
284,85.33,27.711,DX/CR+CIP/LFINF+DUC/DY/CR+CIP/LFINF+DUC/HEX:3//RES+RES2A///IRIR+TOR+SHC//RC+RC2/FC+FC2/,420.1,45.39,103216.81,5893.22,0.84,0.05,209390.77,81336.89,0.85,0.05,107827.26,102066.9,0.85,0.06,32518.59,0.85,0.05,3.92,6.29,4.11
285,85.33,27.711,DX/CR+CIP/LFINF+DNO/DY/CR+CIP/LFINF+DNO/HEX:4/YAPP:1992/MIX+MIX1///IRIR+TOR+SHC//RC+RC2/FC+FC2/,420.1,28.2,120544.78,10017.87,0.85,0.05,228377.88,87915.85,0.86,0.05,107485.66,99348.1,0.85,0.05,115675.78,0.86,0.05,2.22,7.62,2.88
286,85.33,27.711,DX/CR+CIP/LFINF+DUC/DY/CR+CIP/LFINF+DUC/HEX:3//RES+RES2B///IRIR+TOR+SHC//RC+RC2/FC+FC2/,420.1,46.86,122014.2,13273.51,0.85,0.05,205995.27,98098.82,0.85,0.05,90931.59,120679.71,0.85,0.05,92823.88,0.85,0.04,2.93,6.03,7.41
287,85.33,27.711,DX/MUR+CBH+MOC/LWAL+DNO/DY/MUR+CBH+MOC/LWAL+DNO/HEX:1/YAPP:2010/COM+COM1///IRIR+SOS//RME+RME99//,420.1,41.17,124826.52,9164.6,0.85,0.04,235399.58,151820.7,0.85,0.05,128985.02,93727.71,0.85,0.04,64291.7,0.86,0.05,4.78,7.09,-0.6
288,85.33,27.711,DX/CU+CIP/LPB+DNO/DY/CU+CIP/LPB+DNO/HEX:3/YAPP:2000/RES+RES2A///IRIR+IRHO+SET//RC+RC2/FC+FC1/,420.1,47.2,69314.08,10828.08,0.85,0.05,230086.88,122798.8,0.85,0.05,78161.21,125947.26,0.85,0.06,99769.86,0.86,0.05,5.09,7.4,1.11
289,85.33,27.711,DX/CR+CIP/LFINF+DNO/DY/CR+CIP/LFINF+DNO/HEX:4/////IRIR+IRHO+POP//RC+RC2/FC+FC2/,420.1,25.2,36005.17,9532.98,0.86,0.06,204731.3,95599.38,0.86,0.06,131015.78,101735.38,0.85,0.06,87922.57,0.85,0.04,1.18,7.91,6.71
290,85.33,27.711,DX/CR+CIP/LFINF+DNO/DY/CR+CIP/LFINF+DNO/HEX:2//RES+RES2A///IRIR+TOR+IRVO//RC+RC1/FC+FC2/,420.1,30.44,90988.83,8641.04,0.85,0.05,156433.57,130185.37,0.86,0.06,116566.69,96125.01,0.85,0.05,101842.35,0.85,0.04,1.65,4.2,3.27
291,85.33,27.711,DX/CR+CIP/LFINF+DNO/DY/CR+CIP/LFINF+DNO/HEX:2/YAPP:2004/RES+RES2B///IRRE//RC+RC2/FC+FC2/,420.1,26.45,102315.67,6725.94,0.85,0.05,252058.97,91942.8,0.85,0.04,114374.55,105612.11,0.84,0.06,122527.45,0.85,0.05,1.47,2.99,0.71
292,85.33,27.711,DX/CR+CIP/LFINF+DUC/DY/CR+CIP/LFINF+DUC/HEX:4//RES+RES2///IRIR//RC+RC2/FC+FC2/,420.1,34.34,130933.94,8277.01,0.85,0.05,171962.76,104078.85,0.85,0.05,78652.98,109363.77,0.85,0.05,82956.31,0.85,0.06,4.34,6.32,2.74
293,85.33,27.711,DX/CR+CIP/LFINF+DUC/DY/CR+CIP/LFINF+DUC/HEX:3/YAPP:2008/RES+RES2A///IRIR+SHC//RC+RC2/FC+FC2/,420.1,43.54,99703.27,12760.66,0.85,0.04,203017.15,90100.45,0.85,0.05,80510.84,103074.56,0.85,0.06,167408.7,0.84,0.04,3.44,6.42,4.24
294,85.33,27.711,DX/MUR+CLBRS+MOC/LWAL+DNO/DY/MUR+CLBRS+MOC/LWAL+DNO/HEX:3/YAPP:1994/RES+RES2A///IRIR+TOR+POP//RC+RC1/FC+FC1/,420.1,28.63,79056.38,11714.16,0.85,0.05,212639.29,124882.56,0.85,0.06,99339.3,84582.85,0.85,0.05,76206.44,0.85,0.04,2.68,5.97,3.82
295,85.33,27.711,DX/MUR+CBH+MOC/LH+DNO/DY/MUR+CBH+MOC/LH+DNO/HEX:1/YAPP:2011/IND+IND2///IRIR+TOR//RME+RME1/FN/,420.1,26.02,80908.35,9969.35,0.85,0.05,231296.18,114431.18,0.85,0.05,81886,107861.34,0.85,0.05,83805.9,0.85,0.05,2.94,4.11,4.5
296,85.33,27.711,DX/CR+CIP/LFINF+DNO/DY/CR+CIP/LFINF+DNO/HEX:3//RES+RES2A///IRIR+SHC//RC+RC2/FC+FC2/,420.1,47.38,101151.7,10651.58,0.85,0.06,136743.77,99155.28,0.86,0.05,102950.3,107600.73,0.85,0.05,109112.92,0.85,0.05,4.14,6.54,2.8
297,85.33,27.711,DX/CR+CIP/LFINF+DUC/DY/CR+CIP/LFINF+DUC/HEX:2/YAPP:5/RES+RES2A///IRIR+REC+SHC//RC+RC2/FC+FC2/,420.1,41.68,79335.67,11707.65,0.84,0.05,187224.27,110088,0.85,0.05,102692.58,111349.45,0.85,0.05,79038.89,0.85,0.04,3.26,4.62,5.16
298,85.33,27.711,DX/CR+CIP/LFINF+DNO/DY/CR+CIP/LFINF+DNO/HEX:6//COM+COM99///IRIR+REC+SOS//RC+RC2/FC+FC2/,420.1,35.82,125724.22,9482.45,0.84,0.06,202191.56,71282.32,0.85,0.05,93472.27,103496.13,0.86,0.06,74154.33,0.85,0.04,2.58,8.83,6.46
299,85.33,27.711,"DX/CR+CIP/LFINF+DUC/DY/CR+CIP/LFINF+DUC/HEX:4/YBET:1990,1993/COM+COM3///IRRE//RC+RC2/FC+FC2/",420.1,41.22,106789.04,10577.53,0.85,0.05,211484.97,107275.42,0.85,0.05,121090.95,91743.13,0.85,0.05,104642.99,0.86,0.05,3.42,9.16,2.41
300,85.33,27.711,DX/CR+CIP/LFINF+DNO/DY/CR+CIP/LFINF+DNO/HEX:3//RES+RES2B///IRIR+TOR+SHC//RC+RC2/FC+FC1/,420.1,47.99,106439.89,8963.23,0.86,0.05,211655.72,108324,0.85,0.04,59651.01,94586.93,0.86,0.05,98937.19,0.84,0.06,1.91,5.61,2.85
301,85.33,27.711,DX/CR+CIP//DY/CR+CIP//HEX:3//RES+RES2B///IRRE//RC+RC2/FC+FC2/,420.1,37.76,142744.18,8614.89,0.86,0.06,226341.95,65718.66,0.86,0.05,140485.49,103931.14,0.85,0.05,93138.94,0.85,0.05,2.25,6.18,4.03
302,85.33,27.711,DX/CR+CIP/LFINF+DUC/DY/CR+CIP/LFINF+DUC/HEX:5/YAPP:20045/RES+RES2C///IRIR+TOR+SHC//RC+RC2/FM/,420.1,56.51,101482.45,13993.53,0.86,0.05,177911.9,138520.07,0.84,0.06,103464.54,110100.94,0.85,0.05,102384.45,0.85,0.05,0.45,9.12,3.82
303,85.33,27.711,DX/CR+CIP/LFINF+DUC/DY/CR+CIP/LFINF+DUC/HEX:3/YAPP:2007/RES+RES2B///IRIR+SHC//RC+RC2/FC+FC2/,420.1,59.37,110322.38,8771.73,0.84,0.05,210740.61,100836.01,0.85,0.05,91109.02,109156.89,0.85,0.05,73232.94,0.85,0.05,3.6,2.1,8.88
304,85.33,27.711,DX/MUR+CLBRS+MOC/LWAL+DNO/DY/MUR+CLBRS+MOC/LWAL+DNO/HEX:3/YAPP:1990////IRIR+REC+SOS//RC+RC1/FC+FC1/,420.1,33.85,77170.52,9417.84,0.84,0.05,182662.3,93137.22,0.85,0.05,118644.82,96193.2,0.85,0.05,108190.58,0.85,0.05,2.83,4.7,3.7
305,85.33,27.711,DX/CR+CIP/LFINF+D99/DY/CR+CIP/LFINF+D99/HEX:4/YAPP:2009/MIX+MIX1///IRIR+TOR+SET//RC+RC2/FC+FC2/,420.1,31.69,52928.13,10395.63,0.86,0.05,210409.48,127065.48,0.85,0.05,100881.39,45757.84,0.85,0.05,122863.47,0.85,0.05,3.54,2.68,6.14
306,85.3059,27.717,DX/CR+CIP/LFINF+DUC/DY/CR+CIP/LFINF+DUC/HEX:5//COM+COM3///IRIR+TOR+CHV//RC+RC2/FC+FC2/,428.4,34.63,141369.83,7340.93,0.85,0.04,179287.15,84016.47,0.85,0.05,79367.76,93441.3,0.85,0.05,105872.57,0.85,0.05,1.36,6.01,5.64
307,85.3059,27.717,DX/CR+CIP/LFINF+DNO/DY/CR+CIP/LFINF+DNO/HEX:3//RES+RES2B///IRIR+TOR+SOS//RC+RC2/FC+FC2/,428.4,50.7,109217.72,14026.54,0.86,0.04,257050.64,116792.13,0.85,0.05,121401.98,94154.12,0.84,0.05,92960.76,0.85,0.04,1.31,6.52,6.47
308,85.3059,27.717,DX/CR+CIP/LFINF+DNO/DY/CR+CIP/LFINF+DNO/HEX:4//IND+IND2///IRIR+REC+SOS//RC+RC2/FC+FC2/,428.4,45.87,133049.61,9237.59,0.84,0.05,229310.45,79974.04,0.85,0.06,79440.62,85458.03,0.85,0.05,129529.23,0.85,0.05,2.69,4.72,3.13
309,85.3059,27.717,DX/CR+CIP/LFINF+DUC/DY/CR+CIP/LFINF+DUC/HEX:6//COM+COM1///IRIR+TOR+SHC//RC+RC2/FC+FC2/,428.4,34.22,116555.73,10170.59,0.85,0.04,175614.8,97400.27,0.85,0.05,95375.89,96058.24,0.85,0.05,135172.23,0.85,0.05,4.31,3.07,2.77
310,85.3059,27.717,DX/CR+CIP/LFINF+DNO/DY/CR+CIP/LFINF+DNO/HEX:4//EDU+EDU3///IRIR+REC+SHC//RC+RC2/FC/,428.4,43.04,94443.4,6862.93,0.85,0.04,181152.59,88011.52,0.86,0.06,114395.22,116865.08,0.86,0.06,62866.62,0.84,0.05,2.72,8.03,0.88
311,85.3233,27.7075,DX/MUR+MUN99+MOC/LWAL+DNO/DY/MUR+MUN99+MOC/LWAL+DNO/HEX:1/YAPP:1970/COM+COM6///IRRE//RWO+RWO3/FE/,665,48.53,131908.73,10539.51,0.85,0.05,187984.29,91754.27,0.85,0.05,97297.43,79295.87,0.86,0.05,136138.46,0.85,0.05,2.44,7.44,7.47
312,85.3233,27.7075,DX/CR+CIP/LFINF+DNO/DY/CR+CIP/LFINF+DNO/HEX:4/YAPP:2004/MIX+MIX2///IRIR+TOR+SHC//RC+RC2/FC+FC2/,665,33.02,71198.69,9759.3,0.84,0.05,190426.86,130014.91,0.86,0.05,101259.62,87599.96,0.84,0.05,121563.81,0.85,0.05,2.35,2.7,5.02
313,85.3233,27.7075,"DX/CR+CIP/LFM+DUC/DY/CR+CIP/LFM+DUC/HEX:3/YBET:1959,1971/ASS+ASS4///IRIR+SHC//RC+RC2/FC+FC2/",665,35.33,113132.29,6142.97,0.85,0.06,151631.31,131807.55,0.84,0.04,127944.82,104301.73,0.85,0.05,92481.49,0.85,0.05,2.92,5.17,5.87
314,85.3233,27.7075,DX/MUR+CLBRS+MOM/LN+DNO/DY/MUR+CLBRS+MOM/LN+DNO/HEX:2/YAPP:1950/GOV+GOV1///IRRE//RME+RME99/FM+FM3/,665,28.24,102283.35,8203.68,0.84,0.05,204035.66,72493.11,0.86,0.05,83957.25,124632,0.85,0.06,136242.48,0.85,0.05,2.24,7.9,3.54
315,85.3226,27.7101,DX/MUR+CLBRS+MOC/LWAL+DNO/DY/MUR+CLBRS+MOC/LWAL+DNO/HEX:4//MIX+MIX1///IRRE//RC+RC2/FC+FC2/,475.6,25.74,90877.55,7455.21,0.85,0.05,179865.94,67853.14,0.86,0.04,84475.76,90106.63,0.85,0.05,74742.84,0.86,0.05,3.75,4.09,1.31
316,85.3226,27.7101,"DX/CR+CIP/LFINF+DUC/DY/CR+CIP/LFINF+DUC/HEX:2/YBET:1991,1993/IND+IND2///IRRE//RME+RME1/FW+FW4/",475.6,42.38,87183.47,13780.38,0.86,0.05,171407.88,125152.21,0.85,0.05,94750.54,124386.43,0.85,0.06,104143.4,0.85,0.04,3.88,6.11,4.43
317,85.3226,27.7101,DX/CR+CIP/LFINF+DNO/DY/CR+CIP/LFINF+DNO/HEX:2/YAPP:2006/RES+RES2A///IRIR+TOR+SHC//RC+RC2/FC+FC2/,475.6,41.71,121324.9,8034.11,0.85,0.06,156958.41,72042.79,0.85,0.05,105473,33660.74,0.85,0.05,96890.71,0.85,0.05,4.31,3.55,3.07
318,85.3226,27.7101,DX/MUR+CLBRH/LWAL+DNO/DY/MUR+CLBRH/LWAL+DNO/HEX:3/YAPP:1983/RES+RES1///IRIR+SHC//RC+RC2/FC+FC1/,475.6,44.21,86880,8954.29,0.84,0.05,207108.8,106144.22,0.85,0.04,82868.29,96935.6,0.85,0.04,81571.78,0.84,0.04,3.02,4.88,4.07
319,85.3226,27.7101,DX/CR+CIP/LFM+DUC/DY/CR+CIP/LFM+DUC/HEX:2//EDU+EDU2///IRRE//RC+RC2/FC+FC1/,475.6,39.03,99334.38,10676.93,0.84,0.05,189985.36,111961.81,0.85,0.04,68824.61,59470.83,0.85,0.05,123589.82,0.86,0.04,4.24,5.7,3.23
320,85.3388,27.7108,DX/CR+CIP/LFINF+DNO/DY/CR+CIP/LFINF+DNO/HEX:2/YAPP:2004/RES+RES2C///IRIR+SET//RC+RC2/FC+FC2/,356.7,35.28,88140.06,10151.08,0.85,0.05,185873.79,103707.69,0.86,0.05,105923.02,80493.35,0.86,0.05,111115.46,0.86,0.04,2.66,5.76,4.34
321,85.3388,27.7108,DX/CR+PCPS/LFINF+DNO/DY/CR+PCPS/LFINF+DNO/HEX:4//RES+RES2A///IRIR+REC+SET//RC+RC2/FC+FC2/,356.7,54.93,117295.15,6378.67,0.85,0.05,204559.18,115300.77,0.85,0.05,90773.5,60238.45,0.84,0.04,138175.99,0.85,0.04,3.53,3.55,5.2
322,85.3388,27.7108,DX/CR+CIP/LFINF+DNO/DY/CR+CIP/LFINF+DNO/HEX:2//RES+RES2B///IRIR+REC+SOS//RC+RC2/FC+FC2/,356.7,40.86,129872.74,10376.49,0.84,0.05,193280.46,84374.29,0.85,0.05,92205.5,85752.36,0.85,0.05,90466.1,0.85,0.05,3.52,2.44,2.73
323,85.3388,27.7108,DX/CR+CIP/LFINF+DNO/DY/CR+CIP/LFINF+DNO/HEX:3//RES+RES99///IRIR+TOR+SOS//RC+RC1/FC+FC2/,356.7,42.18,93968.68,14094.89,0.84,0.05,244064.96,91892.07,0.86,0.05,84805.51,112730.43,0.85,0.05,81204.65,0.85,0.05,1.82,4.97,2.21
324,85.3388,27.7108,DX/CR+CIP/LFINF+DNO/DY/CR+CIP/LFINF+DNO/HEX:2//COM+COM6///IRIR+POP//RC+RC2/FC+FC2/,356.7,39.37,128131.27,8428.54,0.85,0.05,213533.23,92613.75,0.84,0.05,106791.53,86704.15,0.85,0.06,138444.16,0.85,0.05,1.8,7.1,5.36
325,85.3388,27.7108,DX/CR+CIP/LFINF+DUC/DY/CR+CIP/LFINF+DUC/HEX:3/YAPP:1995/RES+RES2C///IRIR+TOR+SHC//RC+RC2/FC+FC2/,356.7,58.77,142274.59,9442.29,0.84,0.04,174718.88,86962.93,0.84,0.04,112930.02,82803.89,0.85,0.06,87096.13,0.84,0.05,2.63,0.94,4.13
326,85.3388,27.7108,DX/CU+CIP/LFINF+DNO/DY/CU+CIP/LFINF+DNO/HEX:2/YAPP:1995////IRIR+REC+SOS//RME+RME1/FC/,356.7,37.52,59692.08,9899.09,0.85,0.04,187558.76,96827.93,0.85,0.05,106240.48,79103.2,0.85,0.05,126195.79,0.85,0.05,2.99,7.61,3.41
327,85.3388,27.7108,DX/CR+CIP/LFINF+DNO/DY/CR+CIP/LFINF+DNO/HEX:2/YAPP:2009/MIX+MIX1///IRIR+POP//RC+RC2/FC+FC2/,356.7,34.96,100632.22,8484.17,0.85,0.06,219719.08,116571.93,0.85,0.06,99805.4,84219.62,0.85,0.06,98222.74,0.85,0.05,1.87,6.36,8.61
328,85.3388,27.7108,DX/CR+CIP/LFINF+DNO/DY/CR+CIP/LFINF+DNO/HEX:320//RES+RES2B///IRIR+REC+SET//RC+RC2/FC+FC2/,356.7,46.72,125060.82,12367.12,0.85,0.05,189003.84,113584.12,0.85,0.05,85170.98,71761.63,0.85,0.06,109069.8,0.85,0.04,1.4,3.66,3.03
329,85.3388,27.7108,DX/CR+CIP/LFINF+D99/DY/CR+CIP/LFINF+D99/HEX:4//MIX+MIX1///IRIR+SET//RC+RC2/FC+FC2/,356.7,51.26,115709.62,8231.28,0.84,0.05,216798.79,122543.64,0.84,0.05,68830.65,101281.91,0.86,0.05,121557.7,0.85,0.05,2.95,2.46,5.14
330,85.3231,27.7067,DX/CR+CIP/LFINF+DUC/DY/CR+CIP/LFINF+DUC/HEX:3/YAPP:2002/COM+COM99///IRIR+TOR+SET//RC+RC2/FC+FC2/,399.6,39.75,101325.63,12749.62,0.85,0.05,196459.64,89553.09,0.85,0.05,79940.67,96306.48,0.85,0.05,76541.93,0.85,0.06,1.41,1.53,5.37
331,85.3231,27.7067,DX/MUR+CLBRS+MOC/LWAL+DNO/DY/MUR+CLBRS+MOC/LWAL+DNO/HEX:2/YAPP:1985/RES+RES2A///IRIR+POP//RC+RC1/FC+FC1/,399.6,31.41,74403.34,12289.27,0.87,0.05,212672.72,54493.52,0.86,0.05,101873.31,95324.4,0.86,0.06,95455.47,0.85,0.04,3.65,2.86,3.37
332,85.3231,27.7067,DX/CR+CIP/LFINF+DUC/DY/CR+CIP/LFINF+DUC/HEX:4//EDU+EDU2///IRRE//RC+RC2/FC+FC2/,399.6,39.58,125939.74,8417.82,0.85,0.04,233633.9,102081.43,0.85,0.04,103628.71,98953.8,0.85,0.04,117151.52,0.85,0.06,2.54,3.88,7.15
333,85.3231,27.7067,DX/S+S99+BOL/LFM+D99/DY/S+S99+BOL/LFM+D99/HEX:1/YAPP:2008/ASS+ASS4///IRRE//RME+RME1/FN/,399.6,29.43,104061.69,6136.19,0.85,0.05,253858.98,152557.59,0.85,0.04,112999.04,90892.92,0.86,0.05,130559.44,0.85,0.05,3.58,9.13,3.52
334,85.3231,27.7067,DX/MUR+CLBRS+MOC/LWAL+DNO/DY/MUR+CLBRS+MOC/LWAL+DNO/HEX:1//EDU+EDU2///IRIR+REC//RC+RC2/FN+FC2/,399.6,38.68,112409.71,7127.46,0.85,0.05,168455.79,90319.06,0.85,0.06,135904.61,131064.63,0.85,0.04,95395.68,0.85,0.05,4.35,5.07,6.19
335,85.3231,27.7067,DX/CR+CIP/LFINF+DNO/DY/CR+CIP/LFINF+DNO/HEX:2//MIX+MIX2///IRRE//RC+RC2/FC+FC2/,399.6,35.28,99387.44,9148.12,0.85,0.04,196395.96,116050.09,0.84,0.05,98490.37,81420.34,0.85,0.05,80761.87,0.86,0.06,3.41,5.71,4.69
336,85.3231,27.7067,DX/CR/LFINF+DNO/DY/CR/LFINF+DNO/HEX:4/YAPP:2001/RES+RES1///IRIR+REC+SHC//RC+RC2/FC+FC2/,399.6,43.16,98034.58,11334.63,0.86,0.05,204005.8,104952.78,0.85,0.05,93808.58,114342.36,0.86,0.06,67001.07,0.85,0.05,2.82,-1.98,2.64
337,85.3231,27.7067,DX/CR+CIP/LFINF+DNO/DY/CR+CIP/LFINF+DNO/HEX:4//COM+COM6///IRIR+SET//RME+RME1/FC+FC2/,399.6,14.46,86932.59,9447.23,0.85,0.05,159683.99,90779.33,0.84,0.05,95566.78,118026.54,0.85,0.06,101849.13,0.85,0.04,3.31,6,8.2
338,85.3231,27.7067,DX/MUR+CLBRS+MOC/LWAL+DNO/DY/MUR+CLBRS+MOC/LWAL+DNO/HEX:3/YPRE:2010/RES+RES2B///IRIR+SET//RC+RC2/FC+FC2/,399.6,39.68,94692.63,7646.71,0.85,0.05,247939.98,81563.71,0.85,0.06,129141.96,98348.57,0.85,0.06,92671.38,0.85,0.05,1.62,3.25,4
339,85.3231,27.7067,DX/CR+CIP/LFINF+DNO/DY/CR+CIP/LFINF+DNO/HEX:4/YAPP:2000/MIX+MIX1///IRIR+TOR+SHC//RC+RC2/FC+FC2/,399.6,33.29,118942.83,10939.89,0.85,0.05,192497.45,99423.32,0.86,0.06,106961.05,80095.96,0.85,0.05,137008.02,0.85,0.06,5.63,4.07,5.18
340,85.3231,27.7067,DX/MUR+CLBRS+MOC/LFINF+DNO/DY/MUR+CLBRS+MOC/LFINF+DNO/HEX:1//IND+IND1///IRIR+REC+SOS//RME+RME1//,399.6,42.54,91011.46,10010.22,0.85,0.06,220463.44,113425.76,0.85,0.06,74401.7,82607.93,0.85,0.06,130636.26,0.84,0.05,3.19,6.89,4.33
341,85.3231,27.7067,DX/MUR+CLBRS+MOC/LWAL+DNO/DY/MUR+CLBRS+MOC/LWAL+DNO/HEX:3/YAPP:1980/RES+RES2A///IRIR+TOR+CHV//RME+RME1/FM+FM99/,399.6,43.77,100738.74,6641.96,0.85,0.04,220664.85,103733.75,0.84,0.05,90262.83,91015.81,0.84,0.05,96055.91,0.85,0.04,2.48,7.08,3.99
342,85.3231,27.7067,DX/CR+CIP/LFINF+DNO/DY/CR+CIP/LFINF+DNO/HEX:3/YAPP:2000/EDU+EDU3///IRRE//RC+RC2/FC+FC2/,399.6,54.02,92863.96,11667.96,0.85,0.05,203487.67,102721.14,0.85,0.05,118819.39,93889.66,0.85,0.04,85770.19,0.86,0.04,4.56,0.1,0.96
343,85.3231,27.7067,DX/CR+CIP/LFINF+DNO/DY/CR+CIP/LFINF+DNO/HEX:2/YAPP:2010/MIX+MIX1///IRIR+TOR+SOS//RC+RC2/FC+FC2/,399.6,26.74,98514.23,12654.06,0.85,0.06,180451.28,142498.84,0.86,0.05,117204.23,75391.21,0.85,0.04,81144.63,0.85,0.05,3.19,2.71,3.12
344,85.3231,27.7067,DX/CR+CIP/LFINF+DUC/DY/CR+CIP/LFINF+DUC/HEX:6/YAPP:19986/EDU+EDU3///IRIR+TOR+SHC//RME+RME1/FC+FC2/,399.6,25.45,96666.87,10277.85,0.85,0.05,183603.48,102311.45,0.85,0.05,90409.81,89652.53,0.85,0.05,109556.41,0.85,0.05,3.76,2.65,4.95
345,85.3231,27.7067,DX/MUR+CLBRS+MOC/LWAL+DNO/DY/MUR+CLBRS+MOC/LWAL+DNO/HEX:3/YAPP:2000/EDU+EDU2///IRIR+SHC//RC+RC2/FC+FC2/,399.6,38.98,98454.66,7670.91,0.84,0.05,163059.09,130366.13,0.85,0.06,106276,106043.26,0.85,0.06,85720.07,0.85,0.05,2.16,5.75,5.58
346,85.3231,27.7067,DX/CR+CIP/LFINF+DNO/DY/CR+CIP/LFINF+DNO/HEX:2/YAPP:19992/RES+RES2B///IRIR+TOR+SHC//RC+RC2/FC+FC2/,399.6,29.93,108945.84,10436.28,0.85,0.05,206345.38,102131.2,0.84,0.05,87051.94,139499.89,0.85,0.05,128046.93,0.85,0.05,3.13,3.72,4.13
347,85.3231,27.7067,DX/MUR+CLBRS+MOM/LWAL+DNO/DY/MUR+CLBRS+MOM/LWAL+DNO/HEX:2//RES+RES2A///IRIR+TOR+SET//RC+RC1/FC+FC1/,399.6,44.46,113464.74,10170.1,0.86,0.05,154381.97,112846.57,0.85,0.06,96398.96,59772.11,0.85,0.05,117249.38,0.84,0.04,2.63,4.81,1.2
348,85.3231,27.7067,DX/CR+CIP/LFINF+DUC/DY/CR+CIP/LFINF+DUC/HEX:3/YAPP:2010/RES+RES2A///IRIR+TOR+SHC//RC+RC2/FC+FC2/,399.6,33.15,99747.39,7035.89,0.86,0.05,201311.97,147236.53,0.85,0.05,76148.43,121670.57,0.85,0.05,96192.58,0.85,0.05,4.13,5.18,0.61
349,85.3231,27.7067,DX/MUR+CLBRS+MOC/LWAL+DNO/DY/MUR+CLBRS+MOC/LWAL+DNO/HEX:2//RES+RES1///IRIR+TOR+SOS//RC+RC1/FC+FC1/,399.6,35.93,84433.31,9355.03,0.85,0.05,163108.05,123489.63,0.85,0.04,109761.74,74773.22,0.85,0.05,89315.56,0.86,0.04,2.04,7.1,0.5
350,85.3231,27.7067,DX/CR+CIP/LFINF+DNO/DY/CR+CIP/LFINF+DNO/HEX:3/YAPP:2011/MIX+MIX1///IRIR+SHC//RC+RC2/FC+FC2/,399.6,32.93,98111,11963.79,0.85,0.05,237376.72,68394.77,0.85,0.05,81545.04,92830.13,0.85,0.04,123866.65,0.85,0.05,2.73,9.24,2.83
351,85.3231,27.7067,DX/CR+CIP/LFINF+DUC/DY/CR+CIP/LFINF+DUC/HEX:3//RES+RES2A///IRIR+TOR+SET//RC+RC2/FC+FC2/,399.6,35.06,106031.38,9899.21,0.85,0.05,201931.89,95288.43,0.86,0.05,93510.64,58123.5,0.85,0.05,85171.58,0.85,0.06,2.72,5.07,6.28
352,85.3231,27.7067,DX/MUR+CLBRS+MOM/LWAL+DNO/DY/MUR+CLBRS+MOM/LWAL+DNO/HEX:1//EDU+EDU2///IRRE//RME+RME1//,399.6,41.89,84556.81,11614.01,0.85,0.05,214630.2,83827.75,0.85,0.04,102410.38,107162.18,0.84,0.05,108186.25,0.85,0.05,2.48,2.08,6.4
353,85.3231,27.7067,DX/CR+CIP/LFINF+DUC/DY/CR+CIP/LFINF+DUC/HEX:5//RES+RES2C///IRIR+IRHO+SOS//RC+RC2/FC+FC2/,399.6,30.51,93410.77,5421.08,0.85,0.05,211875.48,93501.33,0.85,0.05,53590.51,129371.81,0.85,0.06,64186.06,0.86,0.05,0.41,1.3,4.31
354,85.3231,27.7067,"DX/MUR+CLBRS+MOC/LWAL+DNO/DY/MUR+CLBRS+MOC/LWAL+DNO/HEX:3/YBET:1979,1982/EDU+EDU1///IRRE//RC+RC1/FC+FC1/",399.6,62.28,112075.14,12215.72,0.85,0.05,229974.34,115676.35,0.86,0.06,118015.14,59812.5,0.85,0.05,141048.55,0.86,0.05,4.04,5.27,3.78
355,85.3231,27.7067,"DX/CR+CIP/LFINF+DUC/DY/CR+CIP/LFINF+DUC/HEX:5/YBET:2007,2009/EDU+EDU2///IRIR+SHC//RC+RC2/FC+FC2/",399.6,41.23,98054.44,8142.04,0.84,0.06,196446.68,117756.71,0.86,0.05,61650.85,94812.87,0.85,0.04,84126.19,0.84,0.05,2.29,7.33,5.38
356,85.3231,27.7067,DX/MUR+CLBRS+MOC/LFINF+DUC/DY/MUR+CLBRS+MOC/LFINF+DUC/HEX:2/YAPP:1994/RES+RES1///IRIR+REC+SET//RC+RC1/FC+FC1/,399.6,45.49,96888.45,9110.17,0.85,0.04,195805.6,90806.29,0.85,0.05,93855.3,99316.24,0.85,0.05,130408.75,0.85,0.04,3.89,4.83,3.72
357,85.3231,27.7067,DX/CR+CIP/LFINF+DNO/DY/CR+CIP/LFINF+DNO/HEX:6//COM+COM99///IRIR+REC+SET//RC+RC2/FC+FC2/,399.6,25.58,123137.42,9084.21,0.85,0.05,213408.11,79698.08,0.85,0.06,130165.62,84032.74,0.85,0.05,130751.49,0.86,0.05,4.53,6.14,2.64
358,85.3231,27.7067,DX/CR+CIP/LFINF+DNO/DY/CR+CIP/LFINF+DNO/HEX:1/YAPP:2010/RES+RES1///IRIR+REC//RC+RC2/FC+FC2/,399.6,37.59,100582.98,7637.87,0.85,0.05,160235.28,122699.6,0.85,0.05,108821.59,104842.88,0.84,0.05,75909.36,0.84,0.05,2.66,5.73,3.27
359,85.3231,27.7067,DX/MUR+CLBRS+MOM/LWAL+DNO/DY/MUR+CLBRS+MOM/LWAL+DNO/HEX:2//EDU+EDU2///IRIR+TOR+SOS//RME+RME1/FW+FW1/,399.6,45.37,118654.3,8954.49,0.85,0.05,140515.5,113223.57,0.85,0.06,69986.57,109673.72,0.85,0.04,103682.74,0.84,0.05,3.38,6.35,4.85
360,85.3231,27.7067,DX/CR+CIP/LFINF+DUC/DY/CR+CIP/LFINF+DUC/HEX:4/YAPP:2004/MIX+MIX1///IRIR+SET//RC+RC2/FC+FC2/,399.6,50.87,129685.87,10849.51,0.85,0.06,164862.71,70709.85,0.85,0.06,98754.33,103468.85,0.84,0.05,95578.2,0.85,0.05,3.52,6.73,11.78
361,85.3199,27.7175,DX/MUR+CLBRS+MOC/LWAL+DNO/DY/MUR+CLBRS+MOC/LWAL+DNO/HEX:3/YAPP:1980/RES+RES2A///IRIR+SHC//RC+RC2/FC+FC2/,398.5,26.28,111084.11,8091.11,0.84,0.04,179793.62,111752.85,0.86,0.04,122378.93,115457.48,0.86,0.06,100260.5,0.86,0.05,2.05,5.85,2.23
362,85.3199,27.7175,"DX/CR+CIP/LFM+DUC/DY/CR+CIP/LFM+DUC/HEX:7/YBET:2012,2014/COM+COM99///IRIR+TOR+SHC//RC+RC2/FC+FC2/",398.5,49.2,71247.98,11466.63,0.85,0.06,210651.04,89564.29,0.85,0.05,113824.55,85428.62,0.85,0.04,101550.76,0.85,0.05,1.14,6.47,5.57
363,85.3199,27.7175,"DX/MUR+CLBRS+MOC/LWAL+DNO/DY/MUR+CLBRS+MOC/LWAL+DNO/HEX:2/YBET:1964,2004/RES+RES1///IRIR+SHC//RC+RC2/FC+FC2/",398.5,28.35,78604.05,10948.49,0.85,0.05,191922.93,144218.27,0.86,0.05,120650.1,83456.63,0.84,0.06,146415.94,0.85,0.05,2.78,5.25,4.94
364,85.3199,27.7175,DX/CR+CIP/LFINF+DUC/DY/CR+CIP/LFINF+DUC/HEX:3/YAPP:1984/RES+RES2A///IRIR+TOR+SHC//RC+RC2/FC+FC2/,398.5,31.57,114826.84,9364.45,0.86,0.05,176656.13,115629.57,0.85,0.05,81918.08,91677.19,0.86,0.05,109707.71,0.85,0.06,3.9,6.93,1.49
365,85.3363,27.7098,DX/MUR+CLBRS+MO99/D99/DY/MUR+CLBRS+MO99/D99//YPRE:1900////////,551.3,28.64,109430.45,14121.89,0.84,0.05,213619.44,74240.49,0.85,0.04,85857.76,123342.09,0.85,0.05,100131.98,0.85,0.05,2.2,0.73,2.9
366,85.3363,27.7098,DX/CR+CIP/LFINF+DNO/DY/CR+CIP/LFINF+DNO/HEX:4//MIX+MIX1///IRIR+REC+POP//RC+RC2/FC+FC2/,551.3,39.27,85005.83,8928.69,0.85,0.06,175944.29,71418.04,0.85,0.05,107463.99,119192.34,0.85,0.05,118681.11,0.84,0.05,4.86,4.72,2
367,85.3363,27.7098,DX/MUR+CLBRS+MOM/LFINF+DNO/DY/MUR+CLBRS+MOM/LFINF+DNO/HEX:2//RES+RES2A///IRIR+REC+SOS//RME+RME1/FW+FW1/,551.3,43.79,102834.7,9894.49,0.84,0.05,204902.55,96639.65,0.85,0.05,106031.99,109389.17,0.85,0.06,124938.45,0.86,0.06,2.82,5.31,1.13