Rupture,Magnitude,Aggregate Loss
smlt=00|ses=0010|src=229-44|rup=005-01,7.2500000,2899694163.2100000
smlt=00|ses=0010|src=229-36|rup=006-01,7.7500000,2342162528.7100000
smlt=00|ses=0008|src=230-238|rup=003-01,6.2500000,1913329396.2800000
smlt=00|ses=0006|src=229-31|rup=003-01,6.2500000,1662982847.4000001
smlt=00|ses=0010|src=229-107|rup=006-01,7.7500000,1489470172.3800001
smlt=00|ses=0008|src=229-50|rup=002-01,5.7500000,1412203251.9300001
smlt=00|ses=0003|src=230-150|rup=002-01,5.7500000,1310268288.1600001
smlt=00|ses=0009|src=229-67|rup=002-01,5.7500000,1294939128.0599999
smlt=00|ses=0010|src=229-31|rup=005-01,7.2500000,1265620324.0200000
smlt=00|ses=0001|src=231-140|rup=003-01,6.2500000,1233842550.8499999
smlt=00|ses=0006|src=230-90|rup=002-01,5.7500000,1091950405.0500000
smlt=00|ses=0007|src=230-72|rup=002-01,5.7500000,1085564517.6600001
smlt=00|ses=0006|src=229-45|rup=002-01,5.7500000,1004027293.0599999
smlt=00|ses=0008|src=229-9|rup=004-01,6.7500000,927316588.9490000
smlt=00|ses=0008|src=230-233|rup=002-01,5.7500000,924736827.5220000
smlt=00|ses=0002|src=230-232|rup=002-01,5.7500000,909861907.6420000
smlt=00|ses=0009|src=229-73|rup=002-01,5.7500000,908609402.2130001
smlt=00|ses=0002|src=230-43|rup=001-01,5.2500000,886679831.6050000
smlt=00|ses=0008|src=230-203|rup=003-01,6.2500000,846030507.9310000
smlt=00|ses=0007|src=230-96|rup=002-01,5.7500000,810396168.9870000
smlt=00|ses=0003|src=230-144|rup=002-01,5.7500000,795011419.9230000
smlt=00|ses=0003|src=230-66|rup=001-01,5.2500000,772714419.6860000
smlt=00|ses=0004|src=230-4|rup=001-01,5.2500000,769584922.8130000
smlt=00|ses=0003|src=229-41|rup=004-01,6.7500000,764502348.3680000
smlt=00|ses=0010|src=229-6|rup=004-01,6.7500000,754979850.1289999
smlt=00|ses=0005|src=231-206|rup=005-01,7.2500000,743674268.6020000
smlt=00|ses=0001|src=229-66|rup=001-01,5.2500000,721579536.9690000
smlt=00|ses=0003|src=230-24|rup=001-01,5.2500000,698173697.9160000
smlt=00|ses=0009|src=229-37|rup=003-01,6.2500000,685479829.2270000
smlt=00|ses=0009|src=231-51|rup=001-01,5.2500000,670202267.9390000
smlt=00|ses=0007|src=231-190|rup=001-01,5.2500000,659737962.0220000
smlt=00|ses=0010|src=230-173|rup=002-01,5.7500000,650652932.3780000
smlt=00|ses=0004|src=229-100|rup=004-01,6.7500000,650459837.3710001
smlt=00|ses=0006|src=230-180|rup=001-01,5.2500000,649907686.3800000
smlt=00|ses=0004|src=231-162|rup=001-01,5.2500000,629424988.8230000
smlt=00|ses=0005|src=229-34|rup=003-01,6.2500000,622823136.1760000
smlt=00|ses=0008|src=231-121|rup=001-01,5.2500000,617489356.5970000
smlt=00|ses=0008|src=230-61|rup=001-01,5.2500000,615056932.6240000
smlt=00|ses=0003|src=231-213|rup=001-01,5.2500000,612391458.8090000
smlt=00|ses=0010|src=229-95|rup=001-01,5.2500000,610281941.5910000
smlt=00|ses=0006|src=229-49|rup=002-01,5.7500000,605139625.8559999
smlt=00|ses=0007|src=229-116|rup=001-01,5.2500000,605053271.3540000
smlt=00|ses=0001|src=231-164|rup=001-01,5.2500000,596386429.7970001
smlt=00|ses=0004|src=230-134|rup=003-01,6.2500000,582781687.2640001
smlt=00|ses=0009|src=229-50|rup=001-01,5.2500000,580359160.3800000
smlt=00|ses=0001|src=230-173|rup=001-01,5.2500000,569337889.3440000
smlt=00|ses=0002|src=230-183|rup=001-01,5.2500000,561232282.3440000
smlt=00|ses=0003|src=230-268|rup=003-01,6.2500000,559930463.5730000
smlt=00|ses=0005|src=230-26|rup=002-01,5.7500000,551284728.3930000
smlt=00|ses=0005|src=229-26|rup=002-01,5.7500000,544883221.0140001
smlt=00|ses=0006|src=231-135|rup=001-01,5.2500000,535794675.7960000
smlt=00|ses=0001|src=229-116|rup=001-01,5.2500000,535436352.2840000
smlt=00|ses=0005|src=229-94|rup=001-01,5.2500000,534330190.1330000
smlt=00|ses=0002|src=231-121|rup=003-01,6.2500000,531667926.2310000
smlt=00|ses=0001|src=229-139|rup=003-01,6.2500000,530754095.3130000
smlt=00|ses=0007|src=230-29|rup=001-01,5.2500000,527553193.9660000
smlt=00|ses=0006|src=229-12|rup=003-01,6.2500000,514893273.2730000
smlt=00|ses=0008|src=230-113|rup=002-01,5.7500000,513582548.3340000
smlt=00|ses=0010|src=229-74|rup=002-01,5.7500000,510004971.1670000
smlt=00|ses=0009|src=229-45|rup=001-01,5.2500000,508356958.4120000
smlt=00|ses=0005|src=229-48|rup=001-01,5.2500000,496539601.2520000
smlt=00|ses=0009|src=232-107|rup=003-01,6.2500000,496441140.4230000
smlt=00|ses=0005|src=229-38|rup=002-01,5.7500000,494198164.9110000
smlt=00|ses=0007|src=231-48|rup=002-01,5.7500000,492723887.7110000
smlt=00|ses=0008|src=230-261|rup=001-01,5.2500000,490972108.0600000
smlt=00|ses=0007|src=229-115|rup=001-01,5.2500000,490195264.3420000
smlt=00|ses=0004|src=230-113|rup=001-01,5.2500000,490158751.5700000
smlt=00|ses=0006|src=229-117|rup=001-01,5.2500000,487914041.2690000
smlt=00|ses=0002|src=229-17|rup=001-01,5.2500000,485621894.7120000
smlt=00|ses=0007|src=235-327|rup=002-01,5.7500000,480055450.5460000
smlt=00|ses=0005|src=229-124|rup=004-01,6.7500000,474156980.3540000
smlt=00|ses=0009|src=229-134|rup=001-01,5.2500000,472921235.3320000
smlt=00|ses=0010|src=230-104|rup=001-01,5.2500000,471830214.8330000
smlt=00|ses=0008|src=229-9|rup=002-01,5.7500000,466647425.5660000
smlt=00|ses=0003|src=230-105|rup=004-01,6.7500000,465105450.4890000
smlt=00|ses=0002|src=229-26|rup=001-01,5.2500000,463050987.8570000
smlt=00|ses=0005|src=229-107|rup=003-01,6.2500000,460464544.0230000
smlt=00|ses=0010|src=232-110|rup=003-01,6.2500000,459399862.2680000
smlt=00|ses=0008|src=231-141|rup=005-01,7.2500000,453017222.9280000
smlt=00|ses=0003|src=231-71|rup=001-01,5.2500000,449707982.3260000
smlt=00|ses=0001|src=229-50|rup=001-01,5.2500000,447865443.1130000
smlt=00|ses=0003|src=231-116|rup=002-01,5.7500000,439488206.9540000
smlt=00|ses=0009|src=229-76|rup=002-01,5.7500000,438030707.0220000
smlt=00|ses=0004|src=229-138|rup=002-01,5.7500000,438012031.0300000
smlt=00|ses=0004|src=229-50|rup=002-01,5.7500000,433187409.3080000
smlt=00|ses=0004|src=229-28|rup=001-01,5.2500000,426461289.6690000
smlt=00|ses=0005|src=231-253|rup=004-01,6.7500000,425007169.6520000
smlt=00|ses=0005|src=231-64|rup=001-01,5.2500000,418322728.6580000
smlt=00|ses=0005|src=230-238|rup=001-01,5.2500000,414980078.0110000
smlt=00|ses=0003|src=231-124|rup=003-01,6.2500000,410063399.0210000
smlt=00|ses=0007|src=229-55|rup=002-01,5.7500000,404788483.2800000
smlt=00|ses=0003|src=229-122|rup=002-01,5.7500000,403264219.8490000
smlt=00|ses=0008|src=231-238|rup=001-01,5.2500000,399620143.5680000
smlt=00|ses=0005|src=229-49|rup=001-01,5.2500000,397917743.0180000
smlt=00|ses=0009|src=229-29|rup=001-01,5.2500000,392569897.7830000
smlt=00|ses=0009|src=230-188|rup=001-01,5.2500000,391995481.7730000
smlt=00|ses=0003|src=229-121|rup=002-01,5.7500000,387668611.3380000
smlt=00|ses=0005|src=229-103|rup=002-01,5.7500000,386932314.9320000
smlt=00|ses=0003|src=231-45|rup=002-01,5.7500000,378445702.3610000
smlt=00|ses=0004|src=231-81|rup=003-01,6.2500000,368221509.1720000
smlt=00|ses=0010|src=229-17|rup=001-01,5.2500000,366328764.1810000
smlt=00|ses=0005|src=231-81|rup=003-01,6.2500000,363570772.2310000
smlt=00|ses=0003|src=230-164|rup=002-01,5.7500000,361778601.5510000
smlt=00|ses=0010|src=229-30|rup=001-01,5.2500000,359117398.7510000
smlt=00|ses=0006|src=230-315|rup=002-01,5.7500000,347650960.7890000
smlt=00|ses=0009|src=231-119|rup=002-01,5.7500000,343356376.3390000
smlt=00|ses=0004|src=229-148|rup=005-01,7.2500000,336623563.1130000
smlt=00|ses=0003|src=232-76|rup=003-01,6.2500000,336319036.2070000
smlt=00|ses=0009|src=231-56|rup=003-01,6.2500000,334785535.7560000
smlt=00|ses=0003|src=232-107|rup=002-01,5.7500000,331575413.5210000
smlt=00|ses=0007|src=229-24|rup=001-02,5.2500000,331223927.3980000
smlt=00|ses=0008|src=231-5|rup=001-01,5.2500000,324617364.4680000
smlt=00|ses=0004|src=229-24|rup=001-01,5.2500000,324592124.1020000
smlt=00|ses=0006|src=230-254|rup=001-01,5.2500000,320477546.8000000
smlt=00|ses=0010|src=231-198|rup=003-01,6.2500000,320102402.9190000
smlt=00|ses=0008|src=231-249|rup=004-01,6.7500000,319326964.4010000
smlt=00|ses=0004|src=231-8|rup=003-01,6.2500000,317673784.3300000
smlt=00|ses=0002|src=234-102|rup=002-01,5.7500000,316689632.7270000
smlt=00|ses=0010|src=231-100|rup=001-01,5.2500000,316560925.8430000
smlt=00|ses=0007|src=229-23|rup=002-01,5.7500000,311047015.7360000
smlt=00|ses=0001|src=230-164|rup=003-01,6.2500000,310068974.5080000
smlt=00|ses=0009|src=230-168|rup=002-01,5.7500000,310050124.4510000
smlt=00|ses=0008|src=229-0|rup=001-01,5.2500000,306587373.0400000
smlt=00|ses=0005|src=231-81|rup=001-01,5.2500000,305027104.6540000
smlt=00|ses=0001|src=232-121|rup=001-01,5.2500000,304213837.3580000
smlt=00|ses=0005|src=229-123|rup=001-01,5.2500000,304036175.1160000
smlt=00|ses=0009|src=231-214|rup=001-01,5.2500000,303926337.0360000
smlt=00|ses=0003|src=232-106|rup=002-01,5.7500000,302766894.4280000
smlt=00|ses=0010|src=229-172|rup=003-01,6.2500000,300586220.3820000
smlt=00|ses=0001|src=232-101|rup=002-01,5.7500000,298669033.4340000
smlt=00|ses=0005|src=231-220|rup=002-01,5.7500000,294958638.2120000
smlt=00|ses=0010|src=229-81|rup=001-01,5.2500000,290531910.5810000
smlt=00|ses=0006|src=234-98|rup=001-01,5.2500000,285114814.1530000
smlt=00|ses=0007|src=232-102|rup=002-01,5.7500000,283146826.9650000
smlt=00|ses=0004|src=231-196|rup=001-01,5.2500000,283086929.9540000
smlt=00|ses=0008|src=229-124|rup=001-01,5.2500000,283015510.3190000
smlt=00|ses=0004|src=231-18|rup=001-01,5.2500000,282349665.1100000
smlt=00|ses=0001|src=229-106|rup=002-01,5.7500000,280977250.3060000
smlt=00|ses=0002|src=230-315|rup=001-01,5.2500000,280776793.1630000
smlt=00|ses=0003|src=234-43|rup=004-01,6.7500000,278480997.6600000
smlt=00|ses=0009|src=231-61|rup=001-01,5.2500000,277039031.0020000
smlt=00|ses=0004|src=234-133|rup=001-01,5.2500000,275649087.3410000
smlt=00|ses=0003|src=229-142|rup=002-01,5.7500000,275032527.4580000
smlt=00|ses=0009|src=230-137|rup=002-01,5.7500000,271897608.7110000
smlt=00|ses=0010|src=229-39|rup=001-01,5.2500000,269962672.0250000
smlt=00|ses=0006|src=232-114|rup=001-01,5.2500000,267140564.4720000
smlt=00|ses=0009|src=232-59|rup=002-01,5.7500000,267058596.2930000
smlt=00|ses=0004|src=234-34|rup=002-01,5.7500000,264040362.8650000
smlt=00|ses=0003|src=230-221|rup=001-01,5.2500000,260840056.1940000
smlt=00|ses=0010|src=229-1|rup=001-01,5.2500000,258985682.5960000
smlt=00|ses=0003|src=230-193|rup=001-01,5.2500000,256574045.8910000
smlt=00|ses=0002|src=229-161|rup=001-01,5.2500000,255013918.2690000
smlt=00|ses=0002|src=229-21|rup=001-01,5.2500000,253979625.9180000
smlt=00|ses=0003|src=231-275|rup=001-01,5.2500000,250773437.4940000
smlt=00|ses=0006|src=231-233|rup=001-01,5.2500000,250507750.2410000
smlt=00|ses=0008|src=230-274|rup=001-01,5.2500000,249170594.2940000
smlt=00|ses=0005|src=230-275|rup=001-01,5.2500000,245686308.5790000
smlt=00|ses=0006|src=232-22|rup=002-01,5.7500000,244358104.4620000
smlt=00|ses=0004|src=232-62|rup=002-01,5.7500000,244120435.4570000
smlt=00|ses=0009|src=234-89|rup=002-01,5.7500000,243625607.7240000
smlt=00|ses=0006|src=231-176|rup=001-01,5.2500000,243134473.8920000
smlt=00|ses=0010|src=232-34|rup=001-01,5.2500000,241733781.2080000
smlt=00|ses=0007|src=232-36|rup=001-01,5.2500000,240119627.6140000
smlt=00|ses=0005|src=234-37|rup=001-01,5.2500000,239541458.7940000
smlt=00|ses=0001|src=229-157|rup=003-01,6.2500000,239293764.9620000
smlt=00|ses=0008|src=234-156|rup=002-01,5.7500000,238943876.9370000
smlt=00|ses=0009|src=232-112|rup=001-01,5.2500000,238797742.1140000
smlt=00|ses=0007|src=234-46|rup=001-01,5.2500000,237954678.0480000
smlt=00|ses=0001|src=234-42|rup=001-01,5.2500000,237081609.4380000
smlt=00|ses=0009|src=229-139|rup=001-01,5.2500000,236528084.5890000
smlt=00|ses=0003|src=229-174|rup=002-01,5.7500000,235953818.2270000
smlt=00|ses=0006|src=229-10|rup=001-01,5.2500000,234977503.9920000
smlt=00|ses=0010|src=232-32|rup=003-01,6.2500000,234036738.0180000
smlt=00|ses=0003|src=230-339|rup=002-01,5.7500000,232895321.3700000
smlt=00|ses=0002|src=230-326|rup=001-02,5.2500000,230145215.2580000
smlt=00|ses=0006|src=234-40|rup=001-01,5.2500000,229409574.8430000
smlt=00|ses=0006|src=229-160|rup=003-01,6.2500000,229317692.5530000
smlt=00|ses=0008|src=232-11|rup=002-01,5.7500000,228727872.0310000
smlt=00|ses=0007|src=229-24|rup=001-01,5.2500000,226221184.5610000
smlt=00|ses=0009|src=229-170|rup=002-01,5.7500000,225420807.8990000
smlt=00|ses=0002|src=234-54|rup=001-01,5.2500000,225341732.8520000
smlt=00|ses=0009|src=229-58|rup=001-01,5.2500000,225207761.0280000
smlt=00|ses=0001|src=232-79|rup=001-01,5.2500000,223793309.6070000
smlt=00|ses=0005|src=386-51|rup=001-01,5.2500000,223006858.3340000
smlt=00|ses=0002|src=232-70|rup=001-01,5.2500000,221433472.3570000
smlt=00|ses=0004|src=234-149|rup=004-01,6.7500000,220719167.3390000
smlt=00|ses=0001|src=232-0|rup=001-01,5.2500000,220690835.2540000
smlt=00|ses=0008|src=234-98|rup=003-01,6.2500000,220026624.6060000
smlt=00|ses=0006|src=231-220|rup=001-01,5.2500000,219545033.1480000
smlt=00|ses=0005|src=234-31|rup=001-01,5.2500000,218950113.6570000
smlt=00|ses=0003|src=229-57|rup=001-01,5.2500000,218443428.4260000
smlt=00|ses=0008|src=230-304|rup=001-01,5.2500000,217002561.9720000
smlt=00|ses=0005|src=232-7|rup=004-01,6.7500000,216797166.8770000
smlt=00|ses=0004|src=229-3|rup=001-01,5.2500000,216761648.0810000
smlt=00|ses=0010|src=229-152|rup=001-01,5.2500000,216034887.5950000
smlt=00|ses=0007|src=229-110|rup=002-01,5.7500000,215057277.0410000
smlt=00|ses=0002|src=229-172|rup=001-01,5.2500000,213521930.2850000
smlt=00|ses=0006|src=234-35|rup=001-01,5.2500000,213332750.7790000
smlt=00|ses=0005|src=230-169|rup=002-01,5.7500000,213263621.5830000
smlt=00|ses=0001|src=234-130|rup=001-01,5.2500000,211933430.3700000
smlt=00|ses=0006|src=234-132|rup=001-01,5.2500000,211360107.8110000
smlt=00|ses=0010|src=234-144|rup=001-01,5.2500000,211012800.0010000
smlt=00|ses=0006|src=229-42|rup=001-01,5.2500000,210641375.0560000
smlt=00|ses=0003|src=232-77|rup=001-01,5.2500000,209461568.2880000
smlt=00|ses=0002|src=231-277|rup=001-01,5.2500000,208951282.6340000
smlt=00|ses=0007|src=230-320|rup=001-01,5.2500000,208423483.2480000
smlt=00|ses=0007|src=231-269|rup=001-01,5.2500000,204131768.5120000
smlt=00|ses=0002|src=234-19|rup=001-01,5.2500000,203597482.1300000
smlt=00|ses=0009|src=232-110|rup=001-01,5.2500000,202860762.8760000
smlt=00|ses=0009|src=234-126|rup=002-01,5.7500000,200775319.3130000
smlt=00|ses=0004|src=234-121|rup=002-01,5.7500000,199177216.8750000
smlt=00|ses=0004|src=234-14|rup=001-01,5.2500000,199069447.3250000
smlt=00|ses=0009|src=229-156|rup=001-01,5.2500000,194924316.9090000
smlt=00|ses=0004|src=232-73|rup=001-01,5.2500000,194687297.6000000
smlt=00|ses=0004|src=234-26|rup=004-01,6.7500000,194611552.5480000
smlt=00|ses=0008|src=232-72|rup=001-01,5.2500000,194274962.5740000
smlt=00|ses=0007|src=235-399|rup=001-01,5.2500000,194225387.0160000
smlt=00|ses=0005|src=230-111|rup=001-01,5.2500000,194033598.7850000
smlt=00|ses=0007|src=230-302|rup=001-01,5.2500000,193412818.1870000
smlt=00|ses=0003|src=234-93|rup=002-01,5.7500000,192967398.4560000
smlt=00|ses=0004|src=234-28|rup=001-01,5.2500000,192965675.4890000
smlt=00|ses=0003|src=234-108|rup=001-01,5.2500000,191686111.2170000
smlt=00|ses=0001|src=232-58|rup=001-01,5.2500000,190920210.7590000
smlt=00|ses=0007|src=234-138|rup=002-01,5.7500000,189263075.9910000
smlt=00|ses=0007|src=234-31|rup=001-01,5.2500000,188905365.2540000
smlt=00|ses=0004|src=234-89|rup=001-01,5.2500000,188351997.2250000
smlt=00|ses=0002|src=230-326|rup=001-01,5.2500000,187674775.8730000
smlt=00|ses=0003|src=234-15|rup=001-01,5.2500000,187334909.7570000
smlt=00|ses=0008|src=229-167|rup=001-01,5.2500000,186892912.1130000
smlt=00|ses=0007|src=235-396|rup=005-01,7.2500000,184571198.2880000
smlt=00|ses=0010|src=235-460|rup=002-01,5.7500000,183933808.4070000
smlt=00|ses=0006|src=232-26|rup=001-01,5.2500000,183892400.4080000
smlt=00|ses=0001|src=232-43|rup=001-01,5.2500000,183432928.1080000
smlt=00|ses=0008|src=232-62|rup=001-01,5.2500000,182590337.0540000
smlt=00|ses=0007|src=232-53|rup=002-01,5.7500000,182249710.6420000
smlt=00|ses=0001|src=234-66|rup=001-01,5.2500000,181261497.8060000
smlt=00|ses=0007|src=232-67|rup=001-01,5.2500000,180940111.0040000
smlt=00|ses=0001|src=234-129|rup=002-01,5.7500000,179649648.6630000
smlt=00|ses=0002|src=229-163|rup=001-01,5.2500000,179425210.9230000
smlt=00|ses=0007|src=234-112|rup=001-01,5.2500000,179343926.9190000
smlt=00|ses=0002|src=232-1|rup=002-01,5.7500000,178529586.4190000
smlt=00|ses=0002|src=235-459|rup=002-01,5.7500000,176210907.5620000
smlt=00|ses=0004|src=232-90|rup=001-01,5.2500000,175473361.6690000
smlt=00|ses=0009|src=230-333|rup=001-01,5.2500000,175146769.6300000
smlt=00|ses=0004|src=230-344|rup=001-01,5.2500000,174921820.3490000
smlt=00|ses=0010|src=229-111|rup=001-01,5.2500000,174527247.5490000
smlt=00|ses=0001|src=234-60|rup=003-01,6.2500000,173691330.2250000
smlt=00|ses=0006|src=234-13|rup=002-01,5.7500000,172812645.8160000
smlt=00|ses=0006|src=235-329|rup=003-01,6.2500000,172001752.5590000
smlt=00|ses=0002|src=234-81|rup=001-01,5.2500000,171721748.2350000
smlt=00|ses=0005|src=235-427|rup=001-01,5.2500000,169540667.0470000
smlt=00|ses=0003|src=234-98|rup=001-01,5.2500000,168792118.1860000
smlt=00|ses=0008|src=235-409|rup=003-01,6.2500000,167223595.6670000
smlt=00|ses=0002|src=235-411|rup=001-01,5.2500000,165225934.4210000
smlt=00|ses=0007|src=232-29|rup=001-01,5.2500000,164760690.0080000
smlt=00|ses=0002|src=232-113|rup=001-01,5.2500000,164584036.5090000
smlt=00|ses=0007|src=234-94|rup=001-01,5.2500000,164314489.0420000
smlt=00|ses=0009|src=234-73|rup=004-01,6.7500000,162560823.6270000
smlt=00|ses=0002|src=234-69|rup=002-01,5.7500000,162475469.7680000
smlt=00|ses=0004|src=235-501|rup=001-01,5.2500000,162153107.9340000
smlt=00|ses=0001|src=234-128|rup=001-01,5.2500000,162148029.5280000
smlt=00|ses=0004|src=232-41|rup=001-01,5.2500000,161731322.4050000
smlt=00|ses=0008|src=229-159|rup=001-01,5.2500000,160739115.2170000
smlt=00|ses=0002|src=232-52|rup=001-01,5.2500000,159901721.9960000
smlt=00|ses=0009|src=227-193|rup=001-01,5.2500000,159627215.2880000
smlt=00|ses=0004|src=234-106|rup=002-01,5.7500000,159536145.6020000
smlt=00|ses=0006|src=234-8|rup=002-01,5.7500000,159336722.8960000
smlt=00|ses=0001|src=234-95|rup=002-01,5.7500000,156778614.2520000
smlt=00|ses=0004|src=234-98|rup=001-01,5.2500000,154839659.1940000
smlt=00|ses=0006|src=227-136|rup=004-01,6.7500000,153898866.5630000
smlt=00|ses=0004|src=230-322|rup=001-01,5.2500000,153262377.3160000
smlt=00|ses=0006|src=234-94|rup=002-01,5.7500000,153143504.4750000
smlt=00|ses=0004|src=234-76|rup=001-01,5.2500000,151867291.5120000
smlt=00|ses=0008|src=232-43|rup=001-01,5.2500000,151057993.7460000
smlt=00|ses=0008|src=232-59|rup=001-01,5.2500000,150473729.8290000
smlt=00|ses=0001|src=229-166|rup=001-01,5.2500000,150408592.5520000
smlt=00|ses=0008|src=386-5|rup=001-01,5.2500000,149841582.3290000
smlt=00|ses=0001|src=227-150|rup=003-01,6.2500000,149309830.3350000
smlt=00|ses=0007|src=233-54|rup=001-01,5.2500000,149071204.0070000
smlt=00|ses=0001|src=232-15|rup=001-01,5.2500000,148673780.4430000
smlt=00|ses=0001|src=235-371|rup=002-01,5.7500000,148346972.1480000
smlt=00|ses=0009|src=235-207|rup=001-01,5.2500000,147500631.9320000
smlt=00|ses=0008|src=227-193|rup=001-01,5.2500000,147131065.1870000
smlt=00|ses=0007|src=234-127|rup=001-01,5.2500000,146838337.5840000
smlt=00|ses=0003|src=235-448|rup=004-01,6.7500000,145528727.7390000
smlt=00|ses=0001|src=386-53|rup=001-01,5.2500000,143385296.9940000
smlt=00|ses=0007|src=235-497|rup=001-01,5.2500000,141574919.9420000
smlt=00|ses=0007|src=235-308|rup=003-01,6.2500000,139829431.0060000
smlt=00|ses=0002|src=232-17|rup=001-01,5.2500000,139278691.2570000
smlt=00|ses=0002|src=230-344|rup=001-01,5.2500000,138579453.5860000
smlt=00|ses=0009|src=235-376|rup=002-01,5.7500000,138151791.1220000
smlt=00|ses=0005|src=235-155|rup=001-01,5.2500000,137447825.7830000
smlt=00|ses=0007|src=235-387|rup=004-01,6.7500000,136680257.4300000
smlt=00|ses=0005|src=235-80|rup=001-01,5.2500000,132384644.6420000
smlt=00|ses=0010|src=235-224|rup=001-01,5.2500000,132192052.9330000
smlt=00|ses=0001|src=235-228|rup=001-01,5.2500000,131823092.3810000
smlt=00|ses=0002|src=386-5|rup=001-01,5.2500000,131517374.9950000
smlt=00|ses=0010|src=235-359|rup=003-01,6.2500000,131253621.5950000
smlt=00|ses=0008|src=234-67|rup=001-01,5.2500000,129956674.6410000
smlt=00|ses=0007|src=227-200|rup=003-01,6.2500000,129693066.6950000
smlt=00|ses=0010|src=227-107|rup=001-01,5.2500000,129222573.9180000
smlt=00|ses=0005|src=235-364|rup=001-01,5.2500000,128008992.9350000
smlt=00|ses=0001|src=235-101|rup=001-01,5.2500000,127876593.7920000
smlt=00|ses=0008|src=235-348|rup=002-01,5.7500000,127775552.2360000
smlt=00|ses=0002|src=227-142|rup=001-01,5.2500000,127441305.6570000
smlt=00|ses=0009|src=235-284|rup=003-01,6.2500000,127398756.7750000
smlt=00|ses=0010|src=235-487|rup=003-01,6.2500000,126651560.8740000
smlt=00|ses=0006|src=235-497|rup=001-01,5.2500000,126140140.8310000
smlt=00|ses=0008|src=235-475|rup=001-01,5.2500000,126070359.4720000
smlt=00|ses=0004|src=227-146|rup=001-01,5.2500000,126061970.4290000
smlt=00|ses=0009|src=227-121|rup=001-01,5.2500000,125569228.0920000
smlt=00|ses=0006|src=235-486|rup=002-01,5.7500000,123928837.4530000
smlt=00|ses=0006|src=235-321|rup=001-01,5.2500000,123436093.5940000
smlt=00|ses=0009|src=227-158|rup=001-01,5.2500000,122476689.3920000
smlt=00|ses=0010|src=227-197|rup=004-01,6.7500000,121140469.5230000
smlt=00|ses=0006|src=227-114|rup=001-01,5.2500000,120549994.9980000
smlt=00|ses=0001|src=233-93|rup=002-01,5.7500000,120323435.0880000
smlt=00|ses=0003|src=238-166|rup=001-01,5.2500000,119346840.9970000
smlt=00|ses=0010|src=386-38|rup=001-01,5.2500000,118033265.7420000
smlt=00|ses=0002|src=235-475|rup=001-01,5.2500000,114527517.7840000
smlt=00|ses=0005|src=227-106|rup=001-01,5.2500000,114478189.3530000
smlt=00|ses=0001|src=235-305|rup=001-01,5.2500000,112991303.9560000
smlt=00|ses=0003|src=386-55|rup=001-01,5.2500000,112627860.3450000
smlt=00|ses=0009|src=235-499|rup=001-01,5.2500000,110769787.9530000
smlt=00|ses=0005|src=235-326|rup=003-01,6.2500000,110441036.6070000
smlt=00|ses=0007|src=235-370|rup=001-01,5.2500000,109603042.8080000
smlt=00|ses=0004|src=235-500|rup=001-01,5.2500000,109494184.2390000
smlt=00|ses=0002|src=235-170|rup=001-01,5.2500000,108782330.6600000
smlt=00|ses=0010|src=227-141|rup=001-01,5.2500000,108673304.2500000
smlt=00|ses=0006|src=227-169|rup=001-01,5.2500000,108580043.4620000
smlt=00|ses=0002|src=227-117|rup=001-01,5.2500000,107195357.0460000
smlt=00|ses=0005|src=233-23|rup=001-01,5.2500000,107038875.7620000
smlt=00|ses=0008|src=227-109|rup=001-01,5.2500000,106823124.5860000
smlt=00|ses=0005|src=227-119|rup=001-01,5.2500000,106716860.7450000
smlt=00|ses=0003|src=235-206|rup=001-01,5.2500000,106440677.7620000
smlt=00|ses=0003|src=227-146|rup=002-01,5.7500000,106400232.4850000
smlt=00|ses=0004|src=235-149|rup=001-01,5.2500000,106399863.0710000
smlt=00|ses=0005|src=235-142|rup=001-01,5.2500000,104471929.5890000
smlt=00|ses=0003|src=227-130|rup=001-01,5.2500000,101551607.7400000
smlt=00|ses=0007|src=227-126|rup=002-01,5.7500000,101195602.3310000
smlt=00|ses=0006|src=227-105|rup=003-01,6.2500000,100255516.9270000
smlt=00|ses=0010|src=233-11|rup=001-01,5.2500000,99942251.6120000
smlt=00|ses=0009|src=235-282|rup=001-01,5.2500000,99262164.2223000
smlt=00|ses=0001|src=227-204|rup=001-01,5.2500000,98874813.3717000
smlt=00|ses=0005|src=233-69|rup=001-01,5.2500000,98101701.1618000
smlt=00|ses=0003|src=235-350|rup=003-01,6.2500000,98098810.3044000
smlt=00|ses=0006|src=386-47|rup=001-01,5.2500000,98089268.6936000
smlt=00|ses=0006|src=386-56|rup=002-01,5.7500000,97545945.8900000
smlt=00|ses=0006|src=374-255|rup=001-01,5.2500000,96742309.3787000
smlt=00|ses=0005|src=235-465|rup=001-01,5.2500000,96574191.6854000
smlt=00|ses=0005|src=235-91|rup=001-01,5.2500000,94874112.0097000
smlt=00|ses=0010|src=235-322|rup=002-01,5.7500000,94666442.3604000
smlt=00|ses=0002|src=235-79|rup=001-01,5.2500000,94485865.5266000
smlt=00|ses=0003|src=227-113|rup=001-01,5.2500000,93064255.9299000
smlt=00|ses=0010|src=227-124|rup=001-01,5.2500000,92582602.9900000
smlt=00|ses=0006|src=235-244|rup=001-01,5.2500000,91297155.1805000
smlt=00|ses=0003|src=235-320|rup=001-01,5.2500000,90931337.3067000
smlt=00|ses=0009|src=238-173|rup=001-01,5.2500000,90347972.3915000
smlt=00|ses=0005|src=235-279|rup=001-01,5.2500000,88985707.1365000
smlt=00|ses=0006|src=235-103|rup=001-01,5.2500000,88095460.1844000
smlt=00|ses=0006|src=235-47|rup=001-01,5.2500000,88074085.7677000
smlt=00|ses=0004|src=227-123|rup=001-01,5.2500000,87563035.6797000
smlt=00|ses=0005|src=374-262|rup=003-01,6.2500000,87514155.1142000
smlt=00|ses=0002|src=227-80|rup=002-01,5.7500000,87457989.9654000
smlt=00|ses=0008|src=233-35|rup=001-01,5.2500000,87021320.3861000
smlt=00|ses=0001|src=235-239|rup=001-01,5.2500000,86081006.1371000
smlt=00|ses=0006|src=386-74|rup=001-01,5.2500000,85659527.4212000
smlt=00|ses=0009|src=235-102|rup=001-01,5.2500000,85616581.9842000
smlt=00|ses=0002|src=233-14|rup=001-01,5.2500000,84284500.5188000
smlt=00|ses=0001|src=374-260|rup=002-01,5.7500000,83826250.1280000
smlt=00|ses=0009|src=235-253|rup=002-01,5.7500000,82137567.4154000
smlt=00|ses=0010|src=235-150|rup=001-01,5.2500000,81980836.0422000
smlt=00|ses=0008|src=235-31|rup=003-01,6.2500000,81855181.6251000
smlt=00|ses=0009|src=235-58|rup=001-01,5.2500000,81293054.4093000
smlt=00|ses=0006|src=374-233|rup=001-01,5.2500000,80111536.4444000
smlt=00|ses=0006|src=235-124|rup=001-01,5.2500000,79610137.3836000
smlt=00|ses=0006|src=235-339|rup=001-01,5.2500000,79499025.4080000
smlt=00|ses=0007|src=235-78|rup=001-01,5.2500000,77563286.4681000
smlt=00|ses=0002|src=235-194|rup=004-01,6.7500000,77230165.2776000
smlt=00|ses=0003|src=235-241|rup=003-01,6.2500000,76972460.4851000
smlt=00|ses=0003|src=374-196|rup=001-01,5.2500000,76484485.5063000
smlt=00|ses=0005|src=386-11|rup=002-01,5.7500000,76445378.7476000
smlt=00|ses=0005|src=227-72|rup=001-01,5.2500000,75916038.8805000
smlt=00|ses=0001|src=238-154|rup=001-01,5.2500000,75458169.8378000
smlt=00|ses=0009|src=238-154|rup=001-01,5.2500000,74866207.8119000
smlt=00|ses=0006|src=235-243|rup=001-01,5.2500000,74807922.5555000
smlt=00|ses=0001|src=238-140|rup=002-01,5.7500000,74782819.9811000
smlt=00|ses=0010|src=235-146|rup=001-01,5.2500000,74651000.9700000
smlt=00|ses=0009|src=238-181|rup=001-01,5.2500000,73115196.7181000
smlt=00|ses=0008|src=235-240|rup=002-01,5.7500000,71785568.5347000
smlt=00|ses=0010|src=238-143|rup=001-01,5.2500000,70123756.9299000
smlt=00|ses=0006|src=235-56|rup=002-01,5.7500000,69964394.8792000
smlt=00|ses=0004|src=238-182|rup=001-01,5.2500000,69875315.7558000
smlt=00|ses=0010|src=228-43|rup=002-01,5.7500000,69801520.4505000
smlt=00|ses=0010|src=238-165|rup=001-02,5.2500000,69171232.9170000
smlt=00|ses=0002|src=235-144|rup=002-01,5.7500000,68937116.9506000
smlt=00|ses=0005|src=238-114|rup=003-01,6.2500000,67630487.8365000
smlt=00|ses=0006|src=233-95|rup=001-01,5.2500000,67191340.6929000
smlt=00|ses=0005|src=238-121|rup=002-01,5.7500000,66997050.9417000
smlt=00|ses=0001|src=238-181|rup=001-01,5.2500000,66356470.9233000
smlt=00|ses=0010|src=233-5|rup=001-01,5.2500000,65744266.2648000
smlt=00|ses=0002|src=238-122|rup=001-01,5.2500000,65328599.8550000
smlt=00|ses=0010|src=238-165|rup=003-01,6.2500000,65170878.2760000
smlt=00|ses=0007|src=235-295|rup=005-01,7.2500000,65075181.5066000
smlt=00|ses=0005|src=238-160|rup=002-01,5.7500000,64356258.3361000
smlt=00|ses=0010|src=238-179|rup=002-01,5.7500000,64103847.9060000
smlt=00|ses=0003|src=238-151|rup=001-01,5.2500000,64069075.0753000
smlt=00|ses=0003|src=238-113|rup=001-01,5.2500000,64041207.2996000
smlt=00|ses=0004|src=238-176|rup=002-01,5.7500000,64018849.0635000
smlt=00|ses=0003|src=238-183|rup=002-01,5.7500000,63811538.2396000
smlt=00|ses=0007|src=238-138|rup=002-01,5.7500000,63801796.1859000
smlt=00|ses=0006|src=238-149|rup=001-01,5.2500000,63524168.7378000
smlt=00|ses=0001|src=238-145|rup=001-01,5.2500000,62740467.8148000
smlt=00|ses=0005|src=238-130|rup=001-01,5.2500000,62260121.7875000
smlt=00|ses=0001|src=238-145|rup=001-02,5.2500000,62122300.9841000
smlt=00|ses=0004|src=238-177|rup=002-01,5.7500000,62066049.4159000
smlt=00|ses=0009|src=238-138|rup=002-02,5.7500000,61767616.5469000
smlt=00|ses=0007|src=238-185|rup=002-01,5.7500000,61766850.9601000
smlt=00|ses=0001|src=238-174|rup=004-01,6.7500000,61367377.7137000
smlt=00|ses=0006|src=238-181|rup=001-02,5.2500000,61151331.7685000
smlt=00|ses=0002|src=238-178|rup=003-01,6.2500000,60870897.7298000
smlt=00|ses=0001|src=238-151|rup=002-01,5.7500000,60495652.4569000
smlt=00|ses=0003|src=238-130|rup=001-01,5.2500000,60134391.3833000
smlt=00|ses=0009|src=238-112|rup=001-01,5.2500000,60051121.9924000
smlt=00|ses=0009|src=238-92|rup=001-01,5.2500000,59234759.4726000
smlt=00|ses=0001|src=228-156|rup=001-01,5.2500000,59141974.0324000
smlt=00|ses=0002|src=238-152|rup=001-01,5.2500000,59113086.6222000
smlt=00|ses=0006|src=238-113|rup=001-01,5.2500000,58901904.3390000
smlt=00|ses=0008|src=228-115|rup=001-01,5.2500000,58843550.8430000
smlt=00|ses=0003|src=238-167|rup=002-01,5.7500000,58681145.1175000
smlt=00|ses=0010|src=238-153|rup=001-01,5.2500000,58468471.6386000
smlt=00|ses=0001|src=238-179|rup=001-02,5.2500000,58260388.1461000
smlt=00|ses=0001|src=238-177|rup=001-01,5.2500000,57890246.0212000
smlt=00|ses=0004|src=238-178|rup=001-02,5.2500000,57540388.4533000
smlt=00|ses=0010|src=235-41|rup=003-01,6.2500000,57417883.0462000
smlt=00|ses=0005|src=238-180|rup=002-01,5.7500000,57318184.9684000
smlt=00|ses=0002|src=238-137|rup=001-01,5.2500000,57259180.2947000
smlt=00|ses=0002|src=238-168|rup=003-01,6.2500000,56862307.6984000
smlt=00|ses=0008|src=235-166|rup=002-01,5.7500000,56818468.4677000
smlt=00|ses=0001|src=386-29|rup=002-01,5.7500000,56775937.6620000
smlt=00|ses=0004|src=238-145|rup=002-01,5.7500000,56515452.5737000
smlt=00|ses=0007|src=235-244|rup=001-01,5.2500000,56303000.3624000
smlt=00|ses=0001|src=238-144|rup=001-01,5.2500000,56123931.0178000
smlt=00|ses=0003|src=235-210|rup=001-01,5.2500000,56119405.8290000
smlt=00|ses=0010|src=238-156|rup=002-01,5.7500000,55991967.6656000
smlt=00|ses=0006|src=226-207|rup=001-01,5.2500000,55987055.0648000
smlt=00|ses=0008|src=238-170|rup=003-01,6.2500000,55974563.6550000
smlt=00|ses=0005|src=238-172|rup=002-01,5.7500000,55942208.2375000
smlt=00|ses=0006|src=238-130|rup=003-01,6.2500000,55617703.8365000
smlt=00|ses=0008|src=238-122|rup=002-01,5.7500000,55588681.4870000
smlt=00|ses=0002|src=374-133|rup=001-01,5.2500000,55487355.8015000
smlt=00|ses=0005|src=238-126|rup=003-01,6.2500000,55460998.4377000
smlt=00|ses=0001|src=238-180|rup=001-01,5.2500000,55456021.4276000
smlt=00|ses=0001|src=238-179|rup=001-01,5.2500000,55299192.4132000
smlt=00|ses=0003|src=227-84|rup=001-01,5.2500000,55195790.0353000
smlt=00|ses=0003|src=238-124|rup=002-01,5.7500000,54431333.8104000
smlt=00|ses=0001|src=235-244|rup=003-01,6.2500000,53978987.2416000
smlt=00|ses=0001|src=238-113|rup=003-01,6.2500000,53870158.9886000
smlt=00|ses=0003|src=238-178|rup=001-01,5.2500000,53763330.3687000
smlt=00|ses=0001|src=386-46|rup=002-01,5.7500000,53664540.6444000
smlt=00|ses=0002|src=238-110|rup=003-01,6.2500000,53522479.6409000
smlt=00|ses=0004|src=238-178|rup=001-01,5.2500000,53505210.6685000
smlt=00|ses=0009|src=238-122|rup=001-01,5.2500000,53486327.5445000
smlt=00|ses=0001|src=233-91|rup=001-01,5.2500000,53479884.3376000
smlt=00|ses=0006|src=238-170|rup=001-01,5.2500000,53267952.7184000
smlt=00|ses=0007|src=238-128|rup=001-01,5.2500000,53263591.6922000
smlt=00|ses=0006|src=238-181|rup=001-01,5.2500000,53252067.9770000
smlt=00|ses=0002|src=238-150|rup=002-01,5.7500000,53151433.6995000
smlt=00|ses=0010|src=238-122|rup=001-01,5.2500000,53026961.4263000
smlt=00|ses=0008|src=238-131|rup=001-01,5.2500000,52989196.9359000
smlt=00|ses=0002|src=238-159|rup=001-01,5.2500000,52978886.3552000
smlt=00|ses=0004|src=238-147|rup=001-02,5.2500000,52977497.1800000
smlt=00|ses=0003|src=235-138|rup=002-01,5.7500000,52959974.6915000
smlt=00|ses=0007|src=238-168|rup=001-01,5.2500000,52838569.8403000
smlt=00|ses=0009|src=238-138|rup=002-01,5.7500000,52762898.0227000
smlt=00|ses=0003|src=238-123|rup=003-01,6.2500000,52747595.4524000
smlt=00|ses=0004|src=386-45|rup=002-01,5.7500000,52746316.5161000
smlt=00|ses=0005|src=238-157|rup=004-01,6.7500000,52742967.6226000
smlt=00|ses=0006|src=235-74|rup=001-01,5.2500000,52715494.6864000
smlt=00|ses=0003|src=238-131|rup=001-01,5.2500000,52588168.3957000
smlt=00|ses=0009|src=238-114|rup=002-01,5.7500000,52587375.0643000
smlt=00|ses=0005|src=238-122|rup=002-01,5.7500000,52368453.1771000
smlt=00|ses=0004|src=238-178|rup=004-01,6.7500000,52147941.9427000
smlt=00|ses=0003|src=235-240|rup=003-01,6.2500000,51872752.9041000
smlt=00|ses=0002|src=238-144|rup=002-01,5.7500000,51856210.8315000
smlt=00|ses=0006|src=233-62|rup=001-01,5.2500000,51788711.8708000
smlt=00|ses=0001|src=238-160|rup=001-01,5.2500000,51459834.2916000
smlt=00|ses=0002|src=238-180|rup=002-01,5.7500000,51070611.2841000
smlt=00|ses=0002|src=238-140|rup=001-01,5.2500000,51044615.4410000
smlt=00|ses=0003|src=233-47|rup=001-01,5.2500000,51043664.7947000
smlt=00|ses=0003|src=233-17|rup=003-01,6.2500000,50982482.8084000
smlt=00|ses=0002|src=235-28|rup=001-01,5.2500000,50938646.4244000
smlt=00|ses=0007|src=238-137|rup=001-01,5.2500000,50689326.4523000
smlt=00|ses=0002|src=238-152|rup=003-01,6.2500000,50496310.8120000
smlt=00|ses=0001|src=238-133|rup=001-01,5.2500000,50187840.9437000
smlt=00|ses=0007|src=238-143|rup=001-01,5.2500000,50184737.0753000
smlt=00|ses=0006|src=228-159|rup=003-01,6.2500000,50104418.9775000
smlt=00|ses=0008|src=238-153|rup=002-01,5.7500000,50065941.1371000
smlt=00|ses=0006|src=238-139|rup=002-01,5.7500000,50019715.5445000
smlt=00|ses=0009|src=374-165|rup=001-01,5.2500000,49995813.3260000
smlt=00|ses=0007|src=238-177|rup=001-01,5.2500000,49982867.9621000
smlt=00|ses=0002|src=238-123|rup=001-01,5.2500000,49975314.5510000
smlt=00|ses=0003|src=238-152|rup=003-01,6.2500000,49726789.6499000
smlt=00|ses=0002|src=238-142|rup=003-01,6.2500000,49717161.1145000
smlt=00|ses=0008|src=238-169|rup=001-01,5.2500000,49701863.4232000
smlt=00|ses=0002|src=238-124|rup=001-01,5.2500000,49622657.8467000
smlt=00|ses=0010|src=238-124|rup=002-01,5.7500000,49601024.7360000
smlt=00|ses=0003|src=238-122|rup=001-01,5.2500000,49306362.1279000
smlt=00|ses=0007|src=238-139|rup=002-01,5.7500000,49282826.9618000
smlt=00|ses=0007|src=238-124|rup=001-01,5.2500000,49216375.2498000
smlt=00|ses=0008|src=238-162|rup=001-01,5.2500000,48639553.2292000
smlt=00|ses=0001|src=238-128|rup=001-01,5.2500000,48535939.3843000
smlt=00|ses=0009|src=238-177|rup=003-01,6.2500000,48499904.4701000
smlt=00|ses=0007|src=238-159|rup=002-01,5.7500000,48479788.4976000
smlt=00|ses=0008|src=228-159|rup=002-01,5.7500000,48411678.4722000
smlt=00|ses=0002|src=238-145|rup=001-01,5.2500000,47981236.9721000
smlt=00|ses=0002|src=238-120|rup=001-01,5.2500000,47918770.4922000
smlt=00|ses=0010|src=238-134|rup=001-01,5.2500000,47891317.9068000
smlt=00|ses=0002|src=238-182|rup=001-01,5.2500000,47597262.7077000
smlt=00|ses=0001|src=238-168|rup=001-01,5.2500000,47293388.3489000
smlt=00|ses=0005|src=238-150|rup=001-01,5.2500000,46860561.1289000
smlt=00|ses=0004|src=238-136|rup=001-01,5.2500000,46830153.7402000
smlt=00|ses=0008|src=238-112|rup=001-01,5.2500000,46639817.3762000
smlt=00|ses=0009|src=238-93|rup=004-01,6.7500000,46308898.3161000
smlt=00|ses=0005|src=233-39|rup=001-01,5.2500000,46190836.5408000
smlt=00|ses=0010|src=227-78|rup=001-01,5.2500000,46181883.9839000
smlt=00|ses=0007|src=238-166|rup=001-01,5.2500000,45976142.7028000
smlt=00|ses=0008|src=238-164|rup=001-01,5.2500000,45933441.9627000
smlt=00|ses=0003|src=238-165|rup=001-01,5.2500000,45771262.5201000
smlt=00|ses=0002|src=235-4|rup=005-01,7.2500000,45377077.7462000
smlt=00|ses=0001|src=238-156|rup=002-01,5.7500000,45141154.6486000
smlt=00|ses=0007|src=238-157|rup=001-01,5.2500000,45078193.6669000
smlt=00|ses=0006|src=238-97|rup=001-01,5.2500000,44847496.4144000
smlt=00|ses=0006|src=238-152|rup=001-01,5.2500000,44780377.8251000
smlt=00|ses=0005|src=238-130|rup=002-01,5.7500000,44626662.6637000
smlt=00|ses=0006|src=238-121|rup=001-01,5.2500000,44366737.9624000
smlt=00|ses=0004|src=238-110|rup=002-01,5.7500000,44022725.8263000
smlt=00|ses=0010|src=238-99|rup=001-01,5.2500000,43758441.2506000
smlt=00|ses=0005|src=238-120|rup=001-01,5.2500000,43678000.9913000
smlt=00|ses=0008|src=228-171|rup=001-01,5.2500000,43529433.7412000
smlt=00|ses=0004|src=238-92|rup=001-01,5.2500000,43453668.3136000
smlt=00|ses=0008|src=386-60|rup=002-01,5.7500000,43336659.4295000
smlt=00|ses=0007|src=238-108|rup=001-01,5.2500000,43278823.5071000
smlt=00|ses=0009|src=238-123|rup=001-01,5.2500000,43024702.2154000
smlt=00|ses=0007|src=226-212|rup=001-01,5.2500000,42694969.9043000
smlt=00|ses=0009|src=226-116|rup=001-01,5.2500000,42691386.5507000
smlt=00|ses=0002|src=238-156|rup=001-01,5.2500000,42253199.4057000
smlt=00|ses=0006|src=226-210|rup=001-01,5.2500000,42220790.0854000
smlt=00|ses=0001|src=227-46|rup=001-01,5.2500000,41675161.9004000
smlt=00|ses=0008|src=238-97|rup=001-01,5.2500000,41465904.1071000
smlt=00|ses=0002|src=238-159|rup=004-01,6.7500000,41364123.2033000
smlt=00|ses=0006|src=238-158|rup=002-01,5.7500000,41300407.0141000
smlt=00|ses=0006|src=235-162|rup=002-01,5.7500000,40667214.2596000
smlt=00|ses=0004|src=238-120|rup=003-01,6.2500000,40507162.6549000
smlt=00|ses=0007|src=238-132|rup=001-01,5.2500000,40467975.6884000
smlt=00|ses=0010|src=235-210|rup=001-01,5.2500000,39997633.7495000
smlt=00|ses=0010|src=238-105|rup=002-01,5.7500000,39428178.0397000
smlt=00|ses=0004|src=238-147|rup=001-01,5.2500000,39252996.3887000
smlt=00|ses=0003|src=238-159|rup=001-01,5.2500000,38769627.4056000
smlt=00|ses=0007|src=238-169|rup=001-01,5.2500000,38752759.3206000
smlt=00|ses=0001|src=238-132|rup=001-01,5.2500000,38742983.3082000
smlt=00|ses=0010|src=238-165|rup=001-01,5.2500000,38132291.0553000
smlt=00|ses=0010|src=238-96|rup=002-01,5.7500000,38054198.7010000
smlt=00|ses=0009|src=238-108|rup=002-01,5.7500000,37948894.0667000
smlt=00|ses=0002|src=238-174|rup=001-01,5.2500000,37921752.7757000
smlt=00|ses=0003|src=238-172|rup=001-01,5.2500000,37840356.9125000
smlt=00|ses=0002|src=238-105|rup=001-01,5.2500000,37212217.9108000
smlt=00|ses=0001|src=238-103|rup=002-01,5.7500000,37076694.9464000
smlt=00|ses=0005|src=228-69|rup=001-01,5.2500000,36933979.4356000
smlt=00|ses=0005|src=374-106|rup=003-01,6.2500000,36784115.3067000
smlt=00|ses=0009|src=238-117|rup=001-01,5.2500000,36711552.2471000
smlt=00|ses=0005|src=238-152|rup=001-01,5.2500000,36494197.6254000
smlt=00|ses=0009|src=238-164|rup=001-01,5.2500000,36425532.9120000
smlt=00|ses=0005|src=228-156|rup=001-01,5.2500000,36208007.7637000
smlt=00|ses=0002|src=238-96|rup=002-01,5.7500000,35755006.3201000
smlt=00|ses=0004|src=238-98|rup=002-01,5.7500000,35704539.8279000
smlt=00|ses=0004|src=238-97|rup=001-01,5.2500000,35204420.0393000
smlt=00|ses=0005|src=238-82|rup=001-01,5.2500000,35062916.6891000
smlt=00|ses=0003|src=235-135|rup=001-01,5.2500000,34939237.1232000
smlt=00|ses=0001|src=235-0|rup=001-01,5.2500000,34906231.4716000
smlt=00|ses=0008|src=238-104|rup=002-01,5.7500000,33990183.4676000
smlt=00|ses=0009|src=374-176|rup=001-01,5.2500000,33987540.3031000
smlt=00|ses=0005|src=238-109|rup=001-01,5.2500000,33978150.0515000
smlt=00|ses=0007|src=238-104|rup=002-01,5.7500000,33832185.3401000
smlt=00|ses=0006|src=238-95|rup=003-01,6.2500000,33654749.0047000
smlt=00|ses=0003|src=233-28|rup=001-01,5.2500000,33576752.0677000
smlt=00|ses=0006|src=280-52|rup=001-01,5.2500000,33182550.2447000
smlt=00|ses=0003|src=238-117|rup=002-01,5.7500000,32816103.2481000
smlt=00|ses=0006|src=235-11|rup=002-01,5.7500000,32602786.6429000
smlt=00|ses=0001|src=238-104|rup=002-01,5.7500000,32467864.9448000
smlt=00|ses=0007|src=238-165|rup=001-01,5.2500000,32284807.0173000
smlt=00|ses=0008|src=238-150|rup=002-01,5.7500000,31466971.2658000
smlt=00|ses=0003|src=227-52|rup=002-01,5.7500000,31320701.6856000
smlt=00|ses=0004|src=228-157|rup=001-01,5.2500000,31107381.6061000
smlt=00|ses=0006|src=280-4|rup=002-01,5.7500000,30361277.1295000
smlt=00|ses=0006|src=238-118|rup=001-01,5.2500000,30124691.7785000
smlt=00|ses=0003|src=235-111|rup=001-01,5.2500000,30080298.5937000
smlt=00|ses=0006|src=238-116|rup=003-01,6.2500000,29976467.8817000
smlt=00|ses=0003|src=374-239|rup=001-01,5.2500000,29656486.7739000
smlt=00|ses=0001|src=238-97|rup=001-01,5.2500000,29521936.8537000
smlt=00|ses=0007|src=238-80|rup=001-01,5.2500000,29263514.0048000
smlt=00|ses=0005|src=228-136|rup=001-01,5.2500000,29007083.7839000
smlt=00|ses=0006|src=238-79|rup=002-01,5.7500000,28924592.0744000
smlt=00|ses=0010|src=235-156|rup=002-01,5.7500000,28841057.7197000
smlt=00|ses=0008|src=238-93|rup=002-01,5.7500000,28794497.5195000
smlt=00|ses=0004|src=238-92|rup=002-01,5.7500000,28751216.1644000
smlt=00|ses=0004|src=238-102|rup=001-01,5.2500000,28597525.6249000
smlt=00|ses=0006|src=238-93|rup=002-01,5.7500000,28233817.4008000
smlt=00|ses=0002|src=238-99|rup=001-01,5.2500000,28209736.7924000
smlt=00|ses=0004|src=238-84|rup=001-01,5.2500000,28186388.9737000
smlt=00|ses=0004|src=238-104|rup=002-01,5.7500000,28175881.4194000
smlt=00|ses=0004|src=238-104|rup=002-02,5.7500000,28129825.1157000
smlt=00|ses=0007|src=238-119|rup=002-01,5.7500000,28074499.6452000
smlt=00|ses=0005|src=228-163|rup=001-01,5.2500000,26609853.1852000
smlt=00|ses=0007|src=238-52|rup=001-01,5.2500000,26436151.1499000
smlt=00|ses=0003|src=239-105|rup=002-01,5.7500000,25968022.8562000
smlt=00|ses=0002|src=238-91|rup=001-01,5.2500000,25872381.3504000
smlt=00|ses=0002|src=238-93|rup=002-01,5.7500000,25548834.2753000
smlt=00|ses=0004|src=239-112|rup=001-01,5.2500000,25543403.3528000
smlt=00|ses=0009|src=238-82|rup=001-01,5.2500000,25344531.2889000
smlt=00|ses=0007|src=280-31|rup=001-01,5.2500000,25138810.1707000
smlt=00|ses=0001|src=238-91|rup=001-01,5.2500000,25062110.5299000
smlt=00|ses=0009|src=238-92|rup=003-01,6.2500000,24785504.0965000
smlt=00|ses=0004|src=239-105|rup=001-01,5.2500000,24430309.5140000
smlt=00|ses=0002|src=374-43|rup=002-01,5.7500000,23758637.2042000
smlt=00|ses=0009|src=238-92|rup=001-02,5.2500000,23735317.1021000
smlt=00|ses=0008|src=238-87|rup=001-01,5.2500000,23710471.1596000
smlt=00|ses=0009|src=228-124|rup=001-01,5.2500000,23460526.1366000
smlt=00|ses=0008|src=228-119|rup=001-01,5.2500000,23448479.3908000
smlt=00|ses=0007|src=280-17|rup=001-01,5.2500000,23236492.4620000
smlt=00|ses=0009|src=238-68|rup=002-01,5.7500000,23050344.7350000
smlt=00|ses=0005|src=238-75|rup=002-01,5.7500000,22785292.2742000
smlt=00|ses=0007|src=228-50|rup=002-01,5.7500000,22783042.1889000
smlt=00|ses=0003|src=238-68|rup=002-01,5.7500000,22505736.3232000
smlt=00|ses=0005|src=228-147|rup=001-01,5.2500000,22390682.8342000
smlt=00|ses=0007|src=238-82|rup=001-01,5.2500000,22014974.5998000
smlt=00|ses=0002|src=228-132|rup=002-01,5.7500000,21954295.7913000
smlt=00|ses=0009|src=280-31|rup=003-01,6.2500000,21936442.1445000
smlt=00|ses=0003|src=228-11|rup=002-01,5.7500000,20447771.3134000
smlt=00|ses=0005|src=280-37|rup=001-01,5.2500000,20363337.0185000
smlt=00|ses=0010|src=280-34|rup=001-01,5.2500000,20349968.3423000
smlt=00|ses=0006|src=238-53|rup=001-01,5.2500000,20077374.1917000
smlt=00|ses=0007|src=238-65|rup=001-01,5.2500000,19935256.6661000
smlt=00|ses=0009|src=280-23|rup=001-01,5.2500000,19800860.3678000
smlt=00|ses=0004|src=238-87|rup=002-01,5.7500000,19770631.4519000
smlt=00|ses=0006|src=239-106|rup=002-01,5.7500000,19493867.9453000
smlt=00|ses=0009|src=239-103|rup=001-01,5.2500000,19359550.7523000
smlt=00|ses=0006|src=238-80|rup=001-01,5.2500000,19213153.6822000
smlt=00|ses=0005|src=238-79|rup=001-01,5.2500000,19095281.7020000
smlt=00|ses=0007|src=238-57|rup=004-01,6.7500000,19019892.3059000
smlt=00|ses=0001|src=238-79|rup=001-01,5.2500000,18940897.7576000
smlt=00|ses=0008|src=238-91|rup=004-01,6.7500000,18493793.3790000
smlt=00|ses=0005|src=238-79|rup=001-02,5.2500000,18464294.9482000
smlt=00|ses=0010|src=280-27|rup=001-01,5.2500000,18416581.9611000
smlt=00|ses=0008|src=227-27|rup=001-01,5.2500000,18249249.6612000
smlt=00|ses=0002|src=280-22|rup=002-01,5.7500000,18196918.4194000
smlt=00|ses=0006|src=280-22|rup=002-01,5.7500000,18118736.3264000
smlt=00|ses=0008|src=238-85|rup=001-03,5.2500000,17988276.8756000
smlt=00|ses=0008|src=280-14|rup=001-01,5.2500000,17968442.8547000
smlt=00|ses=0006|src=374-17|rup=002-01,5.7500000,17884367.7216000
smlt=00|ses=0002|src=374-144|rup=001-01,5.2500000,17599330.3589000
smlt=00|ses=0006|src=236-508|rup=001-01,5.2500000,17555607.3651000
smlt=00|ses=0005|src=238-63|rup=002-01,5.7500000,17525012.2606000
smlt=00|ses=0001|src=240-94|rup=001-01,5.2500000,17399691.4051000
smlt=00|ses=0008|src=280-43|rup=001-01,5.2500000,17379234.0284000
smlt=00|ses=0004|src=238-90|rup=001-01,5.2500000,17342619.0764000
smlt=00|ses=0004|src=239-104|rup=002-01,5.7500000,17236839.5653000
smlt=00|ses=0008|src=238-65|rup=002-01,5.7500000,17165576.4857000
smlt=00|ses=0004|src=239-114|rup=001-01,5.2500000,17014634.9394000
smlt=00|ses=0002|src=374-50|rup=002-01,5.7500000,17003606.2572000
smlt=00|ses=0002|src=239-100|rup=001-01,5.2500000,16790331.7304000
smlt=00|ses=0008|src=226-236|rup=001-01,5.2500000,16532858.9660000
smlt=00|ses=0004|src=238-85|rup=001-01,5.2500000,16486701.9439000
smlt=00|ses=0008|src=238-67|rup=002-01,5.7500000,16450757.3222000
smlt=00|ses=0009|src=238-75|rup=002-01,5.7500000,16445301.2271000
smlt=00|ses=0004|src=235-3|rup=001-01,5.2500000,16372867.7374000
smlt=00|ses=0001|src=238-74|rup=002-01,5.7500000,16252833.7508000
smlt=00|ses=0009|src=239-87|rup=002-01,5.7500000,16165460.9663000
smlt=00|ses=0007|src=238-64|rup=001-01,5.2500000,16160624.1197000
smlt=00|ses=0007|src=236-425|rup=002-01,5.7500000,16129925.3357000
smlt=00|ses=0003|src=386-77|rup=002-01,5.7500000,16085924.5914000
smlt=00|ses=0004|src=280-44|rup=001-01,5.2500000,15973095.5117000
smlt=00|ses=0003|src=238-85|rup=001-01,5.2500000,15733894.1795000
smlt=00|ses=0009|src=238-74|rup=002-01,5.7500000,15478407.8588000
smlt=00|ses=0004|src=374-145|rup=001-01,5.2500000,15439444.3763000
smlt=00|ses=0008|src=238-87|rup=001-02,5.2500000,15158887.1301000
smlt=00|ses=0002|src=238-71|rup=004-01,6.7500000,15039057.8728000
smlt=00|ses=0008|src=238-65|rup=001-01,5.2500000,14992678.4520000
smlt=00|ses=0006|src=238-66|rup=001-01,5.2500000,14626350.1811000
smlt=00|ses=0008|src=238-85|rup=001-02,5.2500000,14602833.3124000
smlt=00|ses=0001|src=238-76|rup=002-01,5.7500000,14416299.9357000
smlt=00|ses=0005|src=227-14|rup=001-01,5.2500000,14238539.4069000
smlt=00|ses=0005|src=272-177|rup=001-01,5.2500000,14105730.9428000
smlt=00|ses=0003|src=238-67|rup=003-01,6.2500000,13995058.6483000
smlt=00|ses=0005|src=238-85|rup=001-01,5.2500000,13948056.2629000
smlt=00|ses=0004|src=239-85|rup=002-01,5.7500000,13822315.1522000
smlt=00|ses=0004|src=236-529|rup=001-01,5.2500000,13419402.0154000
smlt=00|ses=0001|src=238-52|rup=001-01,5.2500000,13345759.8214000
smlt=00|ses=0009|src=238-85|rup=001-01,5.2500000,13332761.0031000
smlt=00|ses=0009|src=238-59|rup=002-01,5.7500000,12953273.0556000
smlt=00|ses=0010|src=238-76|rup=001-01,5.2500000,12867962.1380000
smlt=00|ses=0004|src=272-147|rup=002-01,5.7500000,12643582.9696000
smlt=00|ses=0008|src=238-66|rup=001-01,5.2500000,12563509.0951000
smlt=00|ses=0003|src=235-48|rup=004-01,6.7500000,12472485.9293000
smlt=00|ses=0007|src=238-62|rup=001-01,5.2500000,12281760.3949000
smlt=00|ses=0002|src=240-108|rup=001-01,5.2500000,12180633.0496000
smlt=00|ses=0001|src=238-57|rup=004-01,6.7500000,12033454.3035000
smlt=00|ses=0008|src=238-62|rup=003-01,6.2500000,11780848.9953000
smlt=00|ses=0009|src=386-89|rup=001-01,5.2500000,11759419.2484000
smlt=00|ses=0001|src=386-79|rup=002-01,5.7500000,11632153.9323000
smlt=00|ses=0008|src=238-85|rup=001-01,5.2500000,11596480.3680000
smlt=00|ses=0007|src=240-115|rup=001-01,5.2500000,11593385.6413000
smlt=00|ses=0001|src=236-517|rup=002-01,5.7500000,11566288.0452000
smlt=00|ses=0001|src=239-88|rup=002-01,5.7500000,11493564.8251000
smlt=00|ses=0004|src=238-50|rup=002-01,5.7500000,11394012.4864000
smlt=00|ses=0009|src=238-86|rup=001-01,5.2500000,11388051.8764000
smlt=00|ses=0010|src=238-73|rup=001-01,5.2500000,11295129.6912000
smlt=00|ses=0007|src=238-61|rup=001-01,5.2500000,11100270.3731000
smlt=00|ses=0004|src=238-50|rup=001-01,5.2500000,10980192.0458000
smlt=00|ses=0005|src=238-57|rup=001-01,5.2500000,10947953.6779000
smlt=00|ses=0009|src=374-147|rup=001-01,5.2500000,10819285.8864000
smlt=00|ses=0009|src=239-110|rup=001-01,5.2500000,10783877.4747000
smlt=00|ses=0009|src=238-61|rup=001-01,5.2500000,10725846.7164000
smlt=00|ses=0001|src=238-74|rup=003-01,6.2500000,10644558.7930000
smlt=00|ses=0007|src=240-116|rup=004-01,6.7500000,10589725.7453000
smlt=00|ses=0004|src=239-88|rup=001-01,5.2500000,10208390.5252000
smlt=00|ses=0009|src=238-49|rup=001-02,5.2500000,10201594.1952000
smlt=00|ses=0001|src=238-71|rup=004-01,6.7500000,10197831.9599000
smlt=00|ses=0002|src=238-49|rup=004-01,6.7500000,10139168.3617000
smlt=00|ses=0009|src=240-95|rup=001-01,5.2500000,9880485.5804000
smlt=00|ses=0007|src=240-108|rup=001-01,5.2500000,9805834.4933500
smlt=00|ses=0001|src=240-95|rup=001-01,5.2500000,9654586.0778600
smlt=00|ses=0002|src=238-86|rup=001-01,5.2500000,9549673.2577900
smlt=00|ses=0007|src=240-95|rup=002-01,5.7500000,9493740.9121400
smlt=00|ses=0005|src=239-92|rup=001-01,5.2500000,9493335.2984900
smlt=00|ses=0002|src=227-38|rup=001-01,5.2500000,9375358.0974200
smlt=00|ses=0003|src=238-40|rup=001-01,5.2500000,9299500.3282100
smlt=00|ses=0002|src=238-26|rup=001-01,5.2500000,9255972.5817600
smlt=00|ses=0010|src=238-59|rup=001-01,5.2500000,9045641.6668500
smlt=00|ses=0010|src=240-100|rup=002-01,5.7500000,9042854.3296600
smlt=00|ses=0001|src=238-57|rup=001-01,5.2500000,8949764.5760200
smlt=00|ses=0001|src=238-49|rup=003-01,6.2500000,8785591.1663200
smlt=00|ses=0006|src=238-60|rup=002-01,5.7500000,8725971.4395100
smlt=00|ses=0006|src=238-58|rup=001-01,5.2500000,8640138.5229900
smlt=00|ses=0010|src=239-89|rup=003-01,6.2500000,8440361.2776900
smlt=00|ses=0009|src=238-51|rup=002-01,5.7500000,8368253.7527200
smlt=00|ses=0009|src=374-83|rup=001-01,5.2500000,8363626.6626200
smlt=00|ses=0007|src=238-47|rup=003-01,6.2500000,8319957.0597300
smlt=00|ses=0008|src=238-57|rup=003-01,6.2500000,8188975.3019400
smlt=00|ses=0007|src=240-88|rup=001-01,5.2500000,8154685.5531300
smlt=00|ses=0005|src=240-102|rup=001-01,5.2500000,8139670.2911000
smlt=00|ses=0001|src=227-31|rup=001-01,5.2500000,8134223.0654600
smlt=00|ses=0009|src=238-60|rup=001-01,5.2500000,8127198.7819900
smlt=00|ses=0010|src=228-50|rup=001-01,5.2500000,8122353.2892200
smlt=00|ses=0010|src=238-72|rup=003-01,6.2500000,7909923.6853500
smlt=00|ses=0009|src=238-55|rup=003-01,6.2500000,7838053.5916900
smlt=00|ses=0005|src=238-73|rup=002-01,5.7500000,7815225.4721800
smlt=00|ses=0001|src=374-117|rup=001-01,5.2500000,7793125.9552100
smlt=00|ses=0005|src=240-103|rup=001-01,5.2500000,7556956.2489800
smlt=00|ses=0007|src=238-72|rup=003-01,6.2500000,7556170.7895900
smlt=00|ses=0003|src=240-96|rup=001-01,5.2500000,7320456.1178500
smlt=00|ses=0010|src=374-85|rup=001-01,5.2500000,7319266.8755500
smlt=00|ses=0006|src=236-503|rup=002-01,5.7500000,7137492.5785800
smlt=00|ses=0010|src=374-19|rup=001-01,5.2500000,6959508.8730800
smlt=00|ses=0010|src=236-512|rup=003-01,6.2500000,6927383.8190200
smlt=00|ses=0008|src=227-13|rup=001-01,5.2500000,6803498.1706700
smlt=00|ses=0004|src=228-79|rup=002-01,5.7500000,6777791.7840200
smlt=00|ses=0004|src=238-56|rup=002-01,5.7500000,6713317.1145100
smlt=00|ses=0009|src=238-49|rup=001-01,5.2500000,6682210.6716700
smlt=00|ses=0007|src=228-104|rup=001-01,5.2500000,6643437.8966700
smlt=00|ses=0006|src=238-55|rup=001-01,5.2500000,6580028.3572900
smlt=00|ses=0010|src=238-46|rup=001-01,5.2500000,6571799.5740500
smlt=00|ses=0006|src=238-24|rup=001-01,5.2500000,6373023.3047500
smlt=00|ses=0003|src=238-47|rup=001-01,5.2500000,6292408.5103400
smlt=00|ses=0001|src=238-45|rup=004-01,6.7500000,6083842.0640100
smlt=00|ses=0009|src=240-98|rup=001-01,5.2500000,5875540.5930000
smlt=00|ses=0010|src=236-379|rup=002-01,5.7500000,5611164.3968700
smlt=00|ses=0001|src=238-39|rup=001-01,5.2500000,5387958.8143600
smlt=00|ses=0008|src=238-69|rup=003-01,6.2500000,5253986.8569700
smlt=00|ses=0002|src=240-119|rup=002-01,5.7500000,5167078.9557000
smlt=00|ses=0001|src=238-21|rup=001-01,5.2500000,5122131.4143600
smlt=00|ses=0008|src=240-82|rup=001-01,5.2500000,5106171.1399700
smlt=00|ses=0010|src=228-103|rup=001-01,5.2500000,5069933.4474000
smlt=00|ses=0008|src=236-514|rup=002-01,5.7500000,5005139.2525400
smlt=00|ses=0007|src=228-3|rup=001-01,5.2500000,5000914.9299100
smlt=00|ses=0001|src=238-45|rup=001-01,5.2500000,4978678.4822700
smlt=00|ses=0006|src=240-116|rup=001-01,5.2500000,4971602.9911000
smlt=00|ses=0002|src=238-70|rup=001-01,5.2500000,4916643.5206800
smlt=00|ses=0003|src=238-45|rup=001-01,5.2500000,4905955.0936400
smlt=00|ses=0007|src=238-45|rup=001-01,5.2500000,4895794.1085000
smlt=00|ses=0006|src=240-76|rup=001-01,5.2500000,4817682.6793200
smlt=00|ses=0009|src=238-23|rup=001-01,5.2500000,4577391.3789300
smlt=00|ses=0008|src=238-20|rup=001-01,5.2500000,4438047.7178000
smlt=00|ses=0010|src=376-210|rup=002-01,5.7500000,4428957.6406300
smlt=00|ses=0006|src=240-104|rup=001-01,5.2500000,4310717.6445200
smlt=00|ses=0006|src=238-35|rup=001-01,5.2500000,4300651.7957400
smlt=00|ses=0008|src=376-209|rup=002-01,5.7500000,4162854.7294000
smlt=00|ses=0010|src=238-35|rup=001-01,5.2500000,4093661.9325600
smlt=00|ses=0001|src=240-111|rup=003-01,6.2500000,4021641.5186300
smlt=00|ses=0002|src=376-219|rup=002-01,5.7500000,3989348.1275000
smlt=00|ses=0007|src=240-111|rup=002-01,5.7500000,3893023.3808500
smlt=00|ses=0010|src=238-55|rup=002-01,5.7500000,3824847.0807900
smlt=00|ses=0003|src=238-42|rup=002-01,5.7500000,3819248.4017900
smlt=00|ses=0005|src=239-80|rup=001-01,5.2500000,3802700.2626000
smlt=00|ses=0005|src=226-11|rup=001-01,5.2500000,3717174.2276500
smlt=00|ses=0006|src=238-36|rup=002-01,5.7500000,3612069.4326800
smlt=00|ses=0006|src=238-43|rup=001-01,5.2500000,3584541.5060000
smlt=00|ses=0007|src=376-196|rup=002-01,5.7500000,3462206.2272100
smlt=00|ses=0003|src=376-219|rup=002-01,5.7500000,3429179.3252100
smlt=00|ses=0007|src=376-208|rup=002-01,5.7500000,3400124.0131200
smlt=00|ses=0006|src=238-35|rup=002-01,5.7500000,3397904.8104500
smlt=00|ses=0009|src=238-36|rup=001-01,5.2500000,3254952.5371000
smlt=00|ses=0009|src=240-105|rup=002-01,5.7500000,3246260.3833400
smlt=00|ses=0010|src=376-209|rup=002-01,5.7500000,3204352.2648500
smlt=00|ses=0009|src=240-92|rup=001-01,5.2500000,3151233.1298700
smlt=00|ses=0009|src=238-38|rup=002-01,5.7500000,3146449.6035400
smlt=00|ses=0005|src=238-35|rup=003-01,6.2500000,3056973.3604500
smlt=00|ses=0004|src=228-16|rup=001-01,5.2500000,3039294.8179800
smlt=00|ses=0008|src=374-24|rup=002-01,5.7500000,3037669.0884500
smlt=00|ses=0003|src=238-35|rup=002-01,5.7500000,2922956.2658500
smlt=00|ses=0010|src=240-84|rup=001-01,5.2500000,2903488.4861500
smlt=00|ses=0007|src=238-36|rup=001-01,5.2500000,2891444.1605600
smlt=00|ses=0005|src=376-208|rup=002-01,5.7500000,2840532.8587800
smlt=00|ses=0004|src=239-57|rup=001-01,5.2500000,2811246.8915700
smlt=00|ses=0004|src=239-64|rup=001-01,5.2500000,2726466.7672600
smlt=00|ses=0001|src=238-55|rup=001-01,5.2500000,2648352.5564400
smlt=00|ses=0001|src=376-209|rup=001-01,5.2500000,2638782.4732100
smlt=00|ses=0001|src=238-36|rup=002-01,5.7500000,2628704.6673000
smlt=00|ses=0010|src=238-20|rup=002-01,5.7500000,2606702.2304700
smlt=00|ses=0004|src=374-119|rup=002-01,5.7500000,2591023.3187700
smlt=00|ses=0008|src=239-64|rup=001-01,5.2500000,2590882.8049500
smlt=00|ses=0002|src=376-211|rup=004-01,6.7500000,2568155.0778600
smlt=00|ses=0002|src=228-82|rup=001-01,5.2500000,2497732.8121700
smlt=00|ses=0006|src=239-65|rup=001-01,5.2500000,2411946.0827500
smlt=00|ses=0005|src=376-186|rup=003-01,6.2500000,2397655.9008300
smlt=00|ses=0009|src=240-86|rup=001-01,5.2500000,2392885.5181700
smlt=00|ses=0002|src=238-42|rup=002-01,5.7500000,2376927.7047000
smlt=00|ses=0002|src=238-41|rup=002-01,5.7500000,2280714.1145300
smlt=00|ses=0009|src=376-197|rup=001-01,5.2500000,2266142.3387100
smlt=00|ses=0006|src=238-41|rup=002-01,5.7500000,2248228.5342100
smlt=00|ses=0004|src=227-17|rup=004-01,6.7500000,2245041.9060500
smlt=00|ses=0003|src=238-43|rup=001-01,5.2500000,2212057.0466400
smlt=00|ses=0010|src=376-199|rup=002-01,5.7500000,2176636.3855800
smlt=00|ses=0006|src=228-57|rup=002-01,5.7500000,2165771.4500100
smlt=00|ses=0007|src=238-18|rup=001-01,5.2500000,2080993.2171900
smlt=00|ses=0007|src=224-7|rup=001-02,5.2500000,2037976.6685700
smlt=00|ses=0009|src=376-199|rup=002-01,5.7500000,2008948.4270300
smlt=00|ses=0003|src=238-17|rup=004-01,6.7500000,1997587.4306300
smlt=00|ses=0002|src=239-74|rup=001-01,5.2500000,1894387.4814800
smlt=00|ses=0005|src=239-66|rup=002-01,5.7500000,1877982.4707900
smlt=00|ses=0003|src=272-220|rup=003-01,6.2500000,1863698.5285200
smlt=00|ses=0006|src=239-51|rup=001-01,5.2500000,1819779.7343900
smlt=00|ses=0001|src=238-21|rup=001-02,5.2500000,1797895.2736500
smlt=00|ses=0004|src=238-32|rup=001-01,5.2500000,1787272.1212900
smlt=00|ses=0004|src=238-23|rup=002-01,5.7500000,1776629.4341200
smlt=00|ses=0006|src=240-72|rup=002-01,5.7500000,1716456.8245000
smlt=00|ses=0001|src=238-41|rup=001-01,5.2500000,1711859.4455900
smlt=00|ses=0010|src=238-22|rup=001-01,5.2500000,1686300.0800600
smlt=00|ses=0004|src=238-54|rup=001-01,5.2500000,1628433.0799200
smlt=00|ses=0001|src=238-42|rup=001-01,5.2500000,1602870.5415600
smlt=00|ses=0009|src=238-33|rup=001-01,5.2500000,1601708.8960500
smlt=00|ses=0005|src=228-57|rup=001-01,5.2500000,1557185.6619700
smlt=00|ses=0003|src=238-24|rup=001-01,5.2500000,1527198.6989700
smlt=00|ses=0008|src=239-66|rup=001-01,5.2500000,1524928.7191400
smlt=00|ses=0009|src=236-521|rup=001-01,5.2500000,1494208.2161900
smlt=00|ses=0009|src=238-17|rup=001-01,5.2500000,1472791.6481700
smlt=00|ses=0004|src=240-72|rup=001-01,5.2500000,1443125.6972100
smlt=00|ses=0007|src=238-42|rup=001-01,5.2500000,1413035.8536200
smlt=00|ses=0010|src=238-19|rup=002-01,5.7500000,1409242.0094400
smlt=00|ses=0007|src=376-199|rup=001-01,5.2500000,1404195.7663200
smlt=00|ses=0005|src=376-188|rup=001-01,5.2500000,1400313.9824200
smlt=00|ses=0007|src=238-41|rup=003-01,6.2500000,1389643.1601800
smlt=00|ses=0002|src=240-64|rup=001-01,5.2500000,1377941.3089200
smlt=00|ses=0004|src=226-13|rup=003-01,6.2500000,1361634.1237500
smlt=00|ses=0009|src=239-68|rup=002-01,5.7500000,1356670.4067900
smlt=00|ses=0008|src=238-18|rup=001-01,5.2500000,1327200.2603200
smlt=00|ses=0006|src=239-68|rup=001-01,5.2500000,1306387.3745600
smlt=00|ses=0010|src=238-16|rup=004-01,6.7500000,1304158.1511200
smlt=00|ses=0001|src=238-42|rup=001-02,5.2500000,1276156.2685800
smlt=00|ses=0008|src=376-203|rup=001-01,5.2500000,1266437.8833900
smlt=00|ses=0001|src=240-80|rup=002-01,5.7500000,1249836.2282700
smlt=00|ses=0007|src=227-0|rup=002-01,5.7500000,1247694.0642600
smlt=00|ses=0007|src=376-201|rup=001-01,5.2500000,1197342.0347900
smlt=00|ses=0008|src=239-61|rup=001-01,5.2500000,1182841.9461400
smlt=00|ses=0001|src=238-17|rup=001-01,5.2500000,1182312.1014400
smlt=00|ses=0008|src=376-202|rup=003-01,6.2500000,1169610.8433100
smlt=00|ses=0005|src=227-11|rup=001-01,5.2500000,1165589.4828100
smlt=00|ses=0007|src=376-191|rup=001-01,5.2500000,1152514.8572400
smlt=00|ses=0010|src=376-215|rup=001-01,5.2500000,1135816.7560300
smlt=00|ses=0007|src=238-21|rup=001-01,5.2500000,1118556.0282400
smlt=00|ses=0007|src=238-16|rup=001-01,5.2500000,1110286.2482400
smlt=00|ses=0007|src=240-87|rup=001-01,5.2500000,1107531.1581600
smlt=00|ses=0003|src=238-30|rup=001-01,5.2500000,1095476.8723400
smlt=00|ses=0008|src=238-16|rup=001-01,5.2500000,1085588.5536900
smlt=00|ses=0006|src=228-88|rup=001-01,5.2500000,1075661.5503200
smlt=00|ses=0009|src=240-58|rup=002-01,5.7500000,1073596.9242800
smlt=00|ses=0007|src=240-49|rup=001-02,5.2500000,1054795.8419700
smlt=00|ses=0005|src=228-35|rup=001-01,5.2500000,1041930.7040900
smlt=00|ses=0001|src=376-165|rup=002-01,5.7500000,1022215.7450100
smlt=00|ses=0004|src=239-60|rup=001-01,5.2500000,996755.0151130
smlt=00|ses=0007|src=240-80|rup=001-01,5.2500000,994335.2043340
smlt=00|ses=0008|src=224-85|rup=001-01,5.2500000,986750.1091000
smlt=00|ses=0003|src=240-87|rup=002-01,5.7500000,960867.7392390
smlt=00|ses=0006|src=376-190|rup=002-01,5.7500000,955310.5757580
smlt=00|ses=0002|src=238-16|rup=001-01,5.2500000,949876.2960840
smlt=00|ses=0005|src=238-16|rup=002-01,5.7500000,935929.3198630
smlt=00|ses=0010|src=226-15|rup=001-01,5.2500000,906936.6693880
smlt=00|ses=0002|src=376-166|rup=001-01,5.2500000,905464.1976840
smlt=00|ses=0002|src=238-16|rup=001-02,5.2500000,901171.6560170
smlt=00|ses=0008|src=238-22|rup=001-01,5.2500000,890740.6745230
smlt=00|ses=0009|src=376-192|rup=001-01,5.2500000,890108.9868180
smlt=00|ses=0009|src=376-192|rup=001-02,5.2500000,888151.9106300
smlt=00|ses=0005|src=238-19|rup=002-01,5.7500000,858772.5559120
smlt=00|ses=0007|src=272-131|rup=001-01,5.2500000,847351.5504960
smlt=00|ses=0004|src=240-66|rup=001-01,5.2500000,838405.5911070
smlt=00|ses=0003|src=376-190|rup=001-01,5.2500000,821848.6338030
smlt=00|ses=0002|src=376-182|rup=001-01,5.2500000,814065.4061220
smlt=00|ses=0010|src=239-52|rup=001-01,5.2500000,807573.9862230
smlt=00|ses=0002|src=240-66|rup=001-01,5.2500000,806008.5198440
smlt=00|ses=0007|src=240-49|rup=001-01,5.2500000,790103.5630360
smlt=00|ses=0007|src=236-315|rup=001-01,5.2500000,785196.1819590
smlt=00|ses=0003|src=376-189|rup=001-01,5.2500000,773818.7489040
smlt=00|ses=0010|src=238-15|rup=003-01,6.2500000,764324.5374310
smlt=00|ses=0001|src=376-167|rup=001-01,5.2500000,754722.7916160
smlt=00|ses=0007|src=224-7|rup=001-01,5.2500000,751031.5180020
smlt=00|ses=0002|src=238-20|rup=001-01,5.2500000,733291.0631010
smlt=00|ses=0008|src=226-4|rup=003-01,6.2500000,723344.0681640
smlt=00|ses=0001|src=238-21|rup=001-03,5.2500000,705045.8722590
smlt=00|ses=0005|src=376-191|rup=001-01,5.2500000,679752.2824930
smlt=00|ses=0005|src=238-15|rup=003-01,6.2500000,679170.2768030
smlt=00|ses=0007|src=240-59|rup=001-01,5.2500000,655075.4713850
smlt=00|ses=0003|src=376-168|rup=001-01,5.2500000,636037.4776110
smlt=00|ses=0007|src=226-156|rup=001-01,5.2500000,595891.5565090
smlt=00|ses=0008|src=376-155|rup=001-01,5.2500000,557975.6466030
smlt=00|ses=0005|src=238-14|rup=002-01,5.7500000,541003.1649250
smlt=00|ses=0009|src=272-175|rup=001-01,5.2500000,479700.1981520
smlt=00|ses=0008|src=240-51|rup=002-01,5.7500000,454923.9246070
smlt=00|ses=0008|src=238-29|rup=001-01,5.2500000,432809.6322870
smlt=00|ses=0004|src=228-39|rup=002-01,5.7500000,425365.0200060
smlt=00|ses=0007|src=272-100|rup=001-01,5.2500000,407295.2661110
smlt=00|ses=0010|src=272-219|rup=001-01,5.2500000,402959.1482960
smlt=00|ses=0005|src=226-240|rup=001-01,5.2500000,387608.2091600
smlt=00|ses=0007|src=376-157|rup=001-01,5.2500000,374261.8872990
smlt=00|ses=0003|src=376-172|rup=001-01,5.2500000,345138.2810780
smlt=00|ses=0005|src=376-195|rup=002-01,5.7500000,343121.9965540
smlt=00|ses=0003|src=239-54|rup=001-01,5.2500000,337358.8589150
smlt=00|ses=0010|src=238-14|rup=001-01,5.2500000,330005.0958850
smlt=00|ses=0006|src=376-185|rup=001-01,5.2500000,314234.7232090
smlt=00|ses=0001|src=376-159|rup=002-01,5.7500000,311386.5546040
smlt=00|ses=0003|src=376-163|rup=001-01,5.2500000,310520.1469150
smlt=00|ses=0004|src=376-125|rup=003-01,6.2500000,310030.1453950
smlt=00|ses=0005|src=238-9|rup=002-01,5.7500000,298531.8450440
smlt=00|ses=0003|src=376-174|rup=002-01,5.7500000,295826.9097670
smlt=00|ses=0008|src=376-195|rup=001-01,5.2500000,293095.5175940
smlt=00|ses=0003|src=240-52|rup=003-01,6.2500000,287691.0616850
smlt=00|ses=0010|src=376-183|rup=001-01,5.2500000,285773.2651040
smlt=00|ses=0005|src=376-125|rup=001-01,5.2500000,283905.1229970
smlt=00|ses=0006|src=376-171|rup=001-01,5.2500000,282408.1807710
smlt=00|ses=0002|src=238-14|rup=001-01,5.2500000,277424.3901090
smlt=00|ses=0010|src=376-125|rup=001-01,5.2500000,233304.2504460
smlt=00|ses=0002|src=226-63|rup=002-01,5.7500000,230283.9657330
smlt=00|ses=0002|src=376-147|rup=001-01,5.2500000,227884.9889900
smlt=00|ses=0010|src=376-173|rup=001-01,5.2500000,223679.4770430
smlt=00|ses=0010|src=238-8|rup=001-01,5.2500000,215267.1223410
smlt=00|ses=0004|src=238-8|rup=001-01,5.2500000,202942.1669550
smlt=00|ses=0003|src=272-115|rup=001-01,5.2500000,201857.9379960
smlt=00|ses=0010|src=238-19|rup=001-01,5.2500000,200205.6761780
smlt=00|ses=0005|src=238-9|rup=001-01,5.2500000,187860.2988520
smlt=00|ses=0008|src=238-9|rup=001-01,5.2500000,187451.7619420
smlt=00|ses=0006|src=376-172|rup=001-01,5.2500000,183236.9216410
smlt=00|ses=0009|src=376-149|rup=003-01,6.2500000,181207.5729030
smlt=00|ses=0002|src=238-19|rup=001-01,5.2500000,170357.3932890
smlt=00|ses=0002|src=376-174|rup=002-01,5.7500000,170050.1190560
smlt=00|ses=0004|src=376-115|rup=001-01,5.2500000,158975.3465820
smlt=00|ses=0004|src=376-131|rup=001-01,5.2500000,154685.0917580
smlt=00|ses=0007|src=376-173|rup=001-01,5.2500000,146574.6578720
smlt=00|ses=0006|src=376-174|rup=002-01,5.7500000,141593.3350520
smlt=00|ses=0007|src=238-7|rup=001-01,5.2500000,141335.6214020
smlt=00|ses=0010|src=376-115|rup=001-01,5.2500000,140154.3535140
smlt=00|ses=0001|src=238-6|rup=002-01,5.7500000,138158.7111920
smlt=00|ses=0010|src=240-37|rup=003-01,6.2500000,134438.2657130
smlt=00|ses=0009|src=239-37|rup=001-01,5.2500000,134349.4889780
smlt=00|ses=0010|src=238-4|rup=003-01,6.2500000,130234.0191070
smlt=00|ses=0009|src=238-8|rup=001-01,5.2500000,126861.5076860
smlt=00|ses=0002|src=239-31|rup=004-01,6.7500000,125007.2824200
smlt=00|ses=0001|src=376-173|rup=001-01,5.2500000,120720.6576000
smlt=00|ses=0010|src=239-48|rup=001-01,5.2500000,111273.2874290
smlt=00|ses=0008|src=376-127|rup=002-01,5.7500000,98540.3210017
smlt=00|ses=0002|src=376-139|rup=001-01,5.2500000,97645.0057888
smlt=00|ses=0004|src=272-115|rup=002-01,5.7500000,95329.6577515
smlt=00|ses=0008|src=376-139|rup=001-01,5.2500000,95242.0474228
smlt=00|ses=0007|src=376-154|rup=002-01,5.7500000,92215.7068497
smlt=00|ses=0004|src=238-7|rup=001-01,5.2500000,90313.9076195
smlt=00|ses=0007|src=376-117|rup=001-01,5.2500000,88380.2641628
smlt=00|ses=0002|src=240-54|rup=001-01,5.2500000,88299.0592912
smlt=00|ses=0001|src=239-39|rup=001-01,5.2500000,87482.0300508
smlt=00|ses=0006|src=240-46|rup=003-01,6.2500000,87350.4492317
smlt=00|ses=0001|src=239-40|rup=001-01,5.2500000,81918.7398834
smlt=00|ses=0006|src=376-175|rup=001-01,5.2500000,81119.7885145
smlt=00|ses=0002|src=376-130|rup=001-01,5.2500000,80526.9840370
smlt=00|ses=0009|src=238-7|rup=001-01,5.2500000,78373.0621360
smlt=00|ses=0001|src=376-150|rup=001-01,5.2500000,78296.8201808
smlt=00|ses=0006|src=238-0|rup=002-01,5.7500000,77812.6288000
smlt=00|ses=0010|src=238-6|rup=002-01,5.7500000,75692.5208458
smlt=00|ses=0003|src=376-139|rup=001-01,5.2500000,74911.6191390
smlt=00|ses=0007|src=376-151|rup=003-01,6.2500000,74532.2519197
smlt=00|ses=0008|src=240-55|rup=002-01,5.7500000,73666.3758015
smlt=00|ses=0007|src=240-38|rup=002-01,5.7500000,73340.4053195
smlt=00|ses=0004|src=238-3|rup=002-01,5.7500000,72678.7971360
smlt=00|ses=0004|src=240-29|rup=001-01,5.2500000,67934.5412456
smlt=00|ses=0005|src=238-3|rup=004-01,6.7500000,63328.7104587
smlt=00|ses=0008|src=239-29|rup=003-01,6.2500000,63293.5866306
smlt=00|ses=0002|src=376-117|rup=001-01,5.2500000,61753.1588504
smlt=00|ses=0006|src=239-41|rup=001-01,5.2500000,61386.6020899
smlt=00|ses=0002|src=239-31|rup=003-01,6.2500000,58324.2356713
smlt=00|ses=0005|src=240-39|rup=003-01,6.2500000,58210.6934497
smlt=00|ses=0004|src=376-153|rup=004-01,6.7500000,50808.0817568
smlt=00|ses=0004|src=376-105|rup=002-01,5.7500000,45686.4882426
smlt=00|ses=0006|src=243-223|rup=002-01,5.7500000,43274.7693281
smlt=00|ses=0005|src=243-221|rup=001-01,5.2500000,40290.1483594
smlt=00|ses=0007|src=239-23|rup=002-01,5.7500000,40261.6205206
smlt=00|ses=0003|src=376-152|rup=001-01,5.2500000,36741.4637900
smlt=00|ses=0009|src=238-2|rup=001-01,5.2500000,32214.2540307
smlt=00|ses=0004|src=376-118|rup=003-01,6.2500000,31491.0527133
smlt=00|ses=0002|src=376-141|rup=001-01,5.2500000,30508.3194507
smlt=00|ses=0007|src=239-41|rup=001-01,5.2500000,30383.9632529
smlt=00|ses=0008|src=376-152|rup=001-01,5.2500000,29413.6716611
smlt=00|ses=0009|src=376-143|rup=001-01,5.2500000,28459.0166516
smlt=00|ses=0002|src=238-11|rup=001-01,5.2500000,27876.8915927
smlt=00|ses=0006|src=376-130|rup=001-01,5.2500000,26897.2106180
smlt=00|ses=0006|src=238-11|rup=002-01,5.7500000,26823.4903579
smlt=00|ses=0010|src=376-120|rup=001-01,5.2500000,24045.8941834
smlt=00|ses=0010|src=239-28|rup=001-01,5.2500000,23263.6509559
smlt=00|ses=0001|src=239-17|rup=002-01,5.7500000,22087.6530259
smlt=00|ses=0006|src=239-31|rup=001-01,5.2500000,21352.6610254
smlt=00|ses=0004|src=239-14|rup=002-01,5.7500000,20841.8529695
smlt=00|ses=0003|src=240-48|rup=001-01,5.2500000,20527.9651627
smlt=00|ses=0009|src=240-48|rup=001-01,5.2500000,18017.9772696
smlt=00|ses=0001|src=239-24|rup=002-01,5.7500000,17619.0529154
smlt=00|ses=0010|src=239-31|rup=001-01,5.2500000,17605.4468833
smlt=00|ses=0007|src=238-5|rup=001-01,5.2500000,15085.8113462
smlt=00|ses=0006|src=239-22|rup=001-01,5.2500000,13418.9328326
smlt=00|ses=0010|src=239-32|rup=001-01,5.2500000,13358.0362726
smlt=00|ses=0003|src=239-33|rup=003-01,6.2500000,13085.6004320
smlt=00|ses=0005|src=243-211|rup=001-01,5.2500000,10134.3569046
smlt=00|ses=0005|src=243-210|rup=002-01,5.7500000,9626.9839282
smlt=00|ses=0001|src=238-1|rup=001-01,5.2500000,9276.5727351
smlt=00|ses=0008|src=243-221|rup=002-01,5.7500000,9132.1403265
smlt=00|ses=0008|src=239-26|rup=001-01,5.2500000,9124.2109827
smlt=00|ses=0003|src=376-109|rup=002-01,5.7500000,6217.9806961
smlt=00|ses=0004|src=238-1|rup=002-01,5.7500000,6189.2461333
smlt=00|ses=0002|src=240-14|rup=001-01,5.2500000,6039.5906427
smlt=00|ses=0002|src=376-108|rup=002-01,5.7500000,5916.4857943
smlt=00|ses=0002|src=243-220|rup=001-01,5.2500000,5539.2041875
smlt=00|ses=0005|src=239-19|rup=001-01,5.2500000,5490.3612208
smlt=00|ses=0006|src=243-208|rup=002-01,5.7500000,5317.5953541
smlt=00|ses=0003|src=376-95|rup=001-01,5.2500000,2960.7034101
smlt=00|ses=0008|src=376-96|rup=002-01,5.7500000,2343.1291605
smlt=00|ses=0002|src=226-128|rup=002-01,5.7500000,2195.4177381
smlt=00|ses=0004|src=239-9|rup=002-01,5.7500000,1938.5176926
smlt=00|ses=0004|src=239-11|rup=003-01,6.2500000,1921.7517488
smlt=00|ses=0004|src=243-212|rup=001-01,5.2500000,1044.0411699
smlt=00|ses=0002|src=376-96|rup=002-01,5.7500000,1013.6934436
smlt=00|ses=0007|src=243-224|rup=002-01,5.7500000,928.1892554
smlt=00|ses=0010|src=376-110|rup=001-01,5.2500000,605.0092332
smlt=00|ses=0010|src=376-123|rup=001-01,5.2500000,493.9434420
smlt=00|ses=0008|src=243-225|rup=001-01,5.2500000,483.4592932
smlt=00|ses=0001|src=376-98|rup=003-01,6.2500000,400.7404656
smlt=00|ses=0005|src=240-33|rup=002-01,5.7500000,112.4876874
smlt=00|ses=0010|src=240-8|rup=001-01,5.2500000,63.1200164
