0.01,-0.002238
0.02,-0.0021919
0.03,-0.00026818
0.04,0.001902
0.05,0.0017123
0.06,0.0019749
0.07,0.0021788
0.08,0.0021622
0.09,0.0018492
0.1,0.0013265
0.11,0.00074023
0.12,0.00023318
0.13,-3.1932e-005
0.14,4.451e-005
0.15,0.00039444
0.16,0.00080594
0.17,0.0010387
0.18,0.00098167
0.19,0.00071574
0.2,0.00041029
0.21,0.00020782
0.22,0.00018403
0.23,0.00032513
0.24,0.00055255
0.25,0.0008083
0.26,0.0010578
0.27,0.0012288
0.28,0.001253
0.29,0.0011441
0.3,0.00097782
0.31,0.0008239
0.32,0.00072552
0.33,0.00071746
0.34,0.00081562
0.35,0.00099542
0.36,0.0011891
0.37,0.0013136
0.38,0.0013151
0.39,0.0011713
0.4,0.00087102
0.41,0.00042203
0.42,-0.00011345
0.43,-0.00058928
0.44,-0.00084006
0.45,-0.00081822
0.46,-0.00062834
0.47,-0.000434
0.48,-0.0003447
0.49,-0.00036146
0.5,-0.00042248
0.51,-0.00049437
0.52,-0.00058154
0.53,-0.000661
0.54,-0.00066667
0.55,-0.00054209
0.56,-0.00028286
0.57,6.4197e-005
0.58,0.00041678
0.59,0.00067834
0.6,0.0008017
0.61,0.0008763
0.62,0.0011588
0.63,0.0019002
0.64,0.0029606
0.65,0.0037501
0.66,0.0037868
0.67,0.0031542
0.68,0.002332
0.69,0.0017132
0.7,0.0012068
0.71,0.00029016
0.72,-0.0012282
0.73,-0.0025726
0.74,-0.0026418
0.75,-0.0011436
0.76,0.0011536
0.77,0.0029865
0.78,0.0035379
0.79,0.0030951
0.8,0.0025793
0.81,0.0023464
0.82,0.001797
0.83,0.00023546
0.84,-0.0021404
0.85,-0.0041612
0.86,-0.0047078
0.87,-0.0037079
0.88,-0.0019689
0.89,-0.00041789
0.9,0.0003315
0.91,0.00012969
0.92,-0.00063076
0.93,-0.001128
0.94,-0.00060393
0.95,0.00085995
0.96,0.0021307
0.97,0.0019962
0.98,0.00048851
0.99,-0.00086365
1,-0.0004414
1.01,0.001545
1.02,0.0029585
1.03,0.001898
1.04,-0.0012761
1.05,-0.0041292
1.06,-0.0043825
1.07,-0.0018576
1.08,0.0014731
1.09,0.0028948
1.1,0.0011151
1.11,-0.0025275
1.12,-0.0052777
1.13,-0.0053396
1.14,-0.0029477
1.15,0.00056417
1.16,0.0041296
1.17,0.0072037
1.18,0.009194
1.19,0.0095446
1.2,0.0083246
1.21,0.0060665
1.22,0.0030465
1.23,-0.0009496
1.24,-0.0055248
1.25,-0.0086684
1.26,-0.0083462
1.27,-0.0048319
1.28,-0.00039309
1.29,0.0029283
1.3,0.00471
1.31,0.0057993
1.32,0.007002
1.33,0.0080852
1.34,0.0081637
1.35,0.006786
1.36,0.0041425
1.37,0.00070351
1.38,-0.0027381
1.39,-0.0052461
1.4,-0.0063256
1.41,-0.0060343
1.42,-0.0047083
1.43,-0.0024363
1.44,0.0013987
1.45,0.0069926
1.46,0.012205
1.47,0.013494
1.48,0.0092638
1.49,0.001094
1.5,-0.0079361
1.51,-0.014728
1.52,-0.016766
1.53,-0.013594
1.54,-0.0075738
1.55,-0.0019889
1.56,0.0012198
1.57,0.0020738
1.58,0.0019083
1.59,0.0022485
1.6,0.0038354
1.61,0.0064102
1.62,0.0092162
1.63,0.011218
1.64,0.011169
1.65,0.0082151
1.66,0.0025849
1.67,-0.0037412
1.68,-0.0076864
1.69,-0.0077285
1.7,-0.0054866
1.71,-0.0043028
1.72,-0.0061945
1.73,-0.0094732
1.74,-0.0097967
1.75,-0.0047967
1.76,0.003278
1.77,0.010081
1.78,0.013053
1.79,0.012616
1.8,0.010685
1.81,0.0087443
1.82,0.0070574
1.83,0.005183
1.84,0.0028422
1.85,0.0002355
1.86,-0.0022559
1.87,-0.0044554
1.88,-0.0064262
1.89,-0.0082535
1.9,-0.0096426
1.91,-0.0097675
1.92,-0.0080134
1.93,-0.0047036
1.94,-0.00075327
1.95,0.0031486
1.96,0.0067615
1.97,0.0095558
1.98,0.010345
1.99,0.0084011
2,0.0042927
2.01,-0.00082434
2.02,-0.0061038
2.03,-0.010727
2.04,-0.013361
2.05,-0.013037
2.06,-0.010246
2.07,-0.0064755
2.08,-0.0028136
2.09,0.00095198
2.1,0.0058179
2.11,0.011687
2.12,0.016092
2.13,0.016083
2.14,0.011593
2.15,0.0056958
2.16,0.0015401
2.17,6.7772e-005
2.18,0.0004681
2.19,0.0016032
2.2,0.0027208
2.21,0.0032729
2.22,0.0027247
2.23,0.00092653
2.24,-0.0016988
2.25,-0.0045275
2.26,-0.0068588
2.27,-0.0077588
2.28,-0.0065937
2.29,-0.0037535
2.3,-0.00038813
2.31,0.0025062
2.32,0.0047001
2.33,0.006577
2.34,0.0082679
2.35,0.0090618
2.36,0.0081096
2.37,0.0054689
2.38,0.0020639
2.39,-0.0008624
2.4,-0.002167
2.41,-0.001431
2.42,0.00072963
2.43,0.0031627
2.44,0.0049616
2.45,0.0059382
2.46,0.0064506
2.47,0.0066458
2.48,0.006087
2.49,0.0043568
2.5,0.0016447
2.51,-0.0014185
2.52,-0.0040122
2.53,-0.0052497
2.54,-0.0047101
2.55,-0.0028515
2.56,-0.0005836
2.57,0.0014707
2.58,0.0032422
2.59,0.0049698
2.6,0.0066165
2.61,0.0074457
2.62,0.0068002
2.63,0.005294
2.64,0.0044052
2.65,0.0049673
2.66,0.0064648
2.67,0.007599
2.68,0.0073412
2.69,0.0053085
2.7,0.0014667
2.71,-0.0034305
2.72,-0.007236
2.73,-0.0077745
2.74,-0.00511
2.75,-0.0019568
2.76,-0.0012074
2.77,-0.0024223
2.78,-0.0023394
2.79,0.00023002
2.8,0.0024009
2.81,0.0011017
2.82,-0.0027118
2.83,-0.0047824
2.84,-0.0022191
2.85,0.0035205
2.86,0.0085374
2.87,0.010411
2.88,0.0095096
2.89,0.0071153
2.9,0.0038933
2.91,0.0004662
2.92,-0.0019336
2.93,-0.0026238
2.94,-0.0032219
2.95,-0.0068504
2.96,-0.013488
2.97,-0.017852
2.98,-0.015474
2.99,-0.0082105
3,-0.0012891
3.01,0.0023123
3.02,0.0033901
3.03,0.0042895
3.04,0.0063985
3.05,0.0093238
3.06,0.011673
3.07,0.012439
3.08,0.011782
3.09,0.010646
3.1,0.0097591
3.11,0.0090713
3.12,0.0081542
3.13,0.0066817
3.14,0.0040755
3.15,-0.00045487
3.16,-0.0061989
3.17,-0.010404
3.18,-0.010895
3.19,-0.0082327
3.2,-0.0047711
3.21,-0.0023306
3.22,-0.00099236
3.23,0.00017151
3.24,0.001469
3.25,0.0024169
3.26,0.0034684
3.27,0.0060339
3.28,0.0094855
3.29,0.0098736
3.3,0.0039251
3.31,-0.0060847
3.32,-0.013688
3.33,-0.014562
3.34,-0.0098261
3.35,-0.0040274
3.36,-0.0014759
3.37,-0.0033131
3.38,-0.0065432
3.39,-0.006539
3.4,-0.0013024
3.41,0.0069263
3.42,0.013165
3.43,0.013073
3.44,0.0061985
3.45,-0.0034895
3.46,-0.010022
3.47,-0.0097045
3.48,-0.0035514
3.49,0.0038631
3.5,0.0073124
3.51,0.0044732
3.52,-0.0016644
3.53,-0.0044976
3.54,0.00013642
3.55,0.0098019
3.56,0.017697
3.57,0.018367
3.58,0.01171
3.59,0.00164
3.6,-0.0080769
3.61,-0.01489
3.62,-0.016073
3.63,-0.010582
3.64,-0.0021824
3.65,0.0031389
3.66,0.003002
3.67,0.00020514
3.68,-0.00092107
3.69,0.0010122
3.7,0.0035226
3.71,0.0032336
3.72,-0.00077273
3.73,-0.0061301
3.74,-0.0091931
3.75,-0.0081498
3.76,-0.0040994
3.77,0.00073175
3.78,0.0051547
3.79,0.0097423
3.8,0.014457
3.81,0.016083
3.82,0.011392
3.83,0.0027697
3.84,-0.002516
3.85,-0.0011296
3.86,0.00096638
3.87,-0.0044552
3.88,-0.016846
3.89,-0.02501
3.9,-0.018059
3.91,0.0017197
3.92,0.019391
3.93,0.022174
3.94,0.011883
3.95,0.0015351
3.96,0.0010336
3.97,0.0081653
3.98,0.013652
3.99,0.011561
4,0.0034468
4.01,-0.0054161
4.02,-0.011748
4.03,-0.015593
4.04,-0.017014
4.05,-0.014142
4.06,-0.0064919
4.07,0.0020429
4.08,0.0065164
4.09,0.0056655
4.1,0.0019312
4.11,-0.0017982
4.12,-0.0049466
4.13,-0.0096107
4.14,-0.016065
4.15,-0.018541
4.16,-0.011274
4.17,0.0029916
4.18,0.015095
4.19,0.018732
4.2,0.015314
4.21,0.010311
4.22,0.0074076
4.23,0.0067163
4.24,0.0069962
4.25,0.0085428
4.26,0.011711
4.27,0.012982
4.28,0.0072351
4.29,-0.00512
4.3,-0.015093
4.31,-0.013122
4.32,-0.0016262
4.33,0.0066708
4.34,0.0045707
4.35,-0.0021664
4.36,-0.0037951
4.37,0.0024227
4.38,0.010196
4.39,0.010837
4.4,0.0018592
4.41,-0.010082
4.42,-0.01483
4.43,-0.0078999
4.44,0.005938
4.45,0.016484
4.46,0.015923
4.47,0.0056449
4.48,-0.0054416
4.49,-0.010115
4.5,-0.0097942
4.51,-0.011677
4.52,-0.018064
4.53,-0.022537
4.54,-0.01876
4.55,-0.0078063
4.56,0.0044237
4.57,0.013982
4.58,0.020139
4.59,0.020747
4.6,0.012034
4.61,-0.0052898
4.62,-0.022375
4.63,-0.028325
4.64,-0.020715
4.65,-0.0083815
4.66,-0.0035629
4.67,-0.011458
4.68,-0.026009
4.69,-0.034098
4.7,-0.029289
4.71,-0.022483
4.72,-0.028802
4.73,-0.04518
4.74,-0.05238
4.75,-0.039575
4.76,-0.02016
4.77,-0.019623
4.78,-0.047434
4.79,-0.08451
4.8,-0.10263
4.81,-0.094522
4.82,-0.078271
4.83,-0.072956
4.84,-0.078891
4.85,-0.083831
4.86,-0.080914
4.87,-0.075166
4.88,-0.07259
4.89,-0.069222
4.9,-0.060054
4.91,-0.053274
4.92,-0.060943
4.93,-0.080129
4.94,-0.096841
4.95,-0.1038
4.96,-0.10436
4.97,-0.10255
4.98,-0.097888
4.99,-0.088453
5,-0.073115
5.01,-0.051464
5.02,-0.025339
5.03,-0.00018456
5.04,0.019685
5.05,0.037871
5.06,0.062458
5.07,0.092463
5.08,0.11371
5.09,0.1139
5.1,0.098106
5.11,0.085779
5.12,0.091987
5.13,0.11259
5.14,0.12947
5.15,0.1293
5.16,0.11373
5.17,0.092507
5.18,0.072367
5.19,0.052214
5.2,0.025605
5.21,-0.0097266
5.22,-0.043286
5.23,-0.059309
5.24,-0.053681
5.25,-0.037188
5.26,-0.022484
5.27,-0.012684
5.28,-0.0052267
5.29,-0.0017669
5.3,-0.0041636
5.31,-0.0041043
5.32,0.012541
5.33,0.04852
5.34,0.084803
5.35,0.096472
5.36,0.081584
5.37,0.065189
5.38,0.072003
5.39,0.099912
5.4,0.12548
5.41,0.13339
5.42,0.12878
5.43,0.12086
5.44,0.1094
5.45,0.090329
5.46,0.066505
5.47,0.046935
5.48,0.035611
5.49,0.025151
5.5,0.0059453
5.51,-0.018472
5.52,-0.032604
5.53,-0.029542
5.54,-0.020259
5.55,-0.017865
5.56,-0.022416
5.57,-0.025429
5.58,-0.024174
5.59,-0.027153
5.6,-0.042518
5.61,-0.063983
5.62,-0.076566
5.63,-0.074016
5.64,-0.063239
5.65,-0.054385
5.66,-0.050502
5.67,-0.04642
5.68,-0.038438
5.69,-0.029857
5.7,-0.021961
5.71,-0.0079087
5.72,0.019614
5.73,0.057615
5.74,0.089649
5.75,0.097457
5.76,0.076317
5.77,0.03339
5.78,-0.021605
5.79,-0.075339
5.8,-0.11113
5.81,-0.12112
5.82,-0.11321
5.83,-0.10221
5.84,-0.097737
5.85,-0.1002
5.86,-0.10507
5.87,-0.10912
5.88,-0.1134
5.89,-0.12143
5.9,-0.13408
5.91,-0.14605
5.92,-0.14988
5.93,-0.14282
5.94,-0.12717
5.95,-0.10569
5.96,-0.078412
5.97,-0.042845
5.98,0.0029547
5.99,0.053609
6,0.094063
6.01,0.11141
6.02,0.10775
6.03,0.10018
6.04,0.10949
6.05,0.14432
6.06,0.19458
6.07,0.24174
6.08,0.27279
6.09,0.28343
6.1,0.27604
6.11,0.25611
6.12,0.22421
6.13,0.17478
6.14,0.10462
6.15,0.018787
6.16,-0.069962
6.17,-0.14675
6.18,-0.20041
6.19,-0.2276
6.2,-0.23643
6.21,-0.24138
6.22,-0.25028
6.23,-0.2588
6.24,-0.25976
6.25,-0.2537
6.26,-0.24403
6.27,-0.22551
6.28,-0.18794
6.29,-0.13091
6.3,-0.06733
6.31,-0.011433
6.32,0.032719
6.33,0.070587
6.34,0.10673
6.35,0.13711
6.36,0.15431
6.37,0.158
6.38,0.15737
6.39,0.16423
6.4,0.18222
6.41,0.2007
6.42,0.20267
6.43,0.18123
6.44,0.14552
6.45,0.1117
6.46,0.089753
6.47,0.078697
6.48,0.071919
6.49,0.064483
6.5,0.055323
6.51,0.044544
6.52,0.030993
6.53,0.012599
6.54,-0.01013
6.55,-0.029456
6.56,-0.033948
6.57,-0.019319
6.58,0.0085144
6.59,0.039647
6.6,0.066799
6.61,0.088413
6.62,0.10383
6.63,0.10662
6.64,0.08934
6.65,0.052299
6.66,0.0035225
6.67,-0.046503
6.68,-0.089285
6.69,-0.1178
6.7,-0.12614
6.71,-0.11501
6.72,-0.093735
6.73,-0.073979
6.74,-0.061973
6.75,-0.056785
6.76,-0.052647
6.77,-0.040709
6.78,-0.013763
6.79,0.03005
6.8,0.089756
6.81,0.15559
6.82,0.19937
6.83,0.19255
6.84,0.13501
6.85,0.052757
6.86,-0.027194
6.87,-0.086983
6.88,-0.11177
6.89,-0.094756
6.9,-0.046038
6.91,0.0098299
6.92,0.042017
6.93,0.029958
6.94,-0.021823
6.95,-0.088403
6.96,-0.13974
6.97,-0.15736
6.98,-0.14712
6.99,-0.13204
7,-0.12969
7.01,-0.13935
7.02,-0.14887
7.03,-0.14963
7.04,-0.1405
7.05,-0.11984
7.06,-0.083577
7.07,-0.031456
7.08,0.031981
7.09,0.099781
7.1,0.16134
7.11,0.2049
7.12,0.22647
7.13,0.23299
7.14,0.23596
7.15,0.24368
7.16,0.25828
7.17,0.27533
7.18,0.28321
7.19,0.26944
7.2,0.23248
7.21,0.17725
7.22,0.10593
7.23,0.029341
7.24,-0.029047
7.25,-0.053121
7.26,-0.0496
7.27,-0.041868
7.28,-0.0492
7.29,-0.073484
7.3,-0.10535
7.31,-0.13669
7.32,-0.16506
7.33,-0.19077
7.34,-0.21429
7.35,-0.23384
7.36,-0.24296
7.37,-0.23533
7.38,-0.21241
7.39,-0.18232
7.4,-0.15448
7.41,-0.13815
7.42,-0.13989
7.43,-0.15835
7.44,-0.18327
7.45,-0.19991
7.46,-0.19853
7.47,-0.18129
7.48,-0.15115
7.49,-0.093145
7.5,0.018611
7.51,0.18741
7.52,0.37668
7.53,0.52922
7.54,0.60071
7.55,0.5866
7.56,0.52239
7.57,0.45446
7.58,0.40978
7.59,0.38647
7.6,0.36576
7.61,0.33295
7.62,0.28727
7.63,0.22351
7.64,0.12011
7.65,-0.027046
7.66,-0.17959
7.67,-0.28639
7.68,-0.32658
7.69,-0.31824
7.7,-0.29354
7.71,-0.27051
7.72,-0.24689
7.73,-0.21367
7.74,-0.16619
7.75,-0.10748
7.76,-0.054261
7.77,-0.03622
7.78,-0.073374
7.79,-0.1546
7.8,-0.23902
7.81,-0.27849
7.82,-0.25287
7.83,-0.18191
7.84,-0.095282
7.85,-0.0032297
7.86,0.093351
7.87,0.17947
7.88,0.22846
7.89,0.22639
7.9,0.18655
7.91,0.1369
7.92,0.097662
7.93,0.071317
7.94,0.049063
7.95,0.02307
7.96,-0.0075134
7.97,-0.038158
7.98,-0.064968
7.99,-0.087981
8,-0.10994
8.01,-0.13577
8.02,-0.16962
8.03,-0.20905
8.04,-0.23822
8.05,-0.23324
8.06,-0.18448
8.07,-0.1056
8.08,-0.018584
8.09,0.054664
8.1,0.090272
8.11,0.074877
8.12,0.020047
8.13,-0.042091
8.14,-0.076821
8.15,-0.069125
8.16,-0.030932
8.17,0.014104
8.18,0.046054
8.19,0.053173
8.2,0.03503
8.21,0.00040253
8.22,-0.042486
8.23,-0.085546
8.24,-0.11524
8.25,-0.12144
8.26,-0.10776
8.27,-0.086755
8.28,-0.068471
8.29,-0.05669
8.3,-0.053367
8.31,-0.060383
8.32,-0.076461
8.33,-0.094654
8.34,-0.1045
8.35,-0.099819
8.36,-0.081634
8.37,-0.051915
8.38,-0.011217
8.39,0.036081
8.4,0.078964
8.41,0.10617
8.42,0.11567
8.43,0.11578
8.44,0.11893
8.45,0.13434
8.46,0.16279
8.47,0.1972
8.48,0.22818
8.49,0.24683
8.5,0.24555
8.51,0.21981
8.52,0.16915
8.53,0.096652
8.54,0.0064587
8.55,-0.091435
8.56,-0.17173
8.57,-0.20706
8.58,-0.1946
8.59,-0.15794
8.6,-0.12551
8.61,-0.11113
8.62,-0.11083
8.63,-0.11262
8.64,-0.10582
8.65,-0.086716
8.66,-0.062522
8.67,-0.045298
8.68,-0.040159
8.69,-0.041618
8.7,-0.03939
8.71,-0.026835
8.72,-0.0061633
8.73,0.012989
8.74,0.021081
8.75,0.017031
8.76,0.011104
8.77,0.017535
8.78,0.042128
8.79,0.078718
8.8,0.11721
8.81,0.15165
8.82,0.17833
8.83,0.19096
8.84,0.18516
8.85,0.16501
8.86,0.14136
8.87,0.12508
8.88,0.1205
8.89,0.12397
8.9,0.12856
8.91,0.12821
8.92,0.11942
8.93,0.10197
8.94,0.077186
8.95,0.047177
8.96,0.017901
8.97,-0.0014866
8.98,-0.0060099
8.99,0.00070478
9,0.0099275
9.01,0.013465
9.02,0.0070066
9.03,-0.0082622
9.04,-0.025576
9.05,-0.034695
9.06,-0.028008
9.07,-0.0066468
9.08,0.019544
9.09,0.037492
9.1,0.039549
9.11,0.028407
9.12,0.014619
9.13,0.010145
9.14,0.020621
9.15,0.042116
9.16,0.065369
9.17,0.083186
9.18,0.093428
9.19,0.095754
9.2,0.089899
9.21,0.077384
9.22,0.061822
9.23,0.046761
9.24,0.033565
9.25,0.021633
9.26,0.0097924
9.27,-0.0022974
9.28,-0.012854
9.29,-0.018332
9.3,-0.016612
9.31,-0.0094441
9.32,-0.00060364
9.33,0.0065634
9.34,0.0091459
9.35,0.0052684
9.36,-0.0041145
9.37,-0.015768
9.38,-0.026624
9.39,-0.035225
9.4,-0.041525
9.41,-0.046244
9.42,-0.050332
9.43,-0.054186
9.44,-0.057633
9.45,-0.060475
9.46,-0.062795
9.47,-0.064575
9.48,-0.064789
9.49,-0.062071
9.5,-0.055981
9.51,-0.046211
9.52,-0.032503
9.53,-0.016761
9.54,-0.0028842
9.55,0.0062642
9.56,0.01073
9.57,0.012373
9.58,0.012469
9.59,0.01105
9.6,0.0074307
9.61,0.00088199
9.62,-0.0081643
9.63,-0.017458
9.64,-0.023714
9.65,-0.025127
9.66,-0.022988
9.67,-0.02043
9.68,-0.020021
9.69,-0.022133
9.7,-0.025423
9.71,-0.028543
9.72,-0.030534
9.73,-0.029739
9.74,-0.024437
9.75,-0.014678
9.76,-0.0029756
9.77,0.0057158
9.78,0.0063386
9.79,-0.0020983
9.8,-0.015928
9.81,-0.029364
9.82,-0.036412
9.83,-0.033585
9.84,-0.022346
9.85,-0.0075655
9.86,0.0057986
9.87,0.013636
9.88,0.013677
9.89,0.0072251
9.9,-0.0019098
9.91,-0.0097988
9.92,-0.01409
9.93,-0.014719
9.94,-0.013181
9.95,-0.011298
9.96,-0.011004
9.97,-0.013946
9.98,-0.020255
9.99,-0.028591
10,-0.036985
10.01,-0.043662
10.02,-0.047991
10.03,-0.050274
10.04,-0.050598
10.05,-0.048705
10.06,-0.045137
10.07,-0.041499
10.08,-0.039216
10.09,-0.038417
10.1,-0.037858
10.11,-0.036182
10.12,-0.033158
10.13,-0.030173
10.14,-0.030141
10.15,-0.035407
10.16,-0.045466
10.17,-0.057612
10.18,-0.069032
10.19,-0.077383
10.2,-0.08071
10.21,-0.078703
10.22,-0.07338
10.23,-0.06724
10.24,-0.061283
10.25,-0.054657
10.26,-0.045178
10.27,-0.030854
10.28,-0.011959
10.29,0.0093117
10.3,0.030984
10.31,0.050912
10.32,0.065696
10.33,0.073157
10.34,0.074021
10.35,0.070432
10.36,0.064468
10.37,0.057012
10.38,0.047757
10.39,0.036269
10.4,0.023812
10.41,0.014109
10.42,0.010296
10.43,0.012022
10.44,0.016044
10.45,0.018399
10.46,0.016701
10.47,0.01145
10.48,0.0050483
10.49,-0.00025497
10.5,-0.0036689
10.51,-0.0059399
10.52,-0.0082679
10.53,-0.011203
10.54,-0.014838
10.55,-0.019183
10.56,-0.02406
10.57,-0.029282
10.58,-0.034661
10.59,-0.039586
10.6,-0.042286
10.61,-0.040424
10.62,-0.033167
10.63,-0.022381
10.64,-0.011969
10.65,-0.005484
10.66,-0.0039089
10.67,-0.0056524
10.68,-0.0081466
10.69,-0.0097999
10.7,-0.010447
10.71,-0.010415
10.72,-0.01012
10.73,-0.010403
10.74,-0.013456
10.75,-0.021563
10.76,-0.033753
10.77,-0.045855
10.78,-0.054586
10.79,-0.060042
10.8,-0.064411
10.81,-0.068894
10.82,-0.071678
10.83,-0.070167
10.84,-0.064241
10.85,-0.056274
10.86,-0.049688
10.87,-0.047128
10.88,-0.048786
10.89,-0.052711
10.9,-0.056186
10.91,-0.056499
10.92,-0.05213
10.93,-0.043992
10.94,-0.034522
10.95,-0.025584
10.96,-0.017422
10.97,-0.0094459
10.98,-0.0020494
10.99,0.0027258
11,0.0029047
11.01,-0.00044952
11.02,-0.0023662
11.03,0.002417
11.04,0.014051
11.05,0.027491
11.06,0.037776
11.07,0.043689
11.08,0.047424
11.09,0.052397
11.1,0.061123
11.11,0.073586
11.12,0.087417
11.13,0.099908
11.14,0.10979
11.15,0.11689
11.16,0.12053
11.17,0.12013
11.18,0.11649
11.19,0.11097
11.2,0.10455
11.21,0.097718
11.22,0.091423
11.23,0.087734
11.24,0.087778
11.25,0.090628
11.26,0.094089
11.27,0.09576
11.28,0.094471
11.29,0.090926
11.3,0.086688
11.31,0.082719
11.32,0.078895
11.33,0.074623
11.34,0.069693
11.35,0.063617
11.36,0.055028
11.37,0.043035
11.38,0.028301
11.39,0.012426
11.4,-0.0036676
11.41,-0.020497
11.42,-0.037792
11.43,-0.052913
11.44,-0.062997
11.45,-0.066951
11.46,-0.065854
11.47,-0.062023
11.48,-0.056854
11.49,-0.049876
11.5,-0.040212
11.51,-0.028322
11.52,-0.015848
11.53,-0.0041702
11.54,0.0060199
11.55,0.014027
11.56,0.019633
11.57,0.023292
11.58,0.0255
11.59,0.026753
11.6,0.027518
11.61,0.028358
11.62,0.029494
11.63,0.030075
11.64,0.028686
11.65,0.024829
11.66,0.019489
11.67,0.014293
11.68,0.010459
11.69,0.0084581
11.7,0.0079083
11.71,0.0078702
11.72,0.0077139
11.73,0.0072283
11.74,0.006271
11.75,0.0046868
11.76,0.0024548
11.77,-1.7597e-005
11.78,-0.0022314
11.79,-0.0040105
11.8,-0.005515
11.81,-0.0072668
11.82,-0.010078
11.83,-0.014759
11.84,-0.021476
11.85,-0.029706
11.86,-0.038578
11.87,-0.046843
11.88,-0.053584
11.89,-0.059016
11.9,-0.063781
11.91,-0.068158
11.92,-0.072193
11.93,-0.075949
11.94,-0.079389
11.95,-0.082116
11.96,-0.083652
11.97,-0.083998
11.98,-0.08372
11.99,-0.083441
12,-0.083277
12.01,-0.082893
12.02,-0.081974
12.03,-0.080563
12.04,-0.07899
12.05,-0.077372
12.06,-0.075449
12.07,-0.072873
12.08,-0.069687
12.09,-0.06605
12.1,-0.061683
12.11,-0.056208
12.12,-0.049321
12.13,-0.041001
12.14,-0.031816
12.15,-0.022759
12.16,-0.014847
12.17,-0.0086327
12.18,-0.0040136
12.19,-0.00054032
12.2,0.0024351
12.21,0.0055191
12.22,0.0089234
12.23,0.012595
12.24,0.016443
12.25,0.020194
12.26,0.022745
12.27,0.02248
12.28,0.018811
12.29,0.012924
12.3,0.0072024
12.31,0.0046446
12.32,0.0073717
12.33,0.014734
12.34,0.024013
12.35,0.032422
12.36,0.038584
12.37,0.042983
12.38,0.046863
12.39,0.050537
12.4,0.052932
12.41,0.053002
12.42,0.051038
12.43,0.048314
12.44,0.046102
12.45,0.045299
12.46,0.046417
12.47,0.049228
12.48,0.052501
12.49,0.054178
12.5,0.052531
12.51,0.047728
12.52,0.041478
12.53,0.035438
12.54,0.03014
12.55,0.02513
12.56,0.01991
12.57,0.014428
12.58,0.0089815
12.59,0.0038389
12.6,-0.00085949
12.61,-0.0048387
12.62,-0.0077461
12.63,-0.0096291
12.64,-0.010985
12.65,-0.012568
12.66,-0.015135
12.67,-0.018865
12.68,-0.023195
12.69,-0.027494
12.7,-0.031547
12.71,-0.034903
12.72,-0.03628
12.73,-0.034557
12.74,-0.029932
12.75,-0.023264
12.76,-0.015245
12.77,-0.0067857
12.78,0.00090765
12.79,0.0069633
12.8,0.011132
12.81,0.013805
12.82,0.01555
12.83,0.016449
12.84,0.016265
12.85,0.015092
12.86,0.013387
12.87,0.011594
12.88,0.01008
12.89,0.0089152
12.9,0.0078907
12.91,0.006841
12.92,0.0057005
12.93,0.0045203
12.94,0.0033234
12.95,0.001948
12.96,0.00021418
12.97,-0.0019128
12.98,-0.0042899
12.99,-0.006948
13,-0.010537
13.01,-0.015652
13.02,-0.021898
13.03,-0.028092
13.04,-0.032884
13.05,-0.035339
13.06,-0.035563
13.07,-0.034536
13.08,-0.032523
13.09,-0.028113
13.1,-0.020543
13.11,-0.011899
13.12,-0.0052099
13.13,-0.0015586
13.14,0.00029026
13.15,0.0022124
13.16,0.0050681
13.17,0.00853
13.18,0.011955
13.19,0.01448
13.2,0.014712
13.21,0.011684
13.22,0.005967
13.23,-0.00020253
13.24,-0.0037177
13.25,-0.0027653
13.26,0.0018453
13.27,0.0079604
13.28,0.01389
13.29,0.019285
13.3,0.024767
13.31,0.031012
13.32,0.038123
13.33,0.045125
13.34,0.050525
13.35,0.053722
13.36,0.055424
13.37,0.056823
13.38,0.058591
13.39,0.06068
13.4,0.062585
13.41,0.063208
13.42,0.061306
13.43,0.056636
13.44,0.049587
13.45,0.040152
13.46,0.02874
13.47,0.017072
13.48,0.0072271
13.49,0.00050443
13.5,-0.0028965
13.51,-0.003945
13.52,-0.0040558
13.53,-0.0040134
13.54,-0.0037696
13.55,-0.0033922
13.56,-0.0038009
13.57,-0.0060107
13.58,-0.010245
13.59,-0.015916
13.6,-0.021777
13.61,-0.026
13.62,-0.027021
13.63,-0.024972
13.64,-0.021562
13.65,-0.018593
13.66,-0.017267
13.67,-0.017974
13.68,-0.019971
13.69,-0.021584
13.7,-0.021157
13.71,-0.018259
13.72,-0.013788
13.73,-0.0085699
13.74,-0.0029019
13.75,0.002433
13.76,0.0062483
13.77,0.0082464
13.78,0.0094563
13.79,0.011426
13.8,0.014859
13.81,0.018889
13.82,0.022089
13.83,0.02387
13.84,0.024593
13.85,0.024608
13.86,0.023969
13.87,0.022829
13.88,0.021457
13.89,0.019914
13.9,0.017599
13.91,0.013647
13.92,0.0077511
13.93,0.00020924
13.94,-0.0085309
13.95,-0.018098
13.96,-0.027679
13.97,-0.035647
13.98,-0.040592
13.99,-0.042547
14,-0.042881
14.01,-0.042875
14.02,-0.042621
14.03,-0.041643
14.04,-0.039781
14.05,-0.037336
14.06,-0.034693
14.07,-0.032027
14.08,-0.029293
14.09,-0.026385
14.1,-0.023212
14.11,-0.019688
14.12,-0.016
14.13,-0.01253
14.14,-0.0095893
14.15,-0.0072587
14.16,-0.0052865
14.17,-0.0031347
14.18,-0.0001665
14.19,0.004001
14.2,0.009295
14.21,0.014924
14.22,0.019319
14.23,0.021046
14.24,0.020203
14.25,0.018617
14.26,0.018381
14.27,0.020249
14.28,0.023441
14.29,0.026769
14.3,0.029289
14.31,0.02989
14.32,0.027381
14.33,0.021814
14.34,0.014659
14.35,0.007364
14.36,0.0010407
14.37,-0.0031112
14.38,-0.0041589
14.39,-0.0023399
14.4,0.00086776
14.41,0.0039526
14.42,0.0062361
14.43,0.0077335
14.44,0.0087809
14.45,0.0097918
14.46,0.010928
14.47,0.011947
14.48,0.012325
14.49,0.011635
14.5,0.0099827
14.51,0.0082021
14.52,0.0077959
14.53,0.010207
14.54,0.015297
14.55,0.021056
14.56,0.025578
14.57,0.028598
14.58,0.031001
14.59,0.033676
14.6,0.036954
14.61,0.040215
14.62,0.041791
14.63,0.040093
14.64,0.035403
14.65,0.03004
14.66,0.026416
14.67,0.025437
14.68,0.026587
14.69,0.028595
14.7,0.029721
14.71,0.028086
14.72,0.023049
14.73,0.016326
14.74,0.010967
14.75,0.008973
14.76,0.0098157
14.77,0.011271
14.78,0.011212
14.79,0.0089583
14.8,0.0054503
14.81,0.0018306
14.82,-0.0017845
14.83,-0.0059452
14.84,-0.011006
14.85,-0.016777
14.86,-0.022332
14.87,-0.02613
14.88,-0.027026
14.89,-0.025303
14.9,-0.022361
14.91,-0.019495
14.92,-0.017091
14.93,-0.014928
14.94,-0.013123
14.95,-0.012669
14.96,-0.014618
14.97,-0.018905
14.98,-0.024271
14.99,-0.028717
15,-0.030348
15.01,-0.028721
15.02,-0.025445
15.03,-0.022911
15.04,-0.022276
15.05,-0.022983
15.06,-0.023756
15.07,-0.023295
15.08,-0.020648
15.09,-0.015885
15.1,-0.010099
15.11,-0.0046626
15.12,-0.00050379
15.13,0.0023944
15.14,0.0043599
15.15,0.0050446
15.16,0.0039364
15.17,0.0012738
15.18,-0.0021066
15.19,-0.0056545
15.2,-0.009547
15.21,-0.01419
15.22,-0.019594
15.23,-0.025381
15.24,-0.031088
15.25,-0.036239
15.26,-0.040375
15.27,-0.043284
15.28,-0.045293
15.29,-0.047039
15.3,-0.048943
15.31,-0.051085
15.32,-0.053236
15.33,-0.054809
15.34,-0.055161
15.35,-0.054215
15.36,-0.052531
15.37,-0.050798
15.38,-0.049308
15.39,-0.047285
15.4,-0.042725
15.41,-0.034136
15.42,-0.022756
15.43,-0.011805
15.44,-0.0036022
15.45,0.0014196
15.46,0.0038488
15.47,0.0045934
15.48,0.0045483
15.49,0.0044443
15.5,0.0047041
15.51,0.0054784
15.52,0.006725
15.53,0.0082191
15.54,0.0096961
15.55,0.011027
15.56,0.012253
15.57,0.013461
15.58,0.014782
15.59,0.016428
15.6,0.018711
15.61,0.02182
15.62,0.025502
15.63,0.029389
15.64,0.03347
15.65,0.03794
15.66,0.042285
15.67,0.044983
15.68,0.044889
15.69,0.042476
15.7,0.039238
15.71,0.036315
15.72,0.033913
15.73,0.031728
15.74,0.029588
15.75,0.027597
15.76,0.025859
15.77,0.024214
15.78,0.022368
15.79,0.020525
15.8,0.019579
15.81,0.02015
15.82,0.02188
15.83,0.023933
15.84,0.025828
15.85,0.027697
15.86,0.029848
15.87,0.032367
15.88,0.035127
15.89,0.037632
15.9,0.038503
15.91,0.036032
15.92,0.030075
15.93,0.022594
15.94,0.015949
15.95,0.011236
15.96,0.0084771
15.97,0.0073919
15.98,0.0071894
15.99,0.0066193
16,0.0048725
16.01,0.0020583
16.02,-0.0011758
16.03,-0.0042893
16.04,-0.0069291
16.05,-0.0085152
16.06,-0.0083463
16.07,-0.0063299
16.08,-0.0031486
16.09,0.00042157
16.1,0.0039727
16.11,0.0074708
16.12,0.010754
16.13,0.012889
16.14,0.012856
16.15,0.010719
16.16,0.0076542
16.17,0.0049862
16.18,0.0032546
16.19,0.0021418
16.2,0.0009183
16.21,-0.0010617
16.22,-0.0039184
16.23,-0.0072692
16.24,-0.010618
16.25,-0.013561
16.26,-0.015891
16.27,-0.017707
16.28,-0.019258
16.29,-0.020763
16.3,-0.022344
16.31,-0.024001
16.32,-0.025716
16.33,-0.027495
16.34,-0.02898
16.35,-0.029296
16.36,-0.027786
16.37,-0.024666
16.38,-0.020332
16.39,-0.01434
16.4,-0.0065027
16.41,0.0013128
16.42,0.0064562
16.43,0.0081593
16.44,0.0076452
16.45,0.0062425
16.46,0.0043795
16.47,0.0020434
16.48,-0.00062325
16.49,-0.0032363
16.5,-0.0054938
16.51,-0.0073919
16.52,-0.0089223
16.53,-0.0095475
16.54,-0.0082644
16.55,-0.0042683
16.56,0.0020682
16.57,0.0087442
16.58,0.013239
16.59,0.01427
16.6,0.012544
16.61,0.0099956
16.62,0.0084905
16.63,0.0087804
16.64,0.010118
16.65,0.010808
16.66,0.0095671
16.67,0.0064917
16.68,0.0027291
16.69,5.1875e-006
16.7,0.0001012
16.71,0.0035854
16.72,0.0093381
16.73,0.015225
16.74,0.01864
16.75,0.017679
16.76,0.01274
16.77,0.0064673
16.78,0.0018465
16.79,0.00011742
16.8,0.00037315
16.81,0.00095605
16.82,0.00083775
16.83,-0.00015193
16.84,-0.0017104
16.85,-0.0034687
16.86,-0.0052227
16.87,-0.0069966
16.88,-0.0089306
16.89,-0.011069
16.9,-0.013336
16.91,-0.015571
16.92,-0.017637
16.93,-0.019455
16.94,-0.020976
16.95,-0.022306
16.96,-0.023657
16.97,-0.025162
16.98,-0.026862
16.99,-0.028715
17,-0.030524
17.01,-0.031536
17.02,-0.030466
17.03,-0.026909
17.04,-0.022404
17.05,-0.019056
17.06,-0.017563
17.07,-0.017055
17.08,-0.016337
17.09,-0.01486
17.1,-0.012753
17.11,-0.010754
17.12,-0.010167
17.13,-0.011961
17.14,-0.015673
17.15,-0.019782
17.16,-0.023081
17.17,-0.025411
17.18,-0.027331
17.19,-0.029297
17.2,-0.031327
17.21,-0.033223
17.22,-0.034922
17.23,-0.036455
17.24,-0.037481
17.25,-0.037294
17.26,-0.035537
17.27,-0.032789
17.28,-0.030229
17.29,-0.028713
17.3,-0.028202
17.31,-0.027811
17.32,-0.026322
17.33,-0.023104
17.34,-0.018443
17.35,-0.012816
17.36,-0.0066977
17.37,-0.0011404
17.38,0.0026399
17.39,0.004425
17.4,0.0051132
17.41,0.0057995
17.42,0.0069589
17.43,0.0083758
17.44,0.0095835
17.45,0.010229
17.46,0.010321
17.47,0.010184
17.48,0.010064
17.49,0.010045
17.5,0.010088
17.51,0.010085
17.52,0.009997
17.53,0.0097877
17.54,0.0094459
17.55,0.0090517
17.56,0.0086463
17.57,0.0082927
17.58,0.0080927
17.59,0.0081218
17.6,0.0084385
17.61,0.0088936
17.62,0.009331
17.63,0.0096464
17.64,0.0096051
17.65,0.008956
17.66,0.007648
17.67,0.0059923
17.68,0.0043285
17.69,0.0027783
17.7,0.0013134
17.71,-0.00017351
17.72,-0.0017082
17.73,-0.0032567
17.74,-0.0047901
17.75,-0.006145
17.76,-0.0068628
17.77,-0.0063989
17.78,-0.0047034
17.79,-0.0023936
17.8,-0.00045624
17.81,0.00015203
17.82,-0.00091329
17.83,-0.0030846
17.84,-0.0054659
17.85,-0.0075278
17.86,-0.0088589
17.87,-0.0089058
17.88,-0.0074233
17.89,-0.0048593
17.9,-0.002136
17.91,-9.7653e-005
17.92,0.00086478
17.93,0.0010827
17.94,0.0015448
17.95,0.0032325
17.96,0.0064091
17.97,0.01045
17.98,0.01418
17.99,0.016452
18,0.01694
18.01,0.016316
18.02,0.015547
18.03,0.015335
18.04,0.016013
18.05,0.017486
18.06,0.019352
18.07,0.021412
18.08,0.023801
18.09,0.026515
18.1,0.028864
18.11,0.02978
18.12,0.028893
18.13,0.026901
18.14,0.024807
18.15,0.023064
18.16,0.021524
18.17,0.019847
18.18,0.017852
18.19,0.015659
18.2,0.01347
18.21,0.0114
18.22,0.0096773
18.23,0.0088234
18.24,0.0091995
18.25,0.010529
18.26,0.01219
18.27,0.013644
18.28,0.014437
18.29,0.014113
18.3,0.012635
18.31,0.010497
18.32,0.0082658
18.33,0.0062868
18.34,0.0048573
18.35,0.0043522
18.36,0.0048506
18.37,0.0059961
18.38,0.0071928
18.39,0.0079711
18.4,0.0081862
18.41,0.0079857
18.42,0.0076923
18.43,0.0075058
18.44,0.007331
18.45,0.006732
18.46,0.0052295
18.47,0.0028261
18.48,-1.6052e-005
18.49,-0.0028504
18.5,-0.0054018
18.51,-0.0072273
18.52,-0.0076224
18.53,-0.0062923
18.54,-0.0038507
18.55,-0.0012544
18.56,0.00069913
18.57,0.0013559
18.58,0.00059766
18.59,-0.0010652
18.6,-0.0029273
18.61,-0.0045576
18.62,-0.0059469
18.63,-0.0071319
18.64,-0.0080885
18.65,-0.0088205
18.66,-0.0094046
18.67,-0.0099912
18.68,-0.0106
18.69,-0.010928
18.7,-0.010363
18.71,-0.0085219
18.72,-0.0057453
18.73,-0.0027149
18.74,0.00012033
18.75,0.0027357
18.76,0.0052721
18.77,0.0073885
18.78,0.0082076
18.79,0.007114
18.8,0.0045085
18.81,0.0015903
18.82,-0.00036811
18.83,-0.00042496
18.84,0.0013866
18.85,0.0040731
18.86,0.0067228
18.87,0.0090158
18.88,0.01074
18.89,0.01122
18.9,0.0098605
18.91,0.0069439
18.92,0.0035364
18.93,0.0008124
18.94,-0.00078996
18.95,-0.0016743
18.96,-0.0024416
18.97,-0.0034321
18.98,-0.0046624
18.99,-0.0060647
19,-0.0076536
19.01,-0.0094158
19.02,-0.011271
19.03,-0.013135
19.04,-0.014935
19.05,-0.016645
19.06,-0.018302
19.07,-0.019965
19.08,-0.02146
19.09,-0.022127
19.1,-0.021326
19.11,-0.019134
19.12,-0.016266
19.13,-0.013509
19.14,-0.011187
19.15,-0.009215
19.16,-0.0073934
19.17,-0.0055212
19.18,-0.0035465
19.19,-0.0015703
19.2,0.00035312
19.21,0.0021714
19.22,0.0034388
19.23,0.0034406
19.24,0.0019139
19.25,-0.00041485
19.26,-0.0018553
19.27,-0.00079594
19.28,0.0030011
19.29,0.0083112
19.3,0.013659
19.31,0.018324
19.32,0.021723
19.33,0.023004
19.34,0.02194
19.35,0.019347
19.36,0.016618
19.37,0.015112
19.38,0.015583
19.39,0.017692
19.4,0.020404
19.41,0.022908
19.42,0.024922
19.43,0.026322
19.44,0.026957
19.45,0.026877
19.46,0.02638
19.47,0.025829
19.48,0.025381
19.49,0.025021
19.5,0.024661
19.51,0.024131
19.52,0.023297
19.53,0.022118
19.54,0.020721
19.55,0.019316
19.56,0.017963
19.57,0.01665
19.58,0.01535
19.59,0.014007
19.6,0.012645
19.61,0.011317
19.62,0.010024
19.63,0.0087424
19.64,0.0074347
19.65,0.0059982
19.66,0.0042671
19.67,0.0022294
19.68,1.7891e-005
19.69,-0.0022245
19.7,-0.0043853
19.71,-0.0063575
19.72,-0.0080181
19.73,-0.0093301
19.74,-0.010409
19.75,-0.011444
19.76,-0.012541
19.77,-0.013682
19.78,-0.014793
19.79,-0.015835
19.8,-0.016762
19.81,-0.017564
19.82,-0.018351
19.83,-0.019172
19.84,-0.019986
19.85,-0.020817
19.86,-0.021652
19.87,-0.022367
19.88,-0.02291
19.89,-0.023331
19.9,-0.023609
19.91,-0.023495
19.92,-0.022675
19.93,-0.021185
19.94,-0.019407
19.95,-0.017648
19.96,-0.016011
19.97,-0.014579
19.98,-0.013615
19.99,-0.013421
20,-0.014011
20.01,-0.015014
20.02,-0.015897
20.03,-0.016214
20.04,-0.015739
20.05,-0.014639
20.06,-0.013356
20.07,-0.012383
20.08,-0.012078
20.09,-0.012407
20.1,-0.013042
20.11,-0.013657
20.12,-0.014126
20.13,-0.014579
20.14,-0.015266
20.15,-0.016387
20.16,-0.017924
20.17,-0.019601
20.18,-0.020733
20.19,-0.020424
20.2,-0.018374
20.21,-0.015195
20.22,-0.011811
20.23,-0.0087293
20.24,-0.0058828
20.25,-0.0029946
20.26,0.00011463
20.27,0.0034191
20.28,0.0067489
20.29,0.0099236
20.3,0.012762
20.31,0.015142
20.32,0.016937
20.33,0.018057
20.34,0.018618
20.35,0.018875
20.36,0.01912
20.37,0.019539
20.38,0.020126
20.39,0.020804
20.4,0.021528
20.41,0.022122
20.42,0.021902
20.43,0.020036
20.44,0.016825
20.45,0.013988
20.46,0.013058
20.47,0.013958
20.48,0.015042
20.49,0.014199
20.5,0.010794
20.51,0.0066704
20.52,0.00445
20.53,0.0050183
20.54,0.0072365
20.55,0.0095349
20.56,0.011217
20.57,0.012544
20.58,0.014031
20.59,0.015955
20.6,0.018342
20.61,0.021047
20.62,0.023876
20.63,0.026694
20.64,0.029485
20.65,0.03232
20.66,0.034937
20.67,0.036292
20.68,0.035228
20.69,0.031737
20.7,0.027056
20.71,0.022925
20.72,0.020692
20.73,0.020481
20.74,0.021335
20.75,0.022199
20.76,0.022663
20.77,0.022904
20.78,0.023236
20.79,0.023714
20.8,0.023872
20.81,0.023055
20.82,0.021089
20.83,0.018446
20.84,0.015769
20.85,0.01343
20.86,0.011612
20.87,0.010346
20.88,0.0094589
20.89,0.0087216
20.9,0.0079132
20.91,0.006791
20.92,0.0051721
20.93,0.0030335
20.94,0.0005789
20.95,-0.0018911
20.96,-0.0041779
20.97,-0.0062042
20.98,-0.0079921
20.99,-0.0096458
21,-0.011293
21.01,-0.01305
21.02,-0.015029
21.03,-0.017314
21.04,-0.019826
21.05,-0.022048
21.06,-0.023189
21.07,-0.022895
21.08,-0.02157
21.09,-0.019961
21.1,-0.01857
21.11,-0.017438
21.12,-0.016377
21.13,-0.01527
21.14,-0.014138
21.15,-0.013051
21.16,-0.012081
21.17,-0.011335
21.18,-0.010872
21.19,-0.010607
21.2,-0.010436
21.21,-0.010255
21.22,-0.010036
21.23,-0.010002
21.24,-0.010575
21.25,-0.012052
21.26,-0.01428
21.27,-0.016666
21.28,-0.018515
21.29,-0.019506
21.3,-0.019835
21.31,-0.019765
21.32,-0.019114
21.33,-0.01755
21.34,-0.01515
21.35,-0.012158
21.36,-0.0086014
21.37,-0.0045106
21.38,-0.00028136
21.39,0.003537
21.4,0.0067118
21.41,0.0091593
21.42,0.010568
21.43,0.010767
21.44,0.010127
21.45,0.009248
21.46,0.0085106
21.47,0.007965
21.48,0.0072855
21.49,0.0058977
21.5,0.0034347
21.51,8.7592e-005
21.52,-0.0033467
21.53,-0.0057251
21.54,-0.0063376
21.55,-0.0055239
21.56,-0.0042131
21.57,-0.0031642
21.58,-0.0027991
21.59,-0.003353
21.6,-0.0048595
21.61,-0.0069394
21.62,-0.0088982
21.63,-0.0099658
21.64,-0.0096997
21.65,-0.0084271
21.66,-0.0068653
21.67,-0.0054922
21.68,-0.0045716
21.69,-0.0045408
21.7,-0.0058101
21.71,-0.0082099
21.72,-0.011085
21.73,-0.013639
21.74,-0.015183
21.75,-0.015484
21.76,-0.014879
21.77,-0.014015
21.78,-0.013356
21.79,-0.012967
21.8,-0.012791
21.81,-0.012762
21.82,-0.012808
21.83,-0.012879
21.84,-0.012943
21.85,-0.01301
21.86,-0.013067
21.87,-0.013256
21.88,-0.013768
21.89,-0.014637
21.9,-0.015741
21.91,-0.016863
21.92,-0.017916
21.93,-0.018944
21.94,-0.019959
21.95,-0.020889
21.96,-0.021441
21.97,-0.021303
21.98,-0.020606
21.99,-0.019724
22,-0.018894
22.01,-0.018201
22.02,-0.017483
22.03,-0.016216
22.04,-0.014148
22.05,-0.011514
22.06,-0.0086924
22.07,-0.0061465
22.08,-0.0040954
22.09,-0.0025021
22.1,-0.0011069
22.11,0.00036839
22.12,0.0018943
22.13,0.0033764
22.14,0.0046344
22.15,0.0057395
22.16,0.0071732
22.17,0.0092334
22.18,0.011836
22.19,0.014412
22.2,0.016067
22.21,0.016183
22.22,0.014883
22.23,0.012916
22.24,0.011238
22.25,0.010634
22.26,0.011405
22.27,0.013085
22.28,0.014972
22.29,0.01671
22.3,0.017995
22.31,0.018321
22.32,0.017404
22.33,0.015574
22.34,0.013409
22.35,0.011413
22.36,0.0098086
22.37,0.0085923
22.38,0.007613
22.39,0.0065695
22.4,0.0054486
22.41,0.0043314
22.42,0.0030701
22.43,0.0015781
22.44,-0.00017099
22.45,-0.0020585
22.46,-0.0036688
22.47,-0.0045653
22.48,-0.0045632
22.49,-0.0040823
22.5,-0.0041522
22.51,-0.0056776
22.52,-0.0088215
22.53,-0.012743
22.54,-0.01613
22.55,-0.018358
22.56,-0.019697
22.57,-0.020789
22.58,-0.02194
22.59,-0.02276
22.6,-0.022726
22.61,-0.021823
22.62,-0.020512
22.63,-0.019308
22.64,-0.018367
22.65,-0.017431
22.66,-0.016064
22.67,-0.014008
22.68,-0.011413
22.69,-0.0086512
22.7,-0.0059471
22.71,-0.0031341
22.72,1.357e-005
22.73,0.0036272
22.74,0.0075144
22.75,0.010906
22.76,0.012986
22.77,0.013472
22.78,0.012902
22.79,0.012163
22.8,0.011723
22.81,0.011543
22.82,0.011458
22.83,0.011665
22.84,0.012487
22.85,0.013922
22.86,0.015698
22.87,0.017425
22.88,0.018599
22.89,0.018543
22.9,0.016963
22.91,0.014337
22.92,0.011447
22.93,0.0087793
22.94,0.0063834
22.95,0.0041701
22.96,0.0022267
22.97,0.0008093
22.98,-8.6519e-005
22.99,-0.00076787
23,-0.0014535
23.01,-0.0022553
23.02,-0.0030843
23.03,-0.0035074
23.04,-0.0031694
23.05,-0.0020958
23.06,-0.00061725
23.07,0.00086621
23.08,0.002073
23.09,0.0026336
23.1,0.0021963
23.11,0.00083651
23.12,-0.00068231
23.13,-0.0011949
23.14,-0.00023402
23.15,0.0017497
23.16,0.0039775
23.17,0.0056625
23.18,0.0062571
23.19,0.0056721
23.2,0.0043209
23.21,0.0028172
23.22,0.0018552
23.23,0.0019712
23.24,0.0031189
23.25,0.0046993
23.26,0.0058973
23.27,0.0062136
23.28,0.0058584
23.29,0.0053986
23.3,0.0051627
23.31,0.0052458
23.32,0.005579
23.33,0.0059884
23.34,0.0064025
23.35,0.0067355
23.36,0.00681
23.37,0.00648
23.38,0.0057238
23.39,0.0047123
23.4,0.0037145
23.41,0.0030074
23.42,0.0028699
23.43,0.003287
23.44,0.0036785
23.45,0.0030237
23.46,0.00068462
23.47,-0.0028239
23.48,-0.0063008
23.49,-0.0085811
23.5,-0.0091633
23.51,-0.0086157
23.52,-0.0078977
23.53,-0.0074899
23.54,-0.0073562
23.55,-0.0072508
23.56,-0.0069721
23.57,-0.0065681
23.58,-0.0061848
23.59,-0.0058711
23.6,-0.0057354
23.61,-0.0061055
23.62,-0.0072085
23.63,-0.0089086
23.64,-0.010856
23.65,-0.012713
23.66,-0.014419
23.67,-0.01595
23.68,-0.01703
23.69,-0.017323
23.7,-0.016811
23.71,-0.015901
23.72,-0.015016
23.73,-0.014293
23.74,-0.013644
23.75,-0.012893
23.76,-0.011952
23.77,-0.010912
23.78,-0.0098905
23.79,-0.0089187
23.8,-0.0079877
23.81,-0.0070565
23.82,-0.0061446
23.83,-0.0053702
23.84,-0.0047512
23.85,-0.0042473
23.86,-0.0038017
23.87,-0.0033082
23.88,-0.0027536
23.89,-0.0021536
23.9,-0.0013809
23.91,-0.00023518
23.92,0.0011507
23.93,0.002221
23.94,0.0024267
23.95,0.001725
23.96,0.0005947
23.97,-0.00047932
23.98,-0.0013259
23.99,-0.0021168
24,-0.0031447
24.01,-0.0045168
24.02,-0.0061266
24.03,-0.007771
24.04,-0.0093565
24.05,-0.010802
24.06,-0.011601
24.07,-0.011012
24.08,-0.0088659
24.09,-0.0057802
24.1,-0.0025605
24.11,0.00039315
24.12,0.0031337
24.13,0.0056402
24.14,0.0074139
24.15,0.00793
24.16,0.0073131
24.17,0.0062134
24.18,0.005209
24.19,0.0044951
24.2,0.0040684
24.21,0.0040113
24.22,0.0044067
24.23,0.0051572
24.24,0.0060247
24.25,0.0068478
24.26,0.0076013
24.27,0.0083191
24.28,0.0090668
24.29,0.0098454
24.3,0.010576
24.31,0.011167
24.32,0.01159
24.33,0.011911
24.34,0.012222
24.35,0.01256
24.36,0.012906
24.37,0.013241
24.38,0.01357
24.39,0.013896
24.4,0.014266
24.41,0.01472
24.42,0.015257
24.43,0.015846
24.44,0.016456
24.45,0.017051
24.46,0.017633
24.47,0.018227
24.48,0.018768
24.49,0.019184
24.5,0.019433
24.51,0.019537
24.52,0.019583
24.53,0.019637
24.54,0.019731
24.55,0.019847
24.56,0.019966
24.57,0.019901
24.58,0.019241
24.59,0.017787
24.6,0.015752
24.61,0.013563
24.62,0.011503
24.63,0.0096036
24.64,0.0078173
24.65,0.0060606
24.66,0.0042882
24.67,0.0025157
24.68,0.00072844
24.69,-0.0010703
24.7,-0.0028783
24.71,-0.0046936
24.72,-0.0064951
24.73,-0.0082841
24.74,-0.010056
24.75,-0.011834
24.76,-0.013609
24.77,-0.015262
24.78,-0.016672
24.79,-0.017822
24.8,-0.018836
24.81,-0.019868
24.82,-0.020827
24.83,-0.021293
24.84,-0.020903
24.85,-0.01974
24.86,-0.018249
24.87,-0.016836
24.88,-0.015607
24.89,-0.014565
24.9,-0.013845
24.91,-0.013615
24.92,-0.013833
24.93,-0.01425
24.94,-0.014639
24.95,-0.014945
24.96,-0.015155
24.97,-0.015061
24.98,-0.014323
24.99,-0.012838
25,-0.010888
25.01,-0.0088825
25.02,-0.0070083
25.03,-0.0052428
25.04,-0.0035583
25.05,-0.0020276
25.06,-0.00078079
25.07,0.00019106
25.08,0.0010491
25.09,0.0019412
25.1,0.0029223
25.11,0.0039462
25.12,0.0049727
25.13,0.0060674
25.14,0.0073111
25.15,0.0086996
25.16,0.010151
25.17,0.011597
25.18,0.013021
25.19,0.014505
25.2,0.016218
25.21,0.018206
25.22,0.020354
25.23,0.022547
25.24,0.024619
25.25,0.026091
25.26,0.026249
25.27,0.024854
25.28,0.022474
25.29,0.019923
25.3,0.017642
25.31,0.015621
25.32,0.013799
25.33,0.012284
25.34,0.011177
25.35,0.010386
25.36,0.009697
25.37,0.0089578
25.38,0.0081378
25.39,0.007315
25.4,0.0066503
25.41,0.0063013
25.42,0.0062863
25.43,0.006458
25.44,0.0066338
25.45,0.006605
25.46,0.0060253
25.47,0.004675
25.48,0.0027272
25.49,0.00055162
25.5,-0.0015474
25.51,-0.0033144
25.52,-0.0043542
25.53,-0.0043886
25.54,-0.0036247
25.55,-0.0025612
25.56,-0.001591
25.57,-0.00080139
25.58,-7.09e-005
25.59,0.00071482
25.6,0.0014663
25.61,0.0018898
25.62,0.0018176
25.63,0.0013818
25.64,0.00084514
25.65,0.00039082
25.66,4.4443e-005
25.67,-0.00016203
25.68,-0.00011662
25.69,0.00022729
25.7,0.00079404
25.71,0.0014227
25.72,0.0019263
25.73,0.0020886
25.74,0.0017572
25.75,0.0010239
25.76,0.00014128
25.77,-0.00069909
25.78,-0.001447
25.79,-0.0021489
25.8,-0.0028784
25.81,-0.0035613
25.82,-0.0039325
25.83,-0.0038116
25.84,-0.0032755
25.85,-0.0025971
25.86,-0.0020296
25.87,-0.0014183
25.88,0.00023094
25.89,0.0039481
25.9,0.0089073
25.91,0.012705
25.92,0.013839
25.93,0.012916
25.94,0.011559
25.95,0.010834
25.96,0.010744
25.97,0.010743
25.98,0.010444
25.99,0.009857
26,0.0091604
26.01,0.0084818
26.02,0.0078504
26.03,0.0072105
26.04,0.0065174
26.05,0.005773
26.06,0.0050048
26.07,0.0042571
26.08,0.0034752
26.09,0.0024488
26.1,0.00093132
26.11,-0.0010899
26.12,-0.0033511
26.13,-0.005542
26.14,-0.0074103
26.15,-0.0088765
26.16,-0.010085
26.17,-0.011244
26.18,-0.01248
26.19,-0.013764
26.2,-0.014872
26.21,-0.015423
26.22,-0.015238
26.23,-0.014546
26.24,-0.013724
26.25,-0.01302
26.26,-0.012431
26.27,-0.01184
26.28,-0.011176
26.29,-0.010452
26.3,-0.0097264
26.31,-0.0090223
26.32,-0.0083572
26.33,-0.007698
26.34,-0.0070395
26.35,-0.0064522
26.36,-0.0059914
26.37,-0.005691
26.38,-0.0054835
26.39,-0.0052667
26.4,-0.0050216
26.41,-0.0047728
26.42,-0.0046452
26.43,-0.0047368
26.44,-0.0050026
26.45,-0.0053572
26.46,-0.005704
26.47,-0.0060032
26.48,-0.0062815
26.49,-0.0065823
26.5,-0.0069769
26.51,-0.0075832
26.52,-0.008497
26.53,-0.0096553
26.54,-0.010846
26.55,-0.011662
26.56,-0.011664
26.57,-0.010804
26.58,-0.0094746
26.59,-0.0081232
26.6,-0.006941
26.61,-0.0058843
26.62,-0.0047966
26.63,-0.00363
26.64,-0.0024254
26.65,-0.0012141
26.66,-0.0001055
26.67,0.00072946
26.68,0.0011266
26.69,0.0010988
26.7,0.00090204
26.71,0.00073718
26.72,0.00064435
26.73,0.00061563
26.74,0.00069404
26.75,0.0010798
26.76,0.0018436
26.77,0.0027134
26.78,0.0031883
26.79,0.0027894
26.8,0.0014775
26.81,-0.00026048
26.82,-0.0019424
26.83,-0.0034371
26.84,-0.0048203
26.85,-0.0062464
26.86,-0.0076874
26.87,-0.0088261
26.88,-0.0093986
26.89,-0.0094477
26.9,-0.0092872
26.91,-0.0092045
26.92,-0.009244
26.93,-0.0093306
26.94,-0.0093274
26.95,-0.0090905
26.96,-0.008613
26.97,-0.0080139
26.98,-0.0074207
26.99,-0.0068888
27,-0.0064658
27.01,-0.0061968
27.02,-0.0060181
27.03,-0.0058523
27.04,-0.005672
27.05,-0.005361
27.06,-0.0047145
27.07,-0.0036417
27.08,-0.0022642
27.09,-0.00079647
27.1,0.00055643
27.11,0.0016447
27.12,0.0024769
27.13,0.0031913
27.14,0.0038283
27.15,0.0041775
27.16,0.0038974
27.17,0.0028883
27.18,0.0014718
27.19,4.9562e-005
27.2,-0.0012404
27.21,-0.0023933
27.22,-0.0033175
27.23,-0.0037623
27.24,-0.0035364
27.25,-0.0028244
27.26,-0.0019881
27.27,-0.0012501
27.28,-0.00069607
27.29,-0.00044322
27.3,-0.0006531
27.31,-0.0013212
27.32,-0.0022425
27.33,-0.0031934
27.34,-0.0040395
27.35,-0.0048337
27.36,-0.0056736
27.37,-0.0065235
27.38,-0.0072636
27.39,-0.0077743
27.4,-0.0080694
27.41,-0.0082493
27.42,-0.0084281
27.43,-0.0086753
27.44,-0.0089201
27.45,-0.0090157
27.46,-0.0088332
27.47,-0.0083859
27.48,-0.0078223
27.49,-0.0072687
27.5,-0.0067842
27.51,-0.0063249
27.52,-0.00577
27.53,-0.0049563
27.54,-0.0037535
27.55,-0.0022743
27.56,-0.00095439
27.57,-0.00020564
27.58,-5.443e-005
27.59,-0.00022815
27.6,-0.00036851
27.61,-7.8967e-005
27.62,0.0010171
27.63,0.0029929
27.64,0.0055352
27.65,0.0081256
27.66,0.010353
27.67,0.012161
27.68,0.013733
27.69,0.015316
27.7,0.016826
27.71,0.017674
27.72,0.017358
27.73,0.015993
27.74,0.014177
27.75,0.012489
27.76,0.011208
27.77,0.010356
27.78,0.0098048
27.79,0.0093561
27.8,0.0088806
27.81,0.0083763
27.82,0.0078679
27.83,0.0073501
27.84,0.0068384
27.85,0.0063325
27.86,0.0057916
27.87,0.0052501
27.88,0.0047255
27.89,0.0041935
27.9,0.0037097
27.91,0.0032931
27.92,0.0029271
27.93,0.0025896
27.94,0.0022344
27.95,0.0018726
27.96,0.0015236
27.97,0.0011682
27.98,0.00080098
27.99,0.00042432
28,4.2505e-006
28.01,-0.00044921
28.02,-0.0008908
28.03,-0.0013268
28.04,-0.0018111
28.05,-0.0023995
28.06,-0.0030979
28.07,-0.0038745
28.08,-0.0045482
28.09,-0.0047844
28.1,-0.0043435
28.11,-0.0033053
28.12,-0.002029
28.13,-0.00082465
28.14,0.00024969
28.15,0.0012746
28.16,0.0023072
28.17,0.0033383
28.18,0.0043184
28.19,0.0052193
28.2,0.0060652
28.21,0.0069215
28.22,0.0078108
28.23,0.0087083
28.24,0.0095452
28.25,0.010102
28.26,0.01016
28.27,0.0097674
28.28,0.0091904
28.29,0.0086411
28.3,0.0081831
28.31,0.0077877
28.32,0.0073781
28.33,0.0069163
28.34,0.0064253
28.35,0.0059535
28.36,0.0055054
28.37,0.0050582
28.38,0.0046104
28.39,0.0041567
28.4,0.0037148
28.41,0.003293
28.42,0.0028868
28.43,0.002487
28.44,0.0020861
28.45,0.0016939
28.46,0.0013067
28.47,0.00090352
28.48,0.00032629
28.49,-0.0006406
28.5,-0.0020247
28.51,-0.0036405
28.52,-0.0052538
28.53,-0.0067902
28.54,-0.0082564
28.55,-0.0095276
28.56,-0.010369
28.57,-0.010676
28.58,-0.010615
28.59,-0.010478
28.6,-0.010447
28.61,-0.010508
28.62,-0.010564
28.63,-0.010577
28.64,-0.010585
28.65,-0.010721
28.66,-0.011161
28.67,-0.01188
28.68,-0.012729
28.69,-0.013575
28.7,-0.014127
28.71,-0.01392
28.72,-0.012671
28.73,-0.010623
28.74,-0.0083248
28.75,-0.0061574
28.76,-0.004183
28.77,-0.0022354
28.78,-0.00025466
28.79,0.0013858
28.8,0.0021258
28.81,0.0018028
28.82,0.00081745
28.83,-0.00020018
28.84,-0.00066675
28.85,-0.00022564
28.86,0.0010301
28.87,0.0026576
28.88,0.0040658
28.89,0.0046935
28.9,0.0044081
28.91,0.0035658
28.92,0.0026238
28.93,0.0019252
28.94,0.0017001
28.95,0.0020325
28.96,0.0027801
28.97,0.0036711
28.98,0.0045214
28.99,0.005147
29,0.0052226
29.01,0.0045185
29.02,0.0032027
29.03,0.0018672
29.04,0.0011895
29.05,0.001407
29.06,0.00218
29.07,0.003018
29.08,0.0036702
29.09,0.0041678
29.1,0.0046732
29.11,0.0052772
29.12,0.0059025
29.13,0.0063649
29.14,0.0065489
29.15,0.0064923
29.16,0.0063441
29.17,0.0062414
29.18,0.0062031
29.19,0.0061853
29.2,0.0061446
29.21,0.00608
29.22,0.0060325
29.23,0.0060172
29.24,0.0060411
29.25,0.0060912
29.26,0.0061213
29.27,0.0061315
29.28,0.0061432
29.29,0.0061483
29.3,0.0061442
29.31,0.006103
29.32,0.0059615
29.33,0.0056746
29.34,0.0052977
29.35,0.0049139
29.36,0.0045449
29.37,0.0042022
29.38,0.003792
29.39,0.0031839
29.4,0.0023289
29.41,0.0013025
29.42,0.00025899
29.43,-0.00077327
29.44,-0.0019122
29.45,-0.0033193
29.46,-0.0050262
29.47,-0.006872
29.48,-0.0087124
29.49,-0.010491
29.5,-0.012227
29.51,-0.014007
29.52,-0.015666
29.53,-0.016566
29.54,-0.016105
29.55,-0.014378
29.56,-0.012054
29.57,-0.0097856
29.58,-0.0078101
29.59,-0.0060874
29.6,-0.0047386
29.61,-0.0039941
29.62,-0.003826
29.63,-0.0039547
29.64,-0.0040897
29.65,-0.0040924
29.66,-0.004005
29.67,-0.0039314
29.68,-0.0039213
29.69,-0.0040228
29.7,-0.0042954
29.71,-0.0047236
29.72,-0.0052498
29.73,-0.0057159
29.74,-0.005816
29.75,-0.0053429
29.76,-0.0043867
29.77,-0.0032436
29.78,-0.0021513
29.79,-0.0011815
29.8,-0.00033935
29.81,0.00037497
29.82,0.00097043
29.83,0.0014839
29.84,0.0019651
29.85,0.0024768
29.86,0.0031172
29.87,0.0040713
29.88,0.0055
29.89,0.0072885
29.9,0.0089799
29.91,0.010018
29.92,0.010187
29.93,0.0097603
29.94,0.0092065
29.95,0.0087992
29.96,0.0085388
29.97,0.0083024
29.98,0.0079618
29.99,0.0073725
30,0.0064249
30.01,0.0051854
30.02,0.003814
30.03,0.0024326
30.04,0.001097
30.05,-7.2646e-005
30.06,-0.00067909
30.07,-0.00031552
30.08,0.00097218
30.09,0.00271
30.1,0.0043918
30.11,0.0057856
30.12,0.0068316
30.13,0.0075339
30.14,0.0080432
30.15,0.008508
30.16,0.0089858
30.17,0.0095014
30.18,0.0099439
30.19,0.010157
30.2,0.010109
30.21,0.0099052
30.22,0.0096871
30.23,0.0095054
30.24,0.0093438
30.25,0.0092009
30.26,0.0090342
30.27,0.0088179
30.28,0.0085454
30.29,0.0080964
30.3,0.0074308
30.31,0.006676
30.32,0.0059178
30.33,0.0051739
30.34,0.0044673
30.35,0.0037713
30.36,0.003096
30.37,0.0025007
30.38,0.001972
30.39,0.0014758
30.4,0.0010068
30.41,0.00067968
30.42,0.00065085
30.43,0.0009231
30.44,0.0013283
30.45,0.0017224
30.46,0.0020759
30.47,0.0023151
30.48,0.0022373
30.49,0.0015792
30.5,0.00032011
30.51,-0.0012697
30.52,-0.0028421
30.53,-0.0041695
30.54,-0.0052538
30.55,-0.0060791
30.56,-0.0064939
30.57,-0.0064362
30.58,-0.0060338
30.59,-0.0055109
30.6,-0.0050845
30.61,-0.0048201
30.62,-0.0046312
30.63,-0.0044405
30.64,-0.0042066
30.65,-0.0039473
30.66,-0.0037059
30.67,-0.0034233
30.68,-0.0030252
30.69,-0.0024998
30.7,-0.0018701
30.71,-0.0013195
30.72,-0.0012115
30.73,-0.001836
30.74,-0.0031254
30.75,-0.0046909
30.76,-0.0062188
30.77,-0.0075762
30.78,-0.008684
30.79,-0.0095196
30.8,-0.010126
30.81,-0.010605
30.82,-0.011064
30.83,-0.011572
30.84,-0.012067
30.85,-0.012314
30.86,-0.012159
30.87,-0.011669
30.88,-0.011034
30.89,-0.010438
30.9,-0.0099273
30.91,-0.0094515
30.92,-0.0089575
30.93,-0.0083624
30.94,-0.0075006
30.95,-0.0062447
30.96,-0.0047598
30.97,-0.0035094
30.98,-0.0028366
30.99,-0.0026605
31,-0.0026612
31.01,-0.0025774
31.02,-0.0023542
31.03,-0.0021102
31.04,-0.0019415
31.05,-0.001858
31.06,-0.001811
31.07,-0.0017321
31.08,-0.0016621
31.09,-0.0017196
31.1,-0.0019812
31.11,-0.0024013
31.12,-0.0028685
31.13,-0.0033076
31.14,-0.0036536
31.15,-0.0038611
31.16,-0.0039404
31.17,-0.0039453
31.18,-0.0038923
31.19,-0.0037094
31.2,-0.0033221
31.21,-0.0027222
31.22,-0.0019937
31.23,-0.0012758
31.24,-0.00060764
31.25,4.8757e-005
31.26,0.00072079
31.27,0.0014451
31.28,0.0022096
31.29,0.0029664
31.3,0.0036994
31.31,0.0044145
31.32,0.0051164
31.33,0.0058023
31.34,0.0064762
31.35,0.0071492
31.36,0.0078361
31.37,0.0085146
31.38,0.0090519
31.39,0.00923
31.4,0.0089719
31.41,0.0084235
31.42,0.0077972
31.43,0.0072609
31.44,0.0068087
31.45,0.0062762
31.46,0.0055317
31.47,0.0045738
31.48,0.0034987
31.49,0.0024672
31.5,0.0017833
31.51,0.001834
31.52,0.0027168
31.53,0.0041114
31.54,0.0056008
31.55,0.0068814
31.56,0.0077197
31.57,0.0079788
31.58,0.0077514
31.59,0.007311
31.6,0.0068711
31.61,0.0065128
31.62,0.0062131
31.63,0.005889
31.64,0.0055259
31.65,0.0051577
31.66,0.0048173
31.67,0.0045218
31.68,0.0042598
31.69,0.0039956
31.7,0.003715
31.71,0.0034399
31.72,0.0031497
31.73,0.002887
31.74,0.0027137
31.75,0.0026201
31.76,0.0026041
31.77,0.0026211
31.78,0.0026103
31.79,0.0025826
31.8,0.002571
31.81,0.0025489
31.82,0.0025317
31.83,0.0025343
31.84,0.0025224
31.85,0.0025238
31.86,0.0025637
31.87,0.0026382
31.88,0.002726
31.89,0.0028095
31.9,0.0029059
31.91,0.0030507
31.92,0.0033451
31.93,0.0038627
31.94,0.0045276
31.95,0.0052359
31.96,0.0059244
31.97,0.006477
31.98,0.00664
31.99,0.0061412
32,0.0050083
32.01,0.0035785
32.02,0.0022114
32.03,0.0013421
32.04,0.0014637
32.05,0.0026409
32.06,0.0042003
32.07,0.004959
32.08,0.0040708
32.09,0.001752
32.1,-0.0010639
32.11,-0.0036562
32.12,-0.0059218
32.13,-0.0079599
32.14,-0.0094791
32.15,-0.0098864
32.16,-0.0089905
32.17,-0.0072872
32.18,-0.0056339
32.19,-0.0048122
32.2,-0.0051221
32.21,-0.0062374
32.22,-0.0075616
32.23,-0.0087194
32.24,-0.0096961
32.25,-0.010658
32.26,-0.011688
32.27,-0.01259
32.28,-0.012987
32.29,-0.012713
32.3,-0.012011
32.31,-0.011261
32.32,-0.010638
32.33,-0.010114
32.34,-0.009614
32.35,-0.0091185
32.36,-0.0086693
32.37,-0.0083324
32.38,-0.0080844
32.39,-0.0078348
32.4,-0.0075645
32.41,-0.0072798
32.42,-0.0069805
32.43,-0.0066733
32.44,-0.0063412
32.45,-0.005964
32.46,-0.0055502
32.47,-0.0051339
32.48,-0.0047345
32.49,-0.0043303
32.5,-0.0039328
32.51,-0.0035379
32.52,-0.0031182
32.53,-0.002738
32.54,-0.0025311
32.55,-0.0026504
32.56,-0.0031291
32.57,-0.0037923
32.58,-0.0044663
32.59,-0.0050746
32.6,-0.0055105
32.61,-0.0055624
32.62,-0.0050144
32.63,-0.0039572
32.64,-0.0027216
32.65,-0.0015325
32.66,-0.00048293
32.67,0.00038272
32.68,0.0010417
32.69,0.0015248
32.7,0.0019266
32.71,0.0023222
32.72,0.0027475
32.73,0.003203
32.74,0.0036437
32.75,0.0040688
32.76,0.0044948
32.77,0.004909
32.78,0.0053323
32.79,0.0057634
32.8,0.0061165
32.81,0.0062421
32.82,0.0060754
32.83,0.0057115
32.84,0.0052814
32.85,0.0048992
32.86,0.0045846
32.87,0.0042717
32.88,0.0039289
32.89,0.0035737
32.9,0.0032263
32.91,0.0028747
32.92,0.0025436
32.93,0.0022148
32.94,0.0018675
32.95,0.0015206
32.96,0.0011646
32.97,0.00080906
32.98,0.00045384
32.99,0.00018451
33,0.0001631
33.01,0.00045723
33.02,0.00097499
33.03,0.0015719
33.04,0.0021368
33.05,0.0026045
33.06,0.0028647
33.07,0.0027979
33.08,0.0024085
33.09,0.0018366
33.1,0.0012648
33.11,0.00074806
33.12,0.00027486
33.13,-0.0002171
33.14,-0.00073372
33.15,-0.0011493
33.16,-0.00133
33.17,-0.0012237
33.18,-0.00094702
33.19,-0.00066149
33.2,-0.00042935
33.21,-0.00023373
33.22,-3.8769e-005
33.23,0.00018501
33.24,0.00046064
33.25,0.00076591
33.26,0.0011132
33.27,0.0015318
33.28,0.0019805
33.29,0.0024334
33.3,0.0028776
33.31,0.0033069
33.32,0.0037363
33.33,0.0041604
33.34,0.0045961
33.35,0.0050454
33.36,0.0054735
33.37,0.0059067
33.38,0.0063582
33.39,0.0068555
33.4,0.0074303
33.41,0.0080352
33.42,0.0086539
33.43,0.0092767
33.44,0.0098764
33.45,0.010488
33.46,0.011119
33.47,0.011734
33.48,0.012361
33.49,0.01297
33.5,0.013484
33.51,0.013876
33.52,0.014151
33.53,0.014373
33.54,0.014617
33.55,0.014881
33.56,0.015142
33.57,0.015419
33.58,0.015654
33.59,0.015737
33.6,0.015541
33.61,0.015069
33.62,0.014476
33.63,0.013868
33.64,0.01332
33.65,0.01282
33.66,0.012294
33.67,0.011653
33.68,0.010839
33.69,0.0098456
33.7,0.0087128
33.71,0.0075678
33.72,0.0064731
33.73,0.0053983
33.74,0.0043264
33.75,0.0032386
33.76,0.0021293
33.77,0.0010729
33.78,0.00018608
33.79,-0.00048545
33.8,-0.00099991
33.81,-0.0014564
33.82,-0.0019309
33.83,-0.0024666
33.84,-0.0030485
33.85,-0.0036621
33.86,-0.0043409
33.87,-0.0050698
33.88,-0.0057921
33.89,-0.0064824
33.9,-0.0071605
33.91,-0.0078429
33.92,-0.0085242
33.93,-0.0091916
33.94,-0.0097685
33.95,-0.010162
33.96,-0.010392
33.97,-0.010568
33.98,-0.010762
33.99,-0.010988
34,-0.011232
34.01,-0.011456
34.02,-0.011676
34.03,-0.011904
34.04,-0.01218
34.05,-0.012566
34.06,-0.013001
34.07,-0.013446
34.08,-0.013886
34.09,-0.014299
34.1,-0.014726
34.11,-0.01515
34.12,-0.015454
34.13,-0.015464
34.14,-0.015072
34.15,-0.014401
34.16,-0.013676
34.17,-0.013021
34.18,-0.012438
34.19,-0.011869
34.2,-0.011271
34.21,-0.010634
34.22,-0.010016
34.23,-0.0094532
34.24,-0.0089535
34.25,-0.0085031
34.26,-0.0080585
34.27,-0.0076058
34.28,-0.0071335
34.29,-0.0066677
34.3,-0.0062122
34.31,-0.0057536
34.32,-0.0053782
34.33,-0.0051724
34.34,-0.0051533
34.35,-0.0052737
34.36,-0.0054256
34.37,-0.0055303
34.38,-0.00559
34.39,-0.0056663
34.4,-0.0057632
34.41,-0.0058586
34.42,-0.0059655
34.43,-0.0060558
34.44,-0.0060843
34.45,-0.006005
34.46,-0.0057915
34.47,-0.0054907
34.48,-0.0051834
34.49,-0.0049078
34.5,-0.0046473
34.51,-0.0043804
34.52,-0.004106
34.53,-0.0038261
34.54,-0.0035607
34.55,-0.0033046
34.56,-0.0030015
34.57,-0.0026032
34.58,-0.0020886
34.59,-0.0014857
34.6,-0.0008609
34.61,-0.00025767
34.62,0.00032081
34.63,0.00089896
34.64,0.0014906
34.65,0.0020915
34.66,0.0027031
34.67,0.0033084
34.68,0.0038995
34.69,0.0044998
34.7,0.0051074
34.71,0.0057179
34.72,0.0063233
34.73,0.0069202
34.74,0.0075262
34.75,0.0081381
34.76,0.0087515
34.77,0.0093724
34.78,0.0099672
34.79,0.010448
34.8,0.010765
34.81,0.010942
34.82,0.011068
34.83,0.011225
34.84,0.011396
34.85,0.011478
34.86,0.011292
34.87,0.010761
34.88,0.010006
34.89,0.0092147
34.9,0.008483
34.91,0.0078044
34.92,0.007127
34.93,0.0064183
34.94,0.0056901
34.95,0.0049571
34.96,0.0042911
34.97,0.0038339
34.98,0.0036819
34.99,0.0037786
35,0.0039548
35.01,0.0041014
35.02,0.0041929
35.03,0.0042574
35.04,0.0043504
35.05,0.0044664
35.06,0.0045552
35.07,0.004512
35.08,0.0042109
35.09,0.0036616
35.1,0.0029982
35.11,0.0023356
35.12,0.0017285
35.13,0.0011646
35.14,0.00058933
35.15,-8.5943e-006
35.16,-0.00061596
35.17,-0.0012327
35.18,-0.0019188
35.19,-0.0027944
35.2,-0.0038951
35.21,-0.0050815
35.22,-0.0060227
35.23,-0.0063582
35.24,-0.0060657
35.25,-0.0054658
35.26,-0.0048675
35.27,-0.0044022
35.28,-0.0040161
35.29,-0.0035952
35.3,-0.0031148
35.31,-0.0026053
35.32,-0.0020981
35.33,-0.001629
35.34,-0.0013388
35.35,-0.0014562
35.36,-0.0020835
35.37,-0.0030729
35.38,-0.004136
35.39,-0.0051161
35.4,-0.0060204
35.41,-0.0069137
35.42,-0.0077693
35.43,-0.0082862
35.44,-0.0081438
35.45,-0.0073634
35.46,-0.0062808
35.47,-0.0052379
35.48,-0.004338
35.49,-0.0035105
35.5,-0.002661
35.51,-0.0017427
35.52,-0.00079417
35.53,0.00013463
35.54,0.0010055
35.55,0.0017892
35.56,0.0025083
35.57,0.0031884
35.58,0.0038594
35.59,0.0045473
35.6,0.0052378
35.61,0.0059107
35.62,0.0064587
35.63,0.0066474
35.64,0.0063524
35.65,0.0057076
35.66,0.0049609
35.67,0.0043313
35.68,0.0040481
35.69,0.0043059
35.7,0.0050767
35.71,0.0061141
35.72,0.0071568
35.73,0.0080991
35.74,0.0089846
35.75,0.0098546
35.76,0.010597
35.77,0.011037
35.78,0.011155
35.79,0.011092
35.8,0.011015
35.81,0.01102
35.82,0.011078
35.83,0.011123
35.84,0.011121
35.85,0.010983
35.86,0.01061
35.87,0.010013
35.88,0.009288
35.89,0.0085506
35.9,0.0078604
35.91,0.0072052
35.92,0.0065448
35.93,0.0058474
35.94,0.0050889
35.95,0.0042267
35.96,0.0032497
35.97,0.0022143
35.98,0.0011725
35.99,0.00016746
36,-0.00070335
36.01,-0.0013144
36.02,-0.0016384
36.03,-0.0017931
36.04,-0.0019241
36.05,-0.0021121
36.06,-0.0023493
36.07,-0.0025839
36.08,-0.0027972
36.09,-0.0029972
36.1,-0.0031928
36.11,-0.0034034
36.12,-0.0036227
36.13,-0.003832
36.14,-0.0040351
36.15,-0.004221
36.16,-0.0043943
36.17,-0.0045686
36.18,-0.0047422
36.19,-0.0049247
36.2,-0.005105
36.21,-0.0052786
36.22,-0.005458
36.23,-0.0056273
36.24,-0.0057939
36.25,-0.0059699
36.26,-0.006138
36.27,-0.0063079
36.28,-0.0064782
36.29,-0.0065901
36.3,-0.0065304
36.31,-0.0062285
36.32,-0.00576
36.33,-0.0052509
36.34,-0.0047752
36.35,-0.0043417
36.36,-0.0039129
36.37,-0.0034683
36.38,-0.0030076
36.39,-0.0025337
36.4,-0.00206
36.41,-0.0015668
36.42,-0.0010363
36.43,-0.00049936
36.44,4.0445e-005
36.45,0.00058116
36.46,0.001118
36.47,0.0016598
36.48,0.0021394
36.49,0.002404
36.5,0.0023304
36.51,0.0019739
36.52,0.0015127
36.53,0.0010849
36.54,0.00072162
36.55,0.0003788
36.56,1.5197e-005
36.57,-0.00038514
36.58,-0.00081564
36.59,-0.0012651
36.6,-0.0017305
36.61,-0.0022096
36.62,-0.0026874
36.63,-0.0031613
36.64,-0.0036135
36.65,-0.0039619
36.66,-0.0041398
36.67,-0.004159
36.68,-0.0041058
36.69,-0.0040676
36.7,-0.0040741
36.71,-0.0041034
36.72,-0.0041171
36.73,-0.0041112
36.74,-0.004105
36.75,-0.0041018
36.76,-0.004098
36.77,-0.0040987
36.78,-0.0040854
36.79,-0.003974
36.8,-0.0036296
36.81,-0.0029976
36.82,-0.0021752
36.83,-0.0013075
36.84,-0.00049571
36.85,0.00026211
36.86,0.0010298
36.87,0.0018316
36.88,0.0026393
36.89,0.0032913
36.9,0.0035243
36.91,0.0032644
36.92,0.0027081
36.93,0.0021036
36.94,0.0015911
36.95,0.001155
36.96,0.0007119
36.97,0.00019626
36.98,-0.00045161
36.99,-0.0012276
37,-0.0020664
37.01,-0.0029176
37.02,-0.0037578
37.03,-0.0045893
37.04,-0.0053668
37.05,-0.0058793
37.06,-0.0059113
37.07,-0.0054914
37.08,-0.004856
37.09,-0.0042439
37.1,-0.003737
37.11,-0.0032845
37.12,-0.0028982
37.13,-0.0027463
37.14,-0.002962
37.15,-0.0034653
37.16,-0.0040564
37.17,-0.004603
37.18,-0.0050784
37.19,-0.0055288
37.2,-0.0060062
37.21,-0.0065192
37.22,-0.0070508
37.23,-0.007533
37.24,-0.0078332
37.25,-0.0078298
37.26,-0.0075322
37.27,-0.007086
37.28,-0.0066425
37.29,-0.0062632
37.3,-0.0059224
37.31,-0.0055678
37.32,-0.0051768
37.33,-0.0047772
37.34,-0.0044331
37.35,-0.0041972
37.36,-0.0040764
37.37,-0.0040299
37.38,-0.0039979
37.39,-0.003938
37.4,-0.0038516
37.41,-0.0037705
37.42,-0.0037011
37.43,-0.0036428
37.44,-0.0035806
37.45,-0.0035033
37.46,-0.003431
37.47,-0.0033634
37.48,-0.0032957
37.49,-0.0032244
37.5,-0.0031591
37.51,-0.0030872
37.52,-0.0029522
37.53,-0.002752
37.54,-0.0025118
37.55,-0.0022577
37.56,-0.0020195
37.57,-0.0017885
37.58,-0.0015487
37.59,-0.0013024
37.6,-0.0010533
37.61,-0.00079924
37.62,-0.00053887
37.63,-0.00024211
37.64,0.0001091
37.65,0.00049318
37.66,0.0008921
37.67,0.001287
37.68,0.0016702
37.69,0.0020489
37.7,0.0024367
37.71,0.0028256
37.72,0.0032075
37.73,0.0035886
37.74,0.0039651
37.75,0.0043429
37.76,0.0047214
37.77,0.0050836
37.78,0.0054173
37.79,0.0057221
37.8,0.0060076
37.81,0.0062901
37.82,0.0065848
37.83,0.0068853
37.84,0.007151
37.85,0.0073036
37.86,0.007272
37.87,0.0070801
37.88,0.0068342
37.89,0.006612
37.9,0.0064227
37.91,0.0062528
37.92,0.0060747
37.93,0.0058741
37.94,0.0056676
37.95,0.005472
37.96,0.0052843
37.97,0.0050788
37.98,0.0048276
37.99,0.0045121
38,0.004141
38.01,0.0037547
38.02,0.0033861
38.03,0.0030243
38.04,0.0026562
38.05,0.002278
38.06,0.0018889
38.07,0.0015018
38.08,0.0011184
38.09,0.00074178
38.1,0.00036662
38.11,-1.7099e-005
38.12,-0.00035386
38.13,-0.00049089
38.14,-0.00027963
38.15,0.00026149
38.16,0.00095133
38.17,0.0016251
38.18,0.0022274
38.19,0.0027927
38.2,0.003376
38.21,0.0039962
38.22,0.0046168
38.23,0.0051158
38.24,0.0053567
38.25,0.0053111
38.26,0.0051064
38.27,0.0049017
38.28,0.0047482
38.29,0.0046321
38.3,0.0045149
38.31,0.004365
38.32,0.0042021
38.33,0.0040438
38.34,0.0038931
38.35,0.0037534
38.36,0.0036108
38.37,0.0034605
38.38,0.0033084
38.39,0.0031523
38.4,0.0029947
38.41,0.0029054
38.42,0.0030514
38.43,0.003555
38.44,0.0043551
38.45,0.0052664
38.46,0.006147
38.47,0.0069647
38.48,0.0076797
38.49,0.0081457
38.5,0.0082288
38.51,0.0079738
38.52,0.007578
38.53,0.0072132
38.54,0.0069234
38.55,0.0066659
38.56,0.0063829
38.57,0.0060653
38.58,0.0057397
38.59,0.0054235
38.6,0.0051218
38.61,0.0048264
38.62,0.004525
38.63,0.0042174
38.64,0.0039087
38.65,0.0036017
38.66,0.0032955
38.67,0.0029899
38.68,0.0026861
38.69,0.0023826
38.7,0.0020802
38.71,0.0017771
38.72,0.0014649
38.73,0.0011324
38.74,0.00078816
38.75,0.00044772
38.76,0.00010954
38.77,-0.00023224
38.78,-0.00057372
38.79,-0.00091699
38.8,-0.0012623
38.81,-0.0016026
38.82,-0.0019481
38.83,-0.0022963
38.84,-0.0026449
38.85,-0.0030001
38.86,-0.0033419
38.87,-0.0036245
38.88,-0.0037893
38.89,-0.003826
38.9,-0.0037966
38.91,-0.0037665
38.92,-0.003765
38.93,-0.0037827
38.94,-0.0037943
38.95,-0.0037915
38.96,-0.0037754
38.97,-0.0037594
38.98,-0.0037577
38.99,-0.0037562
39,-0.0037476
39.01,-0.0037436
39.02,-0.0037366
39.03,-0.0037264
39.04,-0.0037223
39.05,-0.0037163
39.06,-0.00371
39.07,-0.0037022
39.08,-0.0036912
39.09,-0.0036838
39.1,-0.0036748
39.11,-0.0036669
39.12,-0.0036589
39.13,-0.0036525
39.14,-0.0036498
39.15,-0.0036431
39.16,-0.0036399
39.17,-0.0036392
39.18,-0.0036352
39.19,-0.003635
39.2,-0.0036776
39.21,-0.0038413
39.22,-0.0041698
39.23,-0.0046111
39.24,-0.0050865
39.25,-0.0055432
39.26,-0.005962
39.27,-0.0063826
39.28,-0.0068242
39.29,-0.0072241
39.3,-0.0074192
39.31,-0.007251
39.32,-0.0067349
39.33,-0.0060591
39.34,-0.0054104
39.35,-0.0048331
39.36,-0.0042961
39.37,-0.0037438
39.38,-0.0031404
39.39,-0.0025239
39.4,-0.0019419
39.41,-0.0014267
39.42,-0.00099842
39.43,-0.00062282
39.44,-0.00025903
39.45,0.00011028
39.46,0.00050089
39.47,0.00088875
39.48,0.0012591
39.49,0.0016238
39.5,0.0019871
39.51,0.0023498
39.52,0.0027134
39.53,0.0030871
39.54,0.0031928
39.55,0.0034655
39.56,0.0036452
39.57,0.0037429
39.58,0.003825
39.59,0.0039208
39.6,0.0040296
39.61,0.004147
39.62,0.0042543
39.63,0.0043543
39.64,0.0044453
39.65,0.0044707
39.66,0.0043611
39.67,0.004121
39.68,0.0038081
39.69,0.0034796
39.7,0.0031837
39.71,0.0029102
39.72,0.0026355
39.73,0.0024035
39.74,0.0022865
39.75,0.0022963
39.76,0.0023733
39.77,0.0024597
39.78,0.0025189
39.79,0.0025548
39.8,0.0025983
39.81,0.0026412
39.82,0.0026175
39.83,0.0024671
39.84,0.0021943
39.85,0.0018487
39.86,0.0014978
39.87,0.0011864
39.88,0.00089828
39.89,0.00059831
39.9,0.00028163
39.91,-4.2707e-005
39.92,-0.00035874
39.93,-0.00066567
39.94,-0.00097134
39.95,-0.0013135
39.96,-0.0017329
39.97,-0.0022244
39.98,-0.0027776
39.99,-0.0033356
40,-0.003853
40.01,-0.0043703
40.02,-0.0049076
40.03,-0.0054046
40.04,-0.005773
40.05,-0.0059834
40.06,-0.0060684
40.07,-0.0061058
40.08,-0.0061775
40.09,-0.0062785
40.1,-0.006377
40.11,-0.0064701
40.12,-0.0065619
40.13,-0.0066586
40.14,-0.0067575
40.15,-0.0068501
40.16,-0.0068674
40.17,-0.006716
40.18,-0.0063928
40.19,-0.005984
40.2,-0.0055767
40.21,-0.0052126
40.22,-0.0048724
40.23,-0.0045137
40.24,-0.0041495
40.25,-0.0037911
40.26,-0.0034308
40.27,-0.0030829
40.28,-0.0027679
40.29,-0.0025626
40.3,-0.002567
40.31,-0.0027615
40.32,-0.003035
40.33,-0.0032929
40.34,-0.0035129
40.35,-0.0037104
40.36,-0.003907
40.37,-0.0041248
40.38,-0.0043543
40.39,-0.0045435
40.4,-0.0046151
40.41,-0.0045572
40.42,-0.0043998
40.43,-0.004203
40.44,-0.0040302
40.45,-0.0038844
40.46,-0.0037472
40.47,-0.0035636
40.48,-0.0032746
40.49,-0.0028687
40.5,-0.002379
40.51,-0.0018692
40.52,-0.0013868
40.53,-0.0009262
40.54,-0.00046914
40.55,-1.0187e-005
40.56,0.00045798
40.57,0.00091936
40.58,0.0013726
40.59,0.0018289
40.6,0.0022801
40.61,0.002727
40.62,0.0031695
40.63,0.0036139
40.64,0.0040509
40.65,0.0044778
40.66,0.0048665
40.67,0.0050697
40.68,0.0049562
40.69,0.0045464
40.7,0.0039984
40.71,0.0034853
40.72,0.0030465
40.73,0.0026324
40.74,0.0022077
40.75,0.0017928
40.76,0.0015222
40.77,0.0015279
40.78,0.0017849
40.79,0.0021605
40.8,0.0025169
40.81,0.0028077
40.82,0.0030602
40.83,0.0033232
40.84,0.0036147
40.85,0.0039022
40.86,0.0041542
40.87,0.0043376
40.88,0.0044476
40.89,0.0045337
40.9,0.0046332
40.91,0.0047381
40.92,0.0048287
40.93,0.0048657
40.94,0.0048393
40.95,0.004784
40.96,0.0047165
40.97,0.0046537
40.98,0.0046022
40.99,0.0044431
41,0.0040203
41.01,0.0033118
41.02,0.0024252
41.03,0.0015279
41.04,0.00070655
41.05,-5.87e-005
41.06,-0.0008188
41.07,-0.0015778
41.08,-0.0021665
41.09,-0.0023036
41.1,-0.0018645
41.11,-0.0010364
41.12,-0.00015483
41.13,0.00046847
41.14,0.00061509
41.15,0.00028637
41.16,-0.00030974
41.17,-0.00091442
41.18,-0.0014218
41.19,-0.001882
41.2,-0.0023362
41.21,-0.0028047
41.22,-0.0032303
41.23,-0.0034618
41.24,-0.0034467
41.25,-0.0032752
41.26,-0.0030701
41.27,-0.0029098
41.28,-0.0027996
41.29,-0.0026923
41.3,-0.0025601
41.31,-0.0024151
41.32,-0.0022733
41.33,-0.0021416
41.34,-0.0020142
41.35,-0.0018944
41.36,-0.0017778
41.37,-0.0016521
41.38,-0.0015303
41.39,-0.00142
41.4,-0.0013056
41.41,-0.001192
41.42,-0.0010828
41.43,-0.00097485
41.44,-0.00086926
41.45,-0.00076181
41.46,-0.00066009
41.47,-0.00056102
41.48,-0.00045917
41.49,-0.00036257
41.5,-0.00026585
41.51,-0.0001703
41.52,-8.0726e-005
41.53,4.6552e-006
41.54,8.7603e-005
41.55,0.0001725
41.56,0.00025082
41.57,0.00032774
41.58,0.00040879
41.59,0.00048734
41.6,0.00056155
41.61,0.00063253
41.62,0.00070515
41.63,0.00077525
41.64,0.00083977
41.65,0.0009136
41.66,0.0010025
41.67,0.0011067
41.68,0.0012296
41.69,0.0013515
41.7,0.0014631
41.71,0.0015715
41.72,0.001673
41.73,0.001773
41.74,0.0018675
41.75,0.001923
41.76,0.0019093
41.77,0.0018321
41.78,0.0017264
41.79,0.0016238
41.8,0.001538
41.81,0.001459
41.82,0.0013808
41.83,0.0013008
41.84,0.0012145
41.85,0.0011337
41.86,0.0010643
41.87,0.0010337
41.88,0.0010943
41.89,0.0012497
41.9,0.0014552
41.91,0.0016482
41.92,0.0017579
41.93,0.0017429
41.94,0.0016232
41.95,0.0014586
41.96,0.0013057
41.97,0.0011837
41.98,0.0010715
41.99,0.00095491
42,0.0008359
42.01,0.00071534
42.02,0.00059926
42.03,0.00049452
42.04,0.0003952
42.05,0.00029966
42.06,0.00021987
42.07,0.00016168
42.08,0.00012508
42.09,9.4558e-005
42.1,6.0515e-005
42.11,2.7215e-005
42.12,-9.6437e-006
42.13,-4.3492e-005
42.14,-7.1366e-005
42.15,-0.00010096
42.16,-0.00012841
42.17,-0.00015478
42.18,-0.00018421
42.19,-0.00021257
42.2,-0.00023874
42.21,-0.00026282
42.22,-0.00028505
42.23,-0.00030525
42.24,-0.00032326
42.25,-0.00034073
42.26,-0.00035716
42.27,-0.00037048
42.28,-0.00038151
42.29,-0.00039782
42.3,-0.00042991
42.31,-0.00049429
42.32,-0.00058881
42.33,-0.00068843
42.34,-0.00078112
42.35,-0.00086014
42.36,-0.00092782
42.37,-0.00099408
42.38,-0.0010499
42.39,-0.0010595
42.4,-0.0009876
42.41,-0.00084315
42.42,-0.00066749
42.43,-0.00050106
42.44,-0.00035893
42.45,-0.00023177
42.46,-0.00010889
42.47,1.5176e-005
42.48,0.00013697
42.49,0.00025008
42.5,0.00035432
42.51,0.00045023
42.52,0.00054054
42.53,0.00062798
42.54,0.00070687
42.55,0.00076977
42.56,0.00081189
42.57,0.00083377
42.58,0.00084688
42.59,0.00086057
42.6,0.00087466
42.61,0.00088773
42.62,0.00089856
42.63,0.00090621
42.64,0.00091125
42.65,0.00091499
42.66,0.00091733
42.67,0.00091786
42.68,0.00091719
42.69,0.00091512
42.7,0.00091107
42.71,0.00090509
42.72,0.00089816
42.73,0.00088988
42.74,0.00087871
42.75,0.00086485
42.76,0.00084727
42.77,0.00082745
42.78,0.00080866
42.79,0.00078934
42.8,0.00076953
42.81,0.00074962
42.82,0.00072841
42.83,0.00070744
42.84,0.00068656
42.85,0.00066534
42.86,0.00064391
42.87,0.00062202
42.88,0.00059989
42.89,0.00057726
42.9,0.0005549
42.91,0.00053153
42.92,0.00050326
42.93,0.00046758
42.94,0.00042523
42.95,0.00038068
42.96,0.00033865
42.97,0.00030072
42.98,0.00026542
42.99,0.00023214
43,0.00020022
43.01,0.00016933
43.02,0.00014089
43.03,0.00011438
43.04,8.9968e-005
43.05,6.9161e-005
43.06,5.284e-005
43.07,4.0674e-005
43.08,3.065e-005
43.09,2.104e-005
43.1,1.087e-005
43.11,5.9348e-007
43.12,-8.9991e-006
43.13,-1.8191e-005
43.14,-2.7076e-005
43.15,-3.5539e-005
43.16,-4.2639e-005
43.17,-4.6179e-005
43.18,-4.5199e-005
43.19,-4.1755e-005
43.2,-3.8938e-005
43.21,-3.8557e-005
43.22,-4.023e-005
43.23,-4.3045e-005
43.24,-4.7367e-005
43.25,-5.5274e-005
43.26,-6.9144e-005
43.27,-8.775e-005
43.28,-0.00010695
43.29,-0.00012383
43.3,-0.0001379
43.31,-0.00015005
43.32,-0.00016083
43.33,-0.00017051
43.34,-0.00017932
43.35,-0.00018665
43.36,-0.00019269
43.37,-0.00019801
43.38,-0.0002024
43.39,-0.00020587
43.4,-0.0002087
43.41,-0.00021097
43.42,-0.00021253
43.43,-0.00021336
43.44,-0.00021355
43.45,-0.00021282
43.46,-0.00021083
43.47,-0.00020747
43.48,-0.00020305
43.49,-0.00019865
43.5,-0.0001948
43.51,-0.00019136
43.52,-0.00018822
43.53,-0.00018514
43.54,-0.00018218
43.55,-0.00017935
43.56,-0.00017662
43.57,-0.00017411
43.58,-0.00017168
43.59,-0.00016923
43.6,-0.00016687
43.61,-0.00016454
43.62,-0.0001623
43.63,-0.00016019
43.64,-0.0001581
43.65,-0.00015586
43.66,-0.00015347
43.67,-0.00015096
43.68,-0.00014836
43.69,-0.00014563
43.7,-0.00014278
43.71,-0.00013984
43.72,-0.00013679
43.73,-0.00013363
43.74,-0.00013039
43.75,-0.00012706
43.76,-0.00012365
43.77,-0.00012016
43.78,-0.00011666
43.79,-0.00011312
43.8,-0.00010953
43.81,-0.00010589
43.82,-0.0001022
43.83,-9.8458e-005
43.84,-9.4654e-005
43.85,-9.0794e-005
43.86,-8.6874e-005
43.87,-8.2892e-005
43.88,-7.8848e-005
43.89,-7.4738e-005
43.9,-7.056e-005
