0.01,-9.76E-06
0.02,3.48E-06
0.03,2.74E-06
0.04,-9.10E-05
0.05,-0.000188
0.06,-0.00020367
0.07,-0.0001343
0.08,-4.50E-05
0.09,-3.71E-05
0.1,-0.00010829
0.11,-0.00018316
0.12,-0.00020451
0.13,-0.00018377
0.14,-0.00014
0.15,-0.00011415
0.16,-0.0001696
0.17,-0.00029745
0.18,-0.00043166
0.19,-0.00043391
0.2,-0.00030592
0.21,-0.00017742
0.22,-8.09E-05
0.23,-2.63E-05
0.24,-8.48E-05
0.25,-0.00024161
0.26,-0.00036642
0.27,-0.00042406
0.28,-0.00045675
0.29,-0.00041299
0.3,-0.00031897
0.31,-0.00021426
0.32,-7.94E-05
0.33,-1.74E-05
0.34,3.56E-05
0.35,7.86E-05
0.36,3.75E-05
0.37,-9.19E-05
0.38,-0.00023365
0.39,-0.00017935
0.4,-7.02E-05
0.41,-0.00010464
0.42,-0.00013987
0.43,-5.19E-05
0.44,-4.66E-06
0.45,-4.88E-05
0.46,-0.00013252
0.47,-0.00031447
0.48,-0.00046891
0.49,-0.0004406
0.5,-0.00027794
0.51,-0.00022758
0.52,-0.00025764
0.53,-0.00013577
0.54,-0.00012493
0.55,-0.00029402
0.56,-0.00032947
0.57,-0.00023629
0.58,-8.01E-05
0.59,-2.14E-05
0.6,-5.69E-05
0.61,-9.14E-05
0.62,-0.00024443
0.63,-0.00018368
0.64,-8.25E-05
0.65,-0.00028563
0.66,-0.00027994
0.67,-0.00022791
0.68,-0.00030942
0.69,-0.00028399
0.7,-0.0002228
0.71,-0.00015653
0.72,-0.00013285
0.73,-0.00019194
0.74,-0.00019696
0.75,-0.00024684
0.76,-0.00039767
0.77,-0.00011826
0.78,7.93E-05
0.79,-0.00021026
0.8,-3.54E-05
0.81,-2.19E-07
0.82,-0.00027437
0.83,-0.00019542
0.84,-0.0002479
0.85,-0.00022584
0.86,-0.00026192
0.87,-0.00013938
0.88,5.82E-05
0.89,-1.42E-05
0.9,-2.18E-05
0.91,1.38E-06
0.92,-0.0001113
0.93,-0.00043775
0.94,-0.00028251
0.95,-9.38E-05
0.96,-0.00018629
0.97,-0.00014293
0.98,-7.78E-05
0.99,-1.44E-05
1,9.82E-05
1.01,6.02E-05
1.02,-0.00011511
1.03,-0.00012032
1.04,-0.00016619
1.05,-0.00038529
1.06,-0.00047768
1.07,-0.00020516
1.08,0.00018427
1.09,0.00023523
1.1,-0.00028356
1.11,-0.0005
1.12,-0.00015824
1.13,-0.00011518
1.14,-0.00041081
1.15,-0.00014144
1.16,0.0001343
1.17,4.05E-05
1.18,1.72E-05
1.19,-0.00021804
1.2,-5.58E-05
1.21,0.00014014
1.22,-0.00028332
1.23,-0.00071884
1.24,-0.00024164
1.25,-0.00011233
1.26,-0.0007171
1.27,-0.0002753
1.28,0.00024006
1.29,0.00019757
1.3,0.00026069
1.31,0.00019963
1.32,0.00015206
1.33,4.18E-05
1.34,0.00013753
1.35,-1.61E-05
1.36,-0.00044022
1.37,-0.00010406
1.38,-0.00030089
1.39,-0.00044654
1.4,0.00030461
1.41,0.00017876
1.42,-0.00046369
1.43,-3.42E-05
1.44,0.00038691
1.45,0.00019605
1.46,0.0001894
1.47,0.00011222
1.48,5.27E-05
1.49,3.27E-05
1.5,8.06E-05
1.51,0.00015898
1.52,0.00023844
1.53,0.00024763
1.54,0.00032604
1.55,0.000246
1.56,-0.00010587
1.57,8.14E-05
1.58,0.00030222
1.59,0.00015054
1.6,0.00022617
1.61,0.0001108
1.62,0.00026667
1.63,-6.79E-05
1.64,-0.00039416
1.65,-0.00034479
1.66,-0.0017435
1.67,-0.00073753
1.68,0.00076172
1.69,4.86E-05
1.7,-0.00025722
1.71,-2.40E-06
1.72,0.00027969
1.73,0.00028245
1.74,0.00020857
1.75,0.00056818
1.76,0.00084664
1.77,-0.00024095
1.78,-1.72E-05
1.79,0.00072136
1.8,-0.00028629
1.81,-0.00091167
1.82,-7.92E-05
1.83,0.00037014
1.84,0.00037367
1.85,0.00024056
1.86,-0.0006425
1.87,-6.29E-05
1.88,0.00057026
1.89,0.00032614
1.9,0.00032177
1.91,0.00049651
1.92,0.0002372
1.93,-0.00072216
1.94,-0.00017252
1.95,0.00044575
1.96,0.00015266
1.97,0.00040564
1.98,0.00031162
1.99,-0.000144
2,0.00027617
2.01,0.00063126
2.02,0.00064398
2.03,0.00059346
2.04,-0.00063777
2.05,-0.001157
2.06,0.00027627
2.07,0.0011794
2.08,0.00063398
2.09,0.00030667
2.1,0.00036378
2.11,0.00023279
2.12,0.00024475
2.13,0.00019537
2.14,0.00031655
2.15,0.00023407
2.16,-0.00025325
2.17,4.40E-05
2.18,0.00053148
2.19,0.00024309
2.2,-0.00023783
2.21,9.29E-05
2.22,0.00052444
2.23,0.00043535
2.24,0.00055213
2.25,0.00050811
2.26,0.00059138
2.27,0.00030454
2.28,-0.00013944
2.29,-9.50E-05
2.3,0.0001251
2.31,0.00084997
2.32,-0.00016629
2.33,-0.0014096
2.34,-0.00089104
2.35,0.00017928
2.36,0.0007186
2.37,0.00050501
2.38,0.00059356
2.39,0.0005047
2.4,0.00060734
2.41,0.00038983
2.42,-0.001024
2.43,-0.00069143
2.44,0.00021883
2.45,-0.00012041
2.46,0.00079088
2.47,0.00094777
2.48,0.00037188
2.49,0.00065
2.5,0.00048591
2.51,0.00071516
2.52,0.00041361
2.53,-0.00083767
2.54,-0.00016682
2.55,0.00074392
2.56,-0.00054212
2.57,-0.00088304
2.58,0.00013893
2.59,-0.00029786
2.6,4.47E-05
2.61,0.0010688
2.62,0.00040855
2.63,-0.00080311
2.64,-0.00060355
2.65,-4.23E-05
2.66,-9.06E-05
2.67,0.00068409
2.68,0.00097679
2.69,0.0007968
2.7,0.00074847
2.71,0.00073003
2.72,0.00041524
2.73,0.00064224
2.74,0.0017707
2.75,0.00094869
2.76,0.00014913
2.77,0.0005504
2.78,0.00056793
2.79,0.00055232
2.8,0.00083437
2.81,0.00048109
2.82,-0.00071381
2.83,1.34E-05
2.84,0.0011777
2.85,0.00058546
2.86,-0.00067551
2.87,0.00010462
2.88,0.0016109
2.89,0.00084238
2.9,-0.00094715
2.91,-0.0011345
2.92,0.00029264
2.93,0.00093575
2.94,0.0002374
2.95,-0.00095051
2.96,-0.0002847
2.97,0.00073442
2.98,0.00029034
2.99,-0.00016879
3,0.00020674
3.01,0.0005781
3.02,0.00031855
3.03,0.000351
3.04,0.00029055
3.05,0.00058195
3.06,0.0005634
3.07,-0.00062998
3.08,-0.0013538
3.09,-0.0008869
3.1,0.00028862
3.11,0.0011857
3.12,0.00066836
3.13,-0.00030929
3.14,0.00039474
3.15,0.00047372
3.16,-0.00033558
3.17,0.00071273
3.18,0.00042892
3.19,-0.00074214
3.2,0.00065905
3.21,0.0014217
3.22,0.00036155
3.23,-0.00057338
3.24,2.22E-05
3.25,0.00094244
3.26,0.0004272
3.27,-5.97E-05
3.28,0.00022365
3.29,0.0008575
3.3,0.0004345
3.31,-0.00064552
3.32,-0.00073223
3.33,-0.00066563
3.34,0.00024406
3.35,0.0010449
3.36,0.00082124
3.37,0.00092668
3.38,0.0001583
3.39,-0.00079409
3.4,-0.0010747
3.41,-0.00094183
3.42,0.0006298
3.43,0.00090926
3.44,-0.00060282
3.45,0.00016639
3.46,0.0009022
3.47,0.00047917
3.48,0.00059991
3.49,0.0005564
3.5,0.00067667
3.51,0.00054888
3.52,-0.00015725
3.53,0.00024748
3.54,0.00056635
3.55,0.00072996
3.56,0.00051562
3.57,-0.0003015
3.58,0.00013471
3.59,1.90E-06
3.6,3.23E-05
3.61,-0.00033322
3.62,-3.91E-05
3.63,0.00086552
3.64,0.00057682
3.65,0.00071931
3.66,0.0007948
3.67,0.00076604
3.68,0.00078567
3.69,0.00064704
3.7,0.00085876
3.71,0.00053002
3.72,-0.00080449
3.73,-1.40E-05
3.74,0.00072853
3.75,-0.0011792
3.76,-0.0014707
3.77,0.00010648
3.78,0.00093682
3.79,0.00047838
3.8,-0.00062919
3.81,0.00016855
3.82,0.0012324
3.83,-0.00087698
3.84,-0.0034521
3.85,-0.0020222
3.86,0.00064828
3.87,0.00060879
3.88,-0.0010682
3.89,-0.0014521
3.9,0.00014678
3.91,0.00071412
3.92,0.00053389
3.93,0.00065153
3.94,0.00065473
3.95,0.00070494
3.96,0.00075046
3.97,0.00070996
3.98,0.00080852
3.99,0.0005986
4,-8.15E-05
4.01,0.00027967
4.02,0.00071195
4.03,0.00061781
4.04,0.00053038
4.05,0.00064923
4.06,0.0013243
4.07,0.0010886
4.08,0.00082469
4.09,0.0010381
4.1,0.00088737
4.11,0.00064774
4.12,0.00070394
4.13,0.00054208
4.14,0.0002176
4.15,0.00058997
4.16,-0.00037868
4.17,-0.0012863
4.18,-0.00042136
4.19,0.00032321
4.2,0.00054555
4.21,0.00066377
4.22,0.00095329
4.23,0.0010796
4.24,0.0010398
4.25,0.00076274
4.26,-0.001145
4.27,-0.0021784
4.28,3.28E-05
4.29,0.001152
4.3,0.00081223
4.31,0.00087293
4.32,0.00058264
4.33,0.00036486
4.34,0.00033969
4.35,0.00042364
4.36,0.00065371
4.37,0.000932
4.38,0.0010541
4.39,0.00096624
4.4,0.00083205
4.41,0.00068412
4.42,0.00055934
4.43,0.00053354
4.44,0.00062274
4.45,0.00070735
4.46,0.00077704
4.47,0.00054333
4.48,0.00056722
4.49,0.0011048
4.5,0.00072417
4.51,0.00036788
4.52,0.00068542
4.53,0.00075944
4.54,0.00090657
4.55,0.00081872
4.56,0.00096309
4.57,0.0016238
4.58,0.0013231
4.59,0.00095243
4.6,0.0010722
4.61,0.00086603
4.62,0.00068565
4.63,0.00062248
4.64,0.00060661
4.65,0.00068239
4.66,0.00066257
4.67,0.00095688
4.68,0.00073595
4.69,-0.00056673
4.7,0.00026286
4.71,0.0010039
4.72,-0.00077866
4.73,-0.0011639
4.74,0.00094448
4.75,0.00011847
4.76,-0.0039194
4.77,-0.0021252
4.78,0.0018106
4.79,0.0015501
4.8,-0.00033493
4.81,-0.0038025
4.82,-0.0047037
4.83,-0.0013372
4.84,-0.00061872
4.85,-0.00084548
4.86,0.0018577
4.87,0.0038838
4.88,0.0044605
4.89,0.0049025
4.9,0.010199
4.91,0.014127
4.92,0.0036294
4.93,-0.0093273
4.94,-0.010521
4.95,-0.0069764
4.96,-0.004957
4.97,-0.0028185
4.98,0.00087678
4.99,0.00037334
5,-0.0060399
5.01,-0.010411
5.02,-0.011231
5.03,-0.0087608
5.04,-0.0046452
5.05,-0.0055159
5.06,-0.0063519
5.07,-0.0016752
5.08,0.005579
5.09,0.01213
5.1,0.0062743
5.11,-0.0055081
5.12,-0.0085887
5.13,-0.009743
5.14,-0.012971
5.15,-0.013624
5.16,-0.016429
5.17,-0.018023
5.18,-0.019824
5.19,-0.023296
5.2,-0.01741
5.21,-0.014033
5.22,-0.013994
5.23,-0.01213
5.24,-0.014457
5.25,-0.016063
5.26,-0.013115
5.27,-0.011029
5.28,-0.0081269
5.29,-0.0065575
5.3,-0.0080524
5.31,-0.0043401
5.32,0.0036448
5.33,0.018987
5.34,0.036562
5.35,0.056
5.36,0.084766
5.37,0.11038
5.38,0.11921
5.39,0.11284
5.4,0.10225
5.41,0.09639
5.42,0.092851
5.43,0.087258
5.44,0.080274
5.45,0.067557
5.46,0.048391
5.47,0.023053
5.48,-0.010304
5.49,-0.04876
5.5,-0.089164
5.51,-0.12252
5.52,-0.13673
5.53,-0.13299
5.54,-0.11921
5.55,-0.10288
5.56,-0.090088
5.57,-0.079509
5.58,-0.071733
5.59,-0.058956
5.6,-0.035351
5.61,-0.012526
5.62,0.0019655
5.63,0.0056799
5.64,0.0037251
5.65,0.0036551
5.66,0.0058033
5.67,0.0011264
5.68,-0.010725
5.69,-0.011322
5.7,-0.0014428
5.71,0.0028563
5.72,0.0057159
5.73,0.010265
5.74,0.0082421
5.75,0.0063433
5.76,-0.0008062
5.77,-0.021035
5.78,-0.043341
5.79,-0.060171
5.8,-0.063012
5.81,-0.052577
5.82,-0.036468
5.83,-0.018831
5.84,-0.0038938
5.85,0.013653
5.86,0.038567
5.87,0.062323
5.88,0.070544
5.89,0.060413
5.9,0.047215
5.91,0.037718
5.92,0.033824
5.93,0.035142
5.94,0.034679
5.95,0.035057
5.96,0.031561
5.97,0.0088266
5.98,-0.025465
5.99,-0.047955
6,-0.054204
6.01,-0.049819
6.02,-0.042336
6.03,-0.034726
6.04,-0.02261
6.05,-0.010135
6.06,-0.0058337
6.07,-0.0090881
6.08,-0.010452
6.09,-0.0075998
6.1,0.0027835
6.11,0.019365
6.12,0.022359
6.13,0.0086936
6.14,-0.0088699
6.15,-0.022195
6.16,-0.018775
6.17,0.0077226
6.18,0.036727
6.19,0.050662
6.2,0.052053
6.21,0.03802
6.22,0.010027
6.23,-0.017909
6.24,-0.029151
6.25,-0.023301
6.26,-0.015617
6.27,-0.01329
6.28,-0.013848
6.29,-0.011328
6.3,-0.0022196
6.31,0.0099158
6.32,0.020184
6.33,0.021609
6.34,0.017227
6.35,0.018097
6.36,0.023094
6.37,0.024505
6.38,0.02047
6.39,0.017739
6.4,0.015068
6.41,0.0063211
6.42,-0.0038841
6.43,-0.0046616
6.44,0.0018326
6.45,0.0099089
6.46,0.020211
6.47,0.028342
6.48,0.033135
6.49,0.03462
6.5,0.031306
6.51,0.020882
6.52,0.0074983
6.53,-0.00063316
6.54,-0.0026582
6.55,-0.0010446
6.56,0.0037164
6.57,0.014394
6.58,0.022391
6.59,0.025237
6.6,0.028167
6.61,0.016334
6.62,-0.00949
6.63,-0.025978
6.64,-0.027586
6.65,-0.023009
6.66,-0.016409
6.67,-0.0068086
6.68,-0.0011172
6.69,-0.011676
6.7,-0.03277
6.71,-0.046994
6.72,-0.048576
6.73,-0.043601
6.74,-0.035519
6.75,-0.027568
6.76,-0.026583
6.77,-0.030395
6.78,-0.030911
6.79,-0.023875
6.8,-0.0011805
6.81,0.031649
6.82,0.043686
6.83,0.031095
6.84,0.024025
6.85,0.032892
6.86,0.035814
6.87,0.021574
6.88,0.0065349
6.89,-0.003541
6.9,-0.013309
6.91,-0.019325
6.92,-0.015625
6.93,-0.004505
6.94,0.00142
6.95,0.0024528
6.96,0.0043351
6.97,0.0064923
6.98,0.005881
6.99,-0.0048183
7,-0.016194
7.01,-0.020263
7.02,-0.01473
7.03,-0.0023899
7.04,-0.00035065
7.05,-0.0079285
7.06,-0.018077
7.07,-0.024191
7.08,-0.02159
7.09,-0.015966
7.1,-0.007115
7.11,0.0018623
7.12,0.012544
7.13,0.027721
7.14,0.040731
7.15,0.051994
7.16,0.056796
7.17,0.05088
7.18,0.026231
7.19,-0.0090685
7.2,-0.029821
7.21,-0.036398
7.22,-0.031574
7.23,-0.022457
7.24,-0.015718
7.25,-0.01313
7.26,-0.015613
7.27,-0.011923
7.28,-0.0022678
7.29,0.0043272
7.3,0.0058955
7.31,0.0043721
7.32,-0.0019848
7.33,-0.012969
7.34,-0.02073
7.35,-0.021978
7.36,-0.023217
7.37,-0.021103
7.38,-0.0055695
7.39,0.016916
7.4,0.037143
7.41,0.050115
7.42,0.051468
7.43,0.038977
7.44,0.018279
7.45,0.0058072
7.46,0.00425
7.47,0.00087457
7.48,-0.0088243
7.49,-0.019284
7.5,-0.02267
7.51,-0.015402
7.52,0.0027111
7.53,0.020061
7.54,0.011096
7.55,-0.016038
7.56,-0.033089
7.57,-0.034127
7.58,-0.022519
7.59,-0.0026257
7.6,0.018747
7.61,0.031235
7.62,0.034231
7.63,0.030572
7.64,0.017527
7.65,0.0031266
7.66,-0.001381
7.67,0.00034191
7.68,0.00057141
7.69,0.00030367
7.7,0.0011377
7.71,0.0027321
7.72,0.00079775
7.73,-0.0044604
7.74,-0.001125
7.75,0.012892
7.76,0.026216
7.77,0.029463
7.78,0.027133
7.79,0.023612
7.8,0.016338
7.81,0.0068913
7.82,0.0036697
7.83,0.00055201
7.84,-0.011965
7.85,-0.020912
7.86,-0.020581
7.87,-0.013926
7.88,-0.0067042
7.89,-0.0033527
7.9,-0.0044
7.91,-0.0099397
7.92,-0.011642
7.93,-0.0016244
7.94,0.0057437
7.95,0.0014967
7.96,-0.0019742
7.97,-0.0075286
7.98,-0.016542
7.99,-0.022995
8,-0.022909
8.01,-0.0097815
8.02,0.0047911
8.03,0.0068727
8.04,-0.0035452
8.05,-0.017013
8.06,-0.018626
8.07,-0.0081946
8.08,0.0029187
8.09,0.005972
8.1,0.0026839
8.11,-0.0039501
8.12,-0.0080268
8.13,0.00069687
8.14,0.01938
8.15,0.037443
8.16,0.038848
8.17,0.020959
8.18,0.00089969
8.19,-0.013127
8.2,-0.021726
8.21,-0.014697
8.22,0.010001
8.23,0.029883
8.24,0.038212
8.25,0.042996
8.26,0.037183
8.27,0.021945
8.28,0.0046591
8.29,-0.015364
8.3,-0.029057
8.31,-0.034
8.32,-0.035249
8.33,-0.029491
8.34,-0.021003
8.35,-0.013441
8.36,-0.0040134
8.37,0.00055098
8.38,-0.0066444
8.39,-0.016249
8.4,-0.020422
8.41,-0.021496
8.42,-0.016813
8.43,-0.0028479
8.44,0.017672
8.45,0.029228
8.46,0.024309
8.47,0.0078276
8.48,-0.0070093
8.49,-0.0074609
8.5,-0.004352
8.51,-0.00083821
8.52,0.0038922
8.53,-0.00071107
8.54,-0.010436
8.55,-0.01507
8.56,-0.015628
8.57,-0.010645
8.58,-0.0060392
8.59,-0.0083035
8.6,-0.010551
8.61,-0.0093946
8.62,-0.00063843
8.63,0.011919
8.64,0.021326
8.65,0.026983
8.66,0.025356
8.67,0.016729
8.68,0.0063227
8.69,0.0042066
8.7,0.011209
8.71,0.018385
8.72,0.019249
8.73,0.0094235
8.74,-0.0072225
8.75,-0.021332
8.76,-0.02334
8.77,-0.017235
8.78,-0.010765
8.79,-0.0065459
8.8,-0.0044176
8.81,-0.0013212
8.82,-0.0013044
8.83,-0.0055675
8.84,-0.010382
8.85,-0.010327
8.86,-0.0090358
8.87,-0.0076174
8.88,-0.001192
8.89,0.0048099
8.9,0.0097236
8.91,0.014513
8.92,0.017777
8.93,0.019213
8.94,0.016465
8.95,0.0082236
8.96,-0.0038675
8.97,-0.013411
8.98,-0.01603
8.99,-0.0097234
9,0.0022408
9.01,0.0064809
9.02,0.0055037
9.03,0.0055192
9.04,0.00098202
9.05,-0.0051954
9.06,-0.0080697
9.07,-0.003417
9.08,0.0035405
9.09,0.003205
9.1,0.0027515
9.11,0.00028256
9.12,-0.0050627
9.13,-0.0022426
9.14,0.00070081
9.15,0.0016606
9.16,0.0025296
9.17,0.001794
9.18,0.0024859
9.19,0.0045887
9.2,0.01756
9.21,0.031554
9.22,0.034036
9.23,0.031187
9.24,0.017996
9.25,-0.006119
9.26,-0.022913
9.27,-0.023478
9.28,-0.015931
9.29,-0.0054944
9.3,0.0050426
9.31,0.010494
9.32,0.0083038
9.33,0.0016848
9.34,-0.0087835
9.35,-0.015288
9.36,-0.014891
9.37,-0.012613
9.38,-0.010564
9.39,-0.012273
9.4,-0.014926
9.41,-0.015281
9.42,-0.012558
9.43,-0.0030805
9.44,0.0090305
9.45,0.017652
9.46,0.021805
9.47,0.015167
9.48,0.0034021
9.49,-0.0063436
9.5,-0.011
9.51,-0.011115
9.52,-0.011883
9.53,-0.010668
9.54,-0.0068869
9.55,-0.00039745
9.56,0.0037876
9.57,0.0038422
9.58,0.0091439
9.59,0.017465
9.6,0.020667
9.61,0.015531
9.62,0.0074449
9.63,0.0011569
9.64,-0.003787
9.65,-0.0015984
9.66,0.0051262
9.67,0.014407
9.68,0.016592
9.69,0.0080794
9.7,0.0021692
9.71,-0.0048914
9.72,-0.016157
9.73,-0.02653
9.74,-0.027591
9.75,-0.022848
9.76,-0.016106
9.77,-0.0025976
9.78,0.010786
9.79,0.015274
9.8,0.0086323
9.81,0.0038558
9.82,0.0029914
9.83,-0.00017702
9.84,-0.003635
9.85,-0.006016
9.86,-0.0049851
9.87,-0.0015021
9.88,0.00063706
9.89,0.0046523
9.9,0.0096978
9.91,0.012717
9.92,0.020466
9.93,0.018276
9.94,0.0073781
9.95,0.005044
9.96,-0.0020498
9.97,-0.01577
9.98,-0.025559
9.99,-0.027011
10,-0.020996
10.01,-0.016214
10.02,-0.013164
10.03,-0.011836
10.04,-0.011374
10.05,-0.0061013
10.06,0.0026982
10.07,0.016111
10.08,0.027437
10.09,0.029613
10.1,0.031771
10.11,0.030519
10.12,0.023109
10.13,0.019724
10.14,0.018525
10.15,0.017316
10.16,0.017736
10.17,0.017301
10.18,0.016475
10.19,0.0086149
10.2,-0.0030073
10.21,-0.0092699
10.22,-0.010578
10.23,-0.0021492
10.24,0.011989
10.25,0.021627
10.26,0.020672
10.27,0.0085462
10.28,-0.0067047
10.29,-0.015867
10.3,-0.018187
10.31,-0.013867
10.32,-0.0090306
10.33,-0.0085751
10.34,-0.010455
10.35,-0.009962
10.36,-0.003874
10.37,0.0050165
10.38,0.020127
10.39,0.027278
10.4,0.022749
10.41,0.019886
10.42,0.015205
10.43,0.0078086
10.44,0.00088168
10.45,-0.0045918
10.46,-0.005833
10.47,-0.0025537
10.48,-0.00022666
10.49,0.0026216
10.5,0.012513
10.51,0.024553
10.52,0.03116
10.53,0.026319
10.54,0.0058923
10.55,-0.020671
10.56,-0.035202
10.57,-0.029537
10.58,-0.012971
10.59,0.0037456
10.6,0.0086522
10.61,-0.0031491
10.62,-0.021757
10.63,-0.038322
10.64,-0.04773
10.65,-0.048314
10.66,-0.040657
10.67,-0.029482
10.68,-0.016449
10.69,-0.0048667
10.7,0.0043865
10.71,0.01933
10.72,0.028854
10.73,0.024648
10.74,0.014962
10.75,0.0025106
10.76,-0.0082615
10.77,-0.010088
10.78,-0.0052124
10.79,-0.0035592
10.8,-0.012082
10.81,-0.024915
10.82,-0.028709
10.83,-0.023423
10.84,-0.012487
10.85,0.00087207
10.86,0.0021562
10.87,-0.0086594
10.88,-0.017829
10.89,-0.01661
10.9,3.48E-05
10.91,0.020751
10.92,0.034225
10.93,0.037529
10.94,0.029997
10.95,0.020425
10.96,0.014135
10.97,0.012751
10.98,0.020113
10.99,0.031075
11,0.037923
11.01,0.036661
11.02,0.021982
11.03,0.0048374
11.04,-0.0052652
11.05,-0.014427
11.06,-0.022194
11.07,-0.026979
11.08,-0.033532
11.09,-0.043577
11.1,-0.052455
11.11,-0.053977
11.12,-0.046638
11.13,-0.029988
11.14,-0.0073848
11.15,0.0062728
11.16,0.0047969
11.17,-0.0046049
11.18,-0.013187
11.19,-0.01662
11.2,-0.01374
11.21,-0.0058393
11.22,0.00080885
11.23,0.0023473
11.24,0.0030021
11.25,0.0054435
11.26,0.0061398
11.27,0.0070811
11.28,0.006499
11.29,-0.0021919
11.3,-0.014939
11.31,-0.026505
11.32,-0.034755
11.33,-0.037663
11.34,-0.034002
11.35,-0.027891
11.36,-0.025395
11.37,-0.026542
11.38,-0.031584
11.39,-0.035856
11.4,-0.033996
11.41,-0.029235
11.42,-0.018168
11.43,-0.0024405
11.44,0.0047827
11.45,0.0058965
11.46,0.0060029
11.47,0.0031341
11.48,0.0045839
11.49,0.013553
11.5,0.017628
11.51,0.016325
11.52,0.0087635
11.53,-0.010402
11.54,-0.029101
11.55,-0.039529
11.56,-0.038637
11.57,-0.028602
11.58,-0.01417
11.59,0.00045144
11.6,0.0048315
11.61,-0.0036144
11.62,-0.013725
11.63,-0.020759
11.64,-0.02317
11.65,-0.017756
11.66,-0.011369
11.67,-0.0052234
11.68,0.0011955
11.69,0.01253
11.7,0.028808
11.71,0.039727
11.72,0.040995
11.73,0.036157
11.74,0.025434
11.75,0.009
11.76,-0.002805
11.77,-0.006928
11.78,-0.0064466
11.79,-0.0018896
11.8,0.0012018
11.81,0.0052199
11.82,0.015046
11.83,0.019001
11.84,0.024326
11.85,0.033666
11.86,0.034343
11.87,0.028994
11.88,0.018082
11.89,0.0069435
11.9,0.0050434
11.91,0.0024251
11.92,-0.0063268
11.93,-0.010234
11.94,-0.010227
11.95,-0.006585
11.96,0.0037092
11.97,0.013414
11.98,0.016974
11.99,0.013239
12,0.0067104
12.01,0.0098674
12.02,0.013773
12.03,0.0038363
12.04,-0.016775
12.05,-0.039712
12.06,-0.046156
12.07,-0.02775
12.08,0.0008318
12.09,0.015289
12.1,0.0082386
12.11,-0.0073967
12.12,-0.020426
12.13,-0.020295
12.14,-0.0037228
12.15,0.022604
12.16,0.040112
12.17,0.031153
12.18,0.0025962
12.19,-0.034681
12.2,-0.058148
12.21,-0.034931
12.22,0.01894
12.23,0.055418
12.24,0.04842
12.25,0.01262
12.26,-0.018699
12.27,-0.032648
12.28,-0.017615
12.29,0.023458
12.3,0.054711
12.31,0.060194
12.32,0.046761
12.33,0.013179
12.34,-0.028752
12.35,-0.046281
12.36,-0.033196
12.37,-0.012067
12.38,0.0099819
12.39,0.029689
12.4,0.032899
12.41,0.02138
12.42,0.0061622
12.43,0.0028325
12.44,0.019621
12.45,0.038486
12.46,0.049609
12.47,0.051378
12.48,0.040834
12.49,0.021971
12.5,0.00063062
12.51,-0.014654
12.52,-0.018289
12.53,-0.018604
12.54,-0.02488
12.55,-0.036266
12.56,-0.042968
12.57,-0.033972
12.58,-0.0097045
12.59,0.017054
12.6,0.029467
12.61,0.028945
12.62,0.023409
12.63,0.014699
12.64,0.0062102
12.65,-0.0007991
12.66,0.0029912
12.67,0.0179
12.68,0.023244
12.69,0.015899
12.7,0.0055348
12.71,0.0039055
12.72,0.015933
12.73,0.019673
12.74,0.0083262
12.75,-0.0070437
12.76,-0.020534
12.77,-0.022558
12.78,-0.012058
12.79,-0.0040854
12.8,-0.009194
12.81,-0.021546
12.82,-0.03236
12.83,-0.035363
12.84,-0.029769
12.85,-0.015304
12.86,0.0073888
12.87,0.026993
12.88,0.034208
12.89,0.029111
12.9,0.016252
12.91,0.0015667
12.92,-0.0098442
12.93,-0.013358
12.94,-0.01429
12.95,-0.019318
12.96,-0.022443
12.97,-0.022576
12.98,-0.016742
12.99,0.00034683
13,0.023879
13.01,0.039763
13.02,0.039378
13.03,0.025838
13.04,0.0089058
13.05,-6.05E-05
13.06,-0.0033082
13.07,-0.0022671
13.08,0.0046287
13.09,0.014017
13.1,0.015595
13.11,0.006207
13.12,-0.0050717
13.13,-0.0072076
13.14,-0.0030392
13.15,-0.0027774
13.16,8.93E-05
13.17,0.0041086
13.18,0.0030777
13.19,0.00018257
13.2,-0.006972
13.21,-0.017823
13.22,-0.025837
13.23,-0.030623
13.24,-0.02763
13.25,-0.017053
13.26,-0.009262
13.27,-0.010034
13.28,-0.013266
13.29,-0.0099141
13.3,-3.24E-05
13.31,0.016739
13.32,0.028789
13.33,0.028966
13.34,0.022617
13.35,0.014286
13.36,0.0023005
13.37,-0.0097544
13.38,-0.0096986
13.39,-0.0019277
13.4,0.010355
13.41,0.020364
13.42,0.025094
13.43,0.027635
13.44,0.02907
13.45,0.031735
13.46,0.029466
13.47,0.020168
13.48,0.0074664
13.49,0.0043072
13.5,0.013716
13.51,0.020283
13.52,0.01727
13.53,0.0066713
13.54,-0.0054697
13.55,-0.012593
13.56,-0.011574
13.57,-0.001434
13.58,0.0091036
13.59,0.017471
13.6,0.026277
13.61,0.022387
13.62,0.0058375
13.63,-0.014021
13.64,-0.031917
13.65,-0.039872
13.66,-0.037963
13.67,-0.030169
13.68,-0.023472
13.69,-0.020552
13.7,-0.024807
13.71,-0.036999
13.72,-0.042195
13.73,-0.042168
13.74,-0.04319
13.75,-0.036435
13.76,-0.026058
13.77,-0.012012
13.78,0.0025368
13.79,0.0064342
13.8,0.0081193
13.81,0.0055478
13.82,0.0035479
13.83,0.018394
13.84,0.035633
13.85,0.042673
13.86,0.040917
13.87,0.031588
13.88,0.016886
13.89,-0.00060271
13.9,-0.015388
13.91,-0.026957
13.92,-0.035627
13.93,-0.03157
13.94,-0.017033
13.95,0.0023076
13.96,0.023932
13.97,0.033504
13.98,0.036411
13.99,0.036481
14,0.033475
14.01,0.030113
14.02,0.024013
14.03,0.015628
14.04,0.0068537
14.05,0.0090031
14.06,0.015626
14.07,0.016097
14.08,0.0080171
14.09,-0.008178
14.1,-0.024012
14.11,-0.035421
14.12,-0.040141
14.13,-0.037535
14.14,-0.025598
14.15,-0.0052207
14.16,0.012551
14.17,0.02031
14.18,0.016841
14.19,0.0034853
14.2,-0.0054703
14.21,-0.0025366
14.22,0.0047433
14.23,0.014563
14.24,0.0169
14.25,0.0068905
14.26,-0.002257
14.27,-0.0023811
14.28,0.0077993
14.29,0.023957
14.3,0.037955
14.31,0.040362
14.32,0.031003
14.33,0.022642
14.34,0.018908
14.35,0.016148
14.36,0.016113
14.37,0.016598
14.38,0.0077911
14.39,-0.0072465
14.4,-0.018036
14.41,-0.027504
14.42,-0.033374
14.43,-0.033295
14.44,-0.032658
14.45,-0.033602
14.46,-0.03422
14.47,-0.030025
14.48,-0.023052
14.49,-0.016084
14.5,-0.0075257
14.51,0.00022152
14.52,0.0045885
14.53,0.0056115
14.54,0.0042569
14.55,0.0033511
14.56,0.003779
14.57,0.0050199
14.58,0.0060363
14.59,0.0050932
14.6,0.002977
14.61,-0.0011161
14.62,-0.0091666
14.63,-0.014708
14.64,-0.016254
14.65,-0.02006
14.66,-0.026876
14.67,-0.028651
14.68,-0.022806
14.69,-0.016053
14.7,-0.0042341
14.71,0.014607
14.72,0.033077
14.73,0.045816
14.74,0.050715
14.75,0.050621
14.76,0.048931
14.77,0.041105
14.78,0.028866
14.79,0.016582
14.8,0.0053563
14.81,-0.00043518
14.82,-0.0064932
14.83,-0.015777
14.84,-0.023536
14.85,-0.022907
14.86,-0.018764
14.87,-0.017907
14.88,-0.016793
14.89,-0.018949
14.9,-0.023049
14.91,-0.020634
14.92,-0.015996
14.93,-0.016145
14.94,-0.013624
14.95,-0.009305
14.96,-0.011245
14.97,-0.015399
14.98,-0.018447
14.99,-0.02087
15,-0.021948
15.01,-0.020662
15.02,-0.019682
15.03,-0.01857
15.04,-0.015914
15.05,-0.015467
15.06,-0.01408
15.07,-0.012413
15.08,-0.014104
15.09,-0.010602
15.1,-0.0015414
15.11,0.0021346
15.12,-0.0014491
15.13,-0.0073093
15.14,-0.010005
15.15,-0.0063685
15.16,-0.00048412
15.17,0.0060412
15.18,0.0127
15.19,0.0092128
15.2,0.00062918
15.21,-0.0064377
15.22,-0.010526
15.23,-0.0090272
15.24,-0.0063092
15.25,-0.0012996
15.26,-0.001059
15.27,-0.0061099
15.28,-0.0064023
15.29,-0.0029402
15.3,0.0015621
15.31,0.0054179
15.32,0.0060932
15.33,0.0058105
15.34,0.0058577
15.35,0.0059494
15.36,0.0055662
15.37,0.0043265
15.38,0.0031162
15.39,0.0022214
15.4,0.0043232
15.41,0.0058721
15.42,0.005989
15.43,0.004986
15.44,-0.003026
15.45,-0.013014
15.46,-0.018835
15.47,-0.01531
15.48,-0.0019551
15.49,0.010634
15.5,0.01796
15.51,0.017288
15.52,0.0085371
15.53,-0.0029755
15.54,-0.016286
15.55,-0.029404
15.56,-0.036573
15.57,-0.032414
15.58,-0.018514
15.59,-0.0017867
15.6,0.013017
15.61,0.021275
15.62,0.024235
15.63,0.027733
15.64,0.034521
15.65,0.040835
15.66,0.038941
15.67,0.032976
15.68,0.025859
15.69,0.020866
15.7,0.024915
15.71,0.030155
15.72,0.029522
15.73,0.020658
15.74,0.0031097
15.75,-0.020456
15.76,-0.034624
15.77,-0.030265
15.78,-0.021063
15.79,-0.013619
15.8,-0.010185
15.81,-0.011906
15.82,-0.01449
15.83,-0.014387
15.84,-0.011772
15.85,-0.0096568
15.86,-0.009209
15.87,-0.011644
15.88,-0.014403
15.89,-0.013061
15.9,-0.010529
15.91,-0.0049694
15.92,0.0024151
15.93,0.0064336
15.94,0.010224
15.95,0.0076489
15.96,-0.00015831
15.97,-0.0055441
15.98,-0.005126
15.99,-0.0012887
16,0.00085838
16.01,0.0033574
16.02,0.0052802
16.03,0.009872
16.04,0.014661
16.05,0.015634
16.06,0.015567
16.07,0.01515
16.08,0.015237
16.09,0.012734
16.1,0.0067562
16.11,0.001451
16.12,-0.00065652
16.13,0.00041956
16.14,0.0011528
16.15,0.00096691
16.16,0.00089083
16.17,0.0018759
16.18,0.0045092
16.19,0.0031038
16.2,-0.0029575
16.21,-0.0085491
16.22,-0.013858
16.23,-0.017782
16.24,-0.01894
16.25,-0.016878
16.26,-0.011294
16.27,-0.007085
16.28,-0.0012207
16.29,0.0042453
16.3,0.0041208
16.31,0.0047688
16.32,0.006125
16.33,0.0046545
16.34,0.0010672
16.35,0.00063337
16.36,0.0014705
16.37,-0.00013848
16.38,-0.00087381
16.39,-0.00040714
16.4,0.00068857
16.41,3.17E-05
16.42,-0.0023963
16.43,-0.005919
16.44,-0.0049705
16.45,0.00078209
16.46,0.0055251
16.47,0.010913
16.48,0.012776
16.49,0.016252
16.5,0.021323
16.51,0.021991
16.52,0.022994
16.53,0.017889
16.54,0.0074962
16.55,-0.00020028
16.56,-0.0052365
16.57,-0.0038011
16.58,0.0010125
16.59,0.0017902
16.6,-0.0027703
16.61,-0.010441
16.62,-0.016086
16.63,-0.019555
16.64,-0.015606
16.65,-0.003739
16.66,0.004294
16.67,0.012251
16.68,0.022003
16.69,0.026893
16.7,0.027209
16.71,0.023104
16.72,0.018865
16.73,0.016849
16.74,0.012585
16.75,0.0059001
16.76,0.0012639
16.77,0.0026763
16.78,0.010785
16.79,0.017588
16.8,0.021455
16.81,0.026106
16.82,0.029927
16.83,0.030169
16.84,0.020215
16.85,0.0075804
16.86,0.0035081
16.87,-0.00341
16.88,-0.013742
16.89,-0.018408
16.9,-0.019414
16.91,-0.016897
16.92,-0.010954
16.93,-0.00101
16.94,0.0029054
16.95,-0.0037277
16.96,-0.013781
16.97,-0.024357
16.98,-0.032654
16.99,-0.037618
17,-0.035049
17.01,-0.027907
17.02,-0.022176
17.03,-0.016253
17.04,-0.012575
17.05,-0.011859
17.06,-0.015495
17.07,-0.021876
17.08,-0.021096
17.09,-0.017777
17.1,-0.014828
17.11,-0.012774
17.12,-0.015243
17.13,-0.015859
17.14,-0.013172
17.15,-0.0060881
17.16,-0.00063296
17.17,-0.0005163
17.18,-0.0013672
17.19,-0.00067788
17.2,0.0025392
17.21,0.005581
17.22,0.011121
17.23,0.015503
17.24,0.01365
17.25,0.0073108
17.26,-0.0009387
17.27,-0.0043726
17.28,0.0020885
17.29,0.005113
17.3,0.0044149
17.31,0.012265
17.32,0.014304
17.33,0.0069514
17.34,0.0048597
17.35,0.0060678
17.36,0.004202
17.37,0.0021235
17.38,-0.0014028
17.39,-0.0075758
17.4,-0.012443
17.41,-0.015628
17.42,-0.017506
17.43,-0.012938
17.44,-0.0047179
17.45,-0.0025328
17.46,0.0021996
17.47,0.015253
17.48,0.02508
17.49,0.028987
17.5,0.033643
17.51,0.038556
17.52,0.041441
17.53,0.043883
17.54,0.04533
17.55,0.046179
17.56,0.046921
17.57,0.043324
17.58,0.035802
17.59,0.027324
17.6,0.016504
17.61,0.0069569
17.62,0.0018194
17.63,-0.0044107
17.64,-0.012605
17.65,-0.016423
17.66,-0.019015
17.67,-0.01865
17.68,-0.01324
17.69,-0.011442
17.7,-0.015223
17.71,-0.01979
17.72,-0.021459
17.73,-0.022403
17.74,-0.020555
17.75,-0.016684
17.76,-0.014001
17.77,-0.0094715
17.78,-0.0083146
17.79,-0.013586
17.8,-0.017571
17.81,-0.018606
17.82,-0.017078
17.83,-0.010885
17.84,-0.001597
17.85,0.0036611
17.86,0.0057311
17.87,0.011066
17.88,0.014451
17.89,0.019643
17.9,0.026757
17.91,0.029129
17.92,0.028628
17.93,0.020936
17.94,0.0079802
17.95,0.0016222
17.96,0.0017622
17.97,0.00028582
17.98,-0.00086155
17.99,-0.0036308
18,-0.016024
18.01,-0.030716
18.02,-0.042175
18.03,-0.048502
18.04,-0.041045
18.05,-0.02607
18.06,-0.01325
18.07,-0.0022557
18.08,0.0042673
18.09,0.0034985
18.1,0.0048289
18.11,0.011323
18.12,0.014441
18.13,0.018634
18.14,0.022654
18.15,0.020519
18.16,0.015275
18.17,0.0074944
18.18,-0.00066951
18.19,-0.0041203
18.2,-0.0050834
18.21,-0.0084243
18.22,-0.0098654
18.23,-0.0066622
18.24,-0.0012841
18.25,0.0026947
18.26,0.0032206
18.27,0.0047505
18.28,0.0053339
18.29,0.0063222
18.3,0.01067
18.31,0.008334
18.32,0.00402
18.33,0.0011972
18.34,-0.0036067
18.35,-0.0043167
18.36,0.0003152
18.37,0.0036442
18.38,0.0040862
18.39,0.0053094
18.4,0.004831
18.41,0.0031528
18.42,0.0020515
18.43,0.0013357
18.44,0.0016583
18.45,0.0027609
18.46,0.0041124
18.47,0.0054023
18.48,0.0060451
18.49,0.005931
18.5,0.0044054
18.51,7.08E-05
18.52,-0.0097098
18.53,-0.021162
18.54,-0.02567
18.55,-0.028098
18.56,-0.031942
18.57,-0.037439
18.58,-0.041484
18.59,-0.041301
18.6,-0.04053
18.61,-0.032175
18.62,-0.01737
18.63,0.0019183
18.64,0.017663
18.65,0.02026
18.66,0.016639
18.67,0.0054959
18.68,-0.0063529
18.69,-0.0095108
18.7,-0.0062945
18.71,-0.001429
18.72,0.001521
18.73,0.0038209
18.74,0.0054916
18.75,0.011291
18.76,0.018085
18.77,0.014435
18.78,0.0070402
18.79,0.0051281
18.8,0.0041548
18.81,0.0019189
18.82,0.00032494
18.83,-0.0014495
18.84,-0.0042135
18.85,-0.0057798
18.86,-0.0012116
18.87,0.0038037
18.88,0.0055819
18.89,0.011381
18.9,0.014987
18.91,0.016468
18.92,0.022966
18.93,0.028338
18.94,0.0316
18.95,0.03535
18.96,0.03805
18.97,0.036133
18.98,0.025652
18.99,0.0096588
19,-0.0064393
19.01,-0.020473
19.02,-0.030882
19.03,-0.039314
19.04,-0.046894
19.05,-0.052512
19.06,-0.055211
19.07,-0.054641
19.08,-0.04777
19.09,-0.035831
19.1,-0.026109
19.11,-0.015167
19.12,-0.0035399
19.13,0.0013942
19.14,0.0019962
19.15,-0.0016192
19.16,-0.0052071
19.17,-0.00077743
19.18,0.0054373
19.19,0.010891
19.2,0.012455
19.21,0.0064469
19.22,0.0044982
19.23,0.011828
19.24,0.018473
19.25,0.021167
19.26,0.025121
19.27,0.024228
19.28,0.015566
19.29,0.0066795
19.3,0.0053907
19.31,0.011923
19.32,0.017636
19.33,0.024038
19.34,0.024514
19.35,0.010338
19.36,-0.0033421
19.37,-0.012075
19.38,-0.019148
19.39,-0.018385
19.4,-0.014237
19.41,-0.012331
19.42,-0.012393
19.43,-0.012496
19.44,-0.010394
19.45,-0.0046959
19.46,0.0032172
19.47,0.0065623
19.48,0.005639
19.49,0.0035845
19.5,0.00038643
19.51,-0.0037299
19.52,-0.0080921
19.53,-0.011653
19.54,-0.015131
19.55,-0.019048
19.56,-0.021482
19.57,-0.019774
19.58,-0.01585
19.59,-0.010889
19.6,-0.0016868
19.61,0.0058089
19.62,0.0053597
19.63,0.0020137
19.64,-0.00055137
19.65,-0.00055779
19.66,0.0015407
19.67,0.0048337
19.68,0.011467
19.69,0.016395
19.7,0.014332
19.71,0.0077566
19.72,-0.00098396
19.73,-0.0077537
19.74,-0.010024
19.75,-0.0093221
19.76,-0.0026212
19.77,0.0045379
19.78,0.0055776
19.79,0.0056398
19.8,0.0051218
19.81,0.0047144
19.82,0.012013
19.83,0.020915
19.84,0.022179
19.85,0.019716
19.86,0.014462
19.87,0.0092805
19.88,0.006416
19.89,0.0054978
19.9,0.0058836
19.91,0.0060621
19.92,0.0055556
19.93,0.00053487
19.94,-0.0036642
19.95,-0.001618
19.96,-0.00028489
19.97,0.0016086
19.98,0.0036528
19.99,-0.0015201
20,-0.012289
20.01,-0.022888
20.02,-0.026899
20.03,-0.024594
20.04,-0.017693
20.05,-0.01057
20.06,-0.0069234
20.07,-0.0035269
20.08,-0.0018655
20.09,-0.0011322
20.1,-0.00023744
20.11,0.00077125
20.12,0.0011291
20.13,0.00011566
20.14,0.00063568
20.15,0.00095318
20.16,0.0020337
20.17,0.0043298
20.18,0.0046531
20.19,0.0045007
20.2,0.00067344
20.21,-0.0053002
20.22,-0.0079462
20.23,-0.010298
20.24,-0.012415
20.25,-0.012235
20.26,-0.010089
20.27,-0.0070801
20.28,-0.0028301
20.29,-0.0009716
20.3,-0.0052843
20.31,-0.006156
20.32,-0.0051155
20.33,-0.0071092
20.34,-0.0079886
20.35,-0.013331
20.36,-0.020231
20.37,-0.021407
20.38,-0.021952
20.39,-0.02109
20.4,-0.015177
20.41,-0.0076244
20.42,-0.0038393
20.43,-0.0069492
20.44,-0.0079392
20.45,-0.0061164
20.46,-0.0022923
20.47,0.0032318
20.48,0.005064
20.49,0.011238
20.5,0.014382
20.51,0.020615
20.52,0.029241
20.53,0.012394
20.54,-0.0016045
20.55,-2.70E-05
20.56,-0.00090819
20.57,-0.0001198
20.58,0.00097869
20.59,0.0027979
20.6,0.0052787
20.61,0.0094303
20.62,0.012676
20.63,0.013956
20.64,0.013613
20.65,0.012439
20.66,0.012837
20.67,0.01486
20.68,0.013597
20.69,0.0065791
20.7,0.0042592
20.71,0.0054246
20.72,0.0051261
20.73,0.0051868
20.74,0.0057802
20.75,0.0045419
20.76,0.00021953
20.77,1.70E-05
20.78,0.0013379
20.79,0.0017021
20.8,-0.00027504
20.81,-0.0067973
20.82,-0.0078613
20.83,-0.0050636
20.84,0.0018838
20.85,0.011455
20.86,0.013029
20.87,0.013686
20.88,0.013524
20.89,0.0062642
20.9,0.0013685
20.91,0.0011344
20.92,0.00072644
20.93,0.0014425
20.94,-0.00037464
20.95,-0.0060496
20.96,-0.0089946
20.97,-0.012022
20.98,-0.015558
20.99,-0.014544
21,-0.0086784
21.01,0.0016089
21.02,0.012358
21.03,0.019704
21.04,0.02591
21.05,0.033908
21.06,0.037101
21.07,0.034055
21.08,0.029845
21.09,0.018926
21.1,0.0068705
21.11,0.0040949
21.12,0.00021407
21.13,-0.0027926
21.14,-0.00050991
21.15,-0.00030482
21.16,0.0024895
21.17,0.004806
21.18,0.004786
21.19,0.0048621
21.2,0.0049181
21.21,0.010204
21.22,0.011884
21.23,0.0064734
21.24,0.003469
21.25,0.00087408
21.26,-0.0050053
21.27,-0.0128
21.28,-0.015599
21.29,-0.010965
21.3,-0.0067195
21.31,-0.0050694
21.32,-0.0034382
21.33,-4.04E-05
21.34,0.0038551
21.35,0.0051792
21.36,0.005201
21.37,0.0051839
21.38,0.0035551
21.39,0.0018812
21.4,0.0038205
21.41,0.0090196
21.42,0.016166
21.43,0.024772
21.44,0.029807
21.45,0.030228
21.46,0.029142
21.47,0.02576
21.48,0.017179
21.49,0.0068242
21.5,0.0044919
21.51,0.0021142
21.52,-0.0044792
21.53,-0.0092417
21.54,-0.01796
21.55,-0.023112
21.56,-0.020916
21.57,-0.012183
21.58,-0.0015959
21.59,0.0054311
21.6,0.011489
21.61,0.0085088
21.62,0.0041317
21.63,0.001403
21.64,-0.0038688
21.65,-0.0049489
21.66,-0.0051044
21.67,-0.012272
21.68,-0.01971
21.69,-0.020152
21.7,-0.019567
21.71,-0.015648
21.72,-0.01095
21.73,-0.0083763
21.74,-0.0052607
21.75,-0.0056084
21.76,-0.0064043
21.77,-0.0081918
21.78,-0.012501
21.79,-0.0138
21.8,-0.016468
21.81,-0.019463
21.82,-0.018276
21.83,-0.019302
21.84,-0.016943
21.85,-0.012727
21.86,-0.010529
21.87,-0.0050446
21.88,-0.00081469
21.89,0.0012701
21.9,0.0012306
21.91,0.00043736
21.92,0.0014952
21.93,0.0045556
21.94,0.011077
21.95,0.01693
21.96,0.015249
21.97,0.0073017
21.98,0.0023549
21.99,-0.00019963
22,-0.001009
22.01,0.0015729
22.02,0.00066057
22.03,-0.0035897
22.04,-0.0097393
22.05,-0.010529
22.06,-0.0030231
22.07,0.0048145
22.08,0.011723
22.09,0.014488
22.1,0.011765
22.11,0.0067248
22.12,0.0050556
22.13,0.0062556
22.14,0.0026664
22.15,-0.0066604
22.16,-0.014496
22.17,-0.014737
22.18,-0.014266
22.19,-0.015162
22.2,-0.013567
22.21,-0.013506
22.22,-0.013058
22.23,-0.0086901
22.24,-0.0034663
22.25,-0.00026162
22.26,0.00062049
22.27,0.00084117
22.28,0.0011364
22.29,-0.0020373
22.3,-0.0060324
22.31,-0.0067926
22.32,-0.0074769
22.33,-0.0071037
22.34,-0.0076555
22.35,-0.0067904
22.36,-0.005757
22.37,-0.006143
22.38,-0.0027395
22.39,0.003929
22.4,0.015803
22.41,0.027732
22.42,0.034511
22.43,0.036601
22.44,0.034644
22.45,0.028971
22.46,0.023364
22.47,0.016437
22.48,0.0072831
22.49,0.0042806
22.5,0.0056368
22.51,0.0099462
22.52,0.013508
22.53,0.013162
22.54,0.012943
22.55,0.014512
22.56,0.01783
22.57,0.019351
22.58,0.016312
22.59,0.0074835
22.6,0.0010185
22.61,0.00090438
22.62,0.00024866
22.63,0.0007922
22.64,0.0018085
22.65,9.28E-05
22.66,-0.0014098
22.67,-0.0051064
22.68,-0.0099608
22.69,-0.010188
22.7,-0.010285
22.71,-0.01158
22.72,-0.011775
22.73,-0.011705
22.74,-0.010894
22.75,-0.0071987
22.76,-3.96E-05
22.77,0.0044146
22.78,0.0049765
22.79,0.0054178
22.8,0.0051385
22.81,0.0049107
22.82,0.0084287
22.83,0.014862
22.84,0.016157
22.85,0.017498
22.86,0.021275
22.87,0.019813
22.88,0.017942
22.89,0.014972
22.9,0.011703
22.91,0.0078753
22.92,0.0026575
22.93,-0.0033568
22.94,-0.01303
22.95,-0.0196
22.96,-0.01943
22.97,-0.018034
22.98,-0.015068
22.99,-0.0099453
23,-0.0092473
23.01,-0.010314
23.02,-0.010697
23.03,-0.0093927
23.04,-0.0087285
23.05,-0.0086433
23.06,-0.0065217
23.07,-0.0055537
23.08,-0.0019605
23.09,0.00083275
23.1,0.0013368
23.11,-0.00068648
23.12,-0.0049007
23.13,-0.0058106
23.14,-0.0038503
23.15,-0.0012514
23.16,0.00093734
23.17,0.0040161
23.18,0.0041838
23.19,0.0047551
23.2,0.0048597
23.21,0.0041356
23.22,0.0114
23.23,0.016152
23.24,0.016685
23.25,0.014846
23.26,0.0064946
23.27,0.0012376
23.28,0.00072528
23.29,0.0010612
23.3,0.00061029
23.31,0.0011228
23.32,0.0019025
23.33,0.0015645
23.34,0.0026034
23.35,0.0051565
23.36,0.011396
23.37,0.01863
23.38,0.019402
23.39,0.016335
23.4,0.012988
23.41,0.0051851
23.42,-0.0045808
23.43,-0.012804
23.44,-0.018205
23.45,-0.023219
23.46,-0.027304
23.47,-0.027293
23.48,-0.027813
23.49,-0.027051
23.5,-0.020045
23.51,-0.016632
23.52,-0.018391
23.53,-0.018777
23.54,-0.022643
23.55,-0.026469
23.56,-0.025189
23.57,-0.021694
23.58,-0.021985
23.59,-0.022871
23.6,-0.022955
23.61,-0.024209
23.62,-0.021506
23.63,-0.01889
23.64,-0.019118
23.65,-0.01769
23.66,-0.014317
23.67,-0.01234
23.68,-0.010213
23.69,-0.0053964
23.7,-0.0046706
23.71,-0.0092028
23.72,-0.0096263
23.73,-0.0060993
23.74,-0.00085549
23.75,0.0028227
23.76,0.0053934
23.77,0.013822
23.78,0.0195
23.79,0.01851
23.8,0.015136
23.81,0.0087258
23.82,0.0015522
23.83,-0.0060851
23.84,-0.012713
23.85,-0.017722
23.86,-0.019215
23.87,-0.016123
23.88,-0.01237
23.89,-0.0092396
23.9,-0.0077266
23.91,-0.00536
23.92,-0.0050863
23.93,-0.0080025
23.94,-0.0065328
23.95,-0.0034588
23.96,-0.0011185
23.97,0.0022551
23.98,0.0053706
23.99,0.0063067
24,0.0058738
24.01,0.0059728
24.02,0.005969
24.03,0.0060718
24.04,0.0062003
24.05,0.0013112
24.06,-0.0093775
24.07,-0.013626
24.08,-0.012558
24.09,-0.011838
24.1,-0.0069371
24.11,-0.0022028
24.12,-0.00080822
24.13,0.0011447
24.14,0.0043192
24.15,0.0061405
24.16,0.0054014
24.17,0.0057196
24.18,0.010479
24.19,0.01372
24.2,0.014864
24.21,0.018412
24.22,0.019208
24.23,0.017307
24.24,0.014265
24.25,0.0074295
24.26,0.0048066
24.27,0.0052374
24.28,0.0016035
24.29,0.0011931
24.3,0.00069731
24.31,-0.0042402
24.32,-0.0082016
24.33,-0.0085854
24.34,-0.0067393
24.35,-0.0059815
24.36,-0.0019609
24.37,0.0021005
24.38,0.00041131
24.39,-0.0040491
24.4,-0.01002
24.41,-0.013433
24.42,-0.013356
24.43,-0.013546
24.44,-0.0078058
24.45,0.0005669
24.46,0.0047504
24.47,0.012034
24.48,0.019611
24.49,0.018661
24.5,0.014243
24.51,0.012838
24.52,0.007864
24.53,0.0051661
24.54,0.0056145
24.55,0.0017804
24.56,-0.0019582
24.57,-0.0053094
24.58,-0.006654
24.59,-0.0073068
24.6,-0.0087157
24.61,-0.010995
24.62,-0.013717
24.63,-0.01437
24.64,-0.015659
24.65,-0.016752
24.66,-0.015239
24.67,-0.010222
24.68,-0.0066024
24.69,-0.0061736
24.7,-0.0038755
24.71,-0.0032286
24.72,-0.0017625
24.73,-4.83E-05
24.74,-0.00023399
24.75,-0.0022216
24.76,-0.0060467
24.77,-0.0035956
24.78,-0.0016459
24.79,-0.0065859
24.8,-0.0073393
24.81,-0.0020164
24.82,-0.00033862
24.83,0.0001409
24.84,0.0041198
24.85,0.0049967
24.86,0.0049819
24.87,0.011299
24.88,0.016454
24.89,0.016918
24.9,0.019491
24.91,0.021431
24.92,0.020411
24.93,0.021247
24.94,0.022427
24.95,0.019968
24.96,0.017295
24.97,0.012314
24.98,0.0043928
24.99,0.00026784
25,-0.002723
25.01,-0.0024478
25.02,0.0012453
25.03,0.0039018
25.04,0.0035509
25.05,0.0012504
25.06,0.00090269
25.07,0.0011043
25.08,0.001833
25.09,0.0048426
25.1,0.0099731
25.11,0.013907
25.12,0.013176
25.13,0.0070655
25.14,0.0046873
25.15,0.0049906
25.16,0.0022596
25.17,0.0015076
25.18,0.00094226
25.19,0.00039931
25.2,0.0036826
25.21,0.0046195
25.22,0.0055048
25.23,0.0097419
25.24,0.0076688
25.25,0.0043169
25.26,0.0027993
25.27,-0.00080629
25.28,-0.0064011
25.29,-0.007969
25.3,-0.0041731
25.31,-0.0011701
25.32,0.0019294
25.33,0.0027192
25.34,0.0031912
25.35,0.0049524
25.36,0.0050586
25.37,0.0043865
25.38,0.0027654
25.39,0.00083083
25.4,-0.00017589
25.41,0.00027922
25.42,-0.0002662
25.43,0.0026338
25.44,0.012494
25.45,0.019333
25.46,0.021265
25.47,0.021876
25.48,0.019223
25.49,0.01228
25.5,0.0058037
25.51,0.0046407
25.52,0.0052265
25.53,0.0048555
25.54,0.0052545
25.55,0.0050329
25.56,0.0029435
25.57,0.0040765
25.58,0.0047741
25.59,0.0010872
25.6,0.00041735
25.61,0.0019652
25.62,-0.00029825
25.63,-0.0033973
25.64,-0.0055411
25.65,-0.008349
25.66,-0.0071541
25.67,-0.0082312
25.68,-0.011369
25.69,-0.010513
25.7,-0.010729
25.71,-0.012055
25.72,-0.012368
25.73,-0.013493
25.74,-0.017056
25.75,-0.019153
25.76,-0.019254
25.77,-0.020681
25.78,-0.021197
25.79,-0.019613
25.8,-0.01914
25.81,-0.019522
25.82,-0.019314
25.83,-0.019413
25.84,-0.021234
25.85,-0.021474
25.86,-0.015465
25.87,-0.007536
25.88,-0.0016353
25.89,0.003423
25.9,0.0055014
25.91,0.0052469
25.92,0.0054066
25.93,0.0053261
25.94,0.0055356
25.95,0.0053395
25.96,0.0039034
25.97,0.0041352
25.98,0.0055264
25.99,0.0056121
26,0.0059081
26.01,0.005093
26.02,0.002069
26.03,-0.0010512
26.04,-0.00069173
26.05,0.0026009
26.06,0.0054672
26.07,0.011011
26.08,0.01429
26.09,0.011283
26.1,0.006581
26.11,0.0041333
26.12,0.0016571
26.13,-0.00049398
26.14,-0.00083461
26.15,-0.0043692
26.16,-0.0055386
26.17,0.00015625
26.18,0.0038899
26.19,0.0054109
26.2,0.012871
26.21,0.01302
26.22,0.0059699
26.23,0.0050557
26.24,0.0025301
26.25,-0.0026654
26.26,-0.0087302
26.27,-0.01174
26.28,-0.010686
26.29,-0.011269
26.3,-0.0079123
26.31,-0.0054818
26.32,-0.0051158
26.33,-0.0016596
26.34,0.00078292
26.35,0.0026856
26.36,0.0037822
26.37,0.0042101
26.38,0.0026716
26.39,-0.00014315
26.4,-0.0035928
26.41,-0.008048
26.42,-0.0086608
26.43,-0.0052484
26.44,-0.00024431
26.45,0.0040508
26.46,0.0046562
26.47,0.0021358
26.48,9.33E-05
26.49,0.00051639
26.5,0.00125
26.51,0.0043539
26.52,0.0098919
26.53,0.01458
26.54,0.014903
26.55,0.0080518
26.56,0.0031469
26.57,0.00056219
26.58,-0.0013453
26.59,0.00013973
26.6,0.0041599
26.61,0.0097792
26.62,0.012041
26.63,0.012968
26.64,0.01522
26.65,0.013495
26.66,0.0068171
26.67,0.0044644
26.68,0.0055221
26.69,0.0050974
26.7,0.005131
26.71,0.005155
26.72,0.0051071
26.73,0.0050804
26.74,0.0051734
26.75,0.0054519
26.76,0.0035548
26.77,0.0020987
26.78,0.0037271
26.79,0.0029442
26.8,0.00054048
26.81,-0.00015824
26.82,0.00036839
26.83,-0.00030234
26.84,0.00030149
26.85,0.002227
26.86,0.0026878
26.87,0.0044936
26.88,0.004799
26.89,0.0039585
26.9,0.0052228
26.91,0.0050942
26.92,0.0029447
26.93,0.0035112
26.94,0.005266
26.95,0.0050715
26.96,0.0054965
26.97,0.0052121
26.98,0.0043692
26.99,0.0049877
27,0.0034605
27.01,0.00083633
27.02,0.00016173
27.03,0.00083266
27.04,0.0036686
27.05,0.0094386
27.06,0.014534
27.07,0.017347
27.08,0.016869
27.09,0.016128
27.1,0.01514
27.11,0.015101
27.12,0.016823
27.13,0.013805
27.14,0.013742
27.15,0.01557
27.16,0.013173
27.17,0.013189
27.18,0.014431
27.19,0.014479
27.2,0.013007
27.21,0.0076349
27.22,0.0046453
27.23,0.0038227
27.24,2.51E-05
27.25,-0.0076801
27.26,-0.013507
27.27,-0.018201
27.28,-0.024536
27.29,-0.028437
27.3,-0.032802
27.31,-0.032016
27.32,-0.026402
27.33,-0.022195
27.34,-0.020544
27.35,-0.019636
27.36,-0.018994
27.37,-0.019797
27.38,-0.01929
27.39,-0.020709
27.4,-0.021267
27.41,-0.017034
27.42,-0.01388
27.43,-0.013042
27.44,-0.011472
27.45,-0.0097734
27.46,-0.0086432
27.47,-0.0063601
27.48,-0.0045588
27.49,-0.0052763
27.5,-0.008566
27.51,-0.011002
27.52,-0.0090108
27.53,-0.006304
27.54,-0.0037591
27.55,0.00041608
27.56,0.0054441
27.57,0.013181
27.58,0.017897
27.59,0.01926
27.6,0.022155
27.61,0.019787
27.62,0.016312
27.63,0.01393
27.64,0.0079679
27.65,0.004598
27.66,0.0013352
27.67,-0.0031125
27.68,-0.0038845
27.69,-0.00086748
27.7,0.0014891
27.71,0.00044572
27.72,-0.00034106
27.73,-0.0010172
27.74,-0.0037766
27.75,-0.0059455
27.76,-0.0062421
27.77,-0.0088799
27.78,-0.0099499
27.79,-0.010149
27.8,-0.012573
27.81,-0.015194
27.82,-0.015469
27.83,-0.01424
27.84,-0.013828
27.85,-0.012759
27.86,-0.014228
27.87,-0.014625
27.88,-0.01249
27.89,-0.012219
27.9,-0.01305
27.91,-0.010924
27.92,-0.0021895
27.93,0.0042176
27.94,0.0055
27.95,0.010706
27.96,0.012675
27.97,0.0065347
27.98,0.0051555
27.99,0.010664
28,0.013818
28.01,0.014876
28.02,0.015397
28.03,0.015423
28.04,0.015325
28.05,0.013255
28.06,0.012301
28.07,0.013298
28.08,0.015194
28.09,0.014907
28.1,0.014
28.11,0.017374
28.12,0.016798
28.13,0.014081
28.14,0.012965
28.15,0.012754
28.16,0.013778
28.17,0.013517
28.18,0.014391
28.19,0.014333
28.2,0.011677
28.21,0.0077434
28.22,0.0052299
28.23,0.0036431
28.24,0.0035272
28.25,0.0028484
28.26,-0.0012571
28.27,-0.0053475
28.28,-0.0079015
28.29,-0.0070359
28.3,-0.0057392
28.31,-0.0059513
28.32,-0.0028742
28.33,0.00011425
28.34,7.97E-05
28.35,0.0016191
28.36,0.002082
28.37,0.00066051
28.38,-0.0001547
28.39,-0.0012356
28.4,-0.00057164
28.41,6.54E-05
28.42,0.0012815
28.43,0.0045832
28.44,0.005544
28.45,0.0057286
28.46,0.006227
28.47,0.0059389
28.48,0.0062733
28.49,0.0061876
28.5,0.0034917
28.51,0.001185
28.52,0.00052444
28.53,-0.00066739
28.54,-0.004235
28.55,-0.0096766
28.56,-0.011768
28.57,-0.014407
28.58,-0.018
28.59,-0.018906
28.6,-0.022149
28.61,-0.023367
28.62,-0.019549
28.63,-0.014357
28.64,-0.012471
28.65,-0.011042
28.66,-0.0063811
28.67,-0.0059143
28.68,-0.007497
28.69,-0.0080326
28.7,-0.0089303
28.71,-0.011198
28.72,-0.013798
28.73,-0.015605
28.74,-0.018503
28.75,-0.023525
28.76,-0.026287
28.77,-0.02451
28.78,-0.021207
28.79,-0.017733
28.8,-0.015504
28.81,-0.01413
28.82,-0.012722
28.83,-0.011845
28.84,-0.010937
28.85,-0.0079912
28.86,-0.0061253
28.87,-0.0055933
28.88,-0.0053671
28.89,-0.0052896
28.9,-0.0046997
28.91,-0.0049907
28.92,-0.0056086
28.93,-0.0049924
28.94,-0.0050545
28.95,-0.0057857
28.96,-0.0026842
28.97,0.00026923
28.98,0.00082832
28.99,0.0008171
29,0.0010265
29.01,0.0012764
29.02,0.00057905
29.03,0.0011959
29.04,-0.00077536
29.05,-0.0041626
29.06,-0.0049562
29.07,-0.007064
29.08,-0.0092684
29.09,-0.010517
29.1,-0.010445
29.11,-0.0081211
29.12,-0.0053286
29.13,-0.0012193
29.14,0.00041612
29.15,-0.00021924
29.16,-0.00026498
29.17,5.65E-05
29.18,0.0010593
29.19,0.0007619
29.2,-0.00031495
29.21,-0.003314
29.22,-0.005759
29.23,-0.0047922
29.24,-0.0053819
29.25,-0.0085059
29.26,-0.0084555
29.27,-0.009539
29.28,-0.012951
29.29,-0.012555
29.3,-0.012313
29.31,-0.012676
29.32,-0.0096735
29.33,-0.007339
29.34,-0.0079811
29.35,-0.0072333
29.36,-0.0042999
29.37,-0.0013004
29.38,0.0010214
29.39,0.0039223
29.4,0.0056117
29.41,0.0054087
29.42,0.0055799
29.43,0.0050208
29.44,0.0025849
29.45,-2.19E-05
29.46,-0.0021381
29.47,-0.0038134
29.48,-0.0031191
29.49,-0.00085061
29.5,0.0020609
29.51,0.0049492
29.52,0.0048379
29.53,0.0012655
29.54,0.0010063
29.55,-0.00013883
29.56,-0.004404
29.57,-0.006629
29.58,-0.010084
29.59,-0.012213
29.6,-0.0094209
29.61,-0.0050481
29.62,-0.0050451
29.63,-0.0017986
29.64,0.0019596
29.65,0.0014542
29.66,0.0046876
29.67,0.0098221
29.68,0.013391
29.69,0.017089
29.7,0.021113
29.71,0.02176
29.72,0.021495
29.73,0.022
29.74,0.019395
29.75,0.01626
29.76,0.017957
29.77,0.01473
29.78,0.0064399
29.79,0.0047418
29.8,0.0051794
29.81,0.0039654
29.82,5.02E-05
29.83,-0.0040426
29.84,-0.0063248
29.85,-0.01097
29.86,-0.0104
29.87,-0.0065402
29.88,-0.0045192
29.89,-0.00083516
29.9,0.0042606
29.91,0.0092038
29.92,0.011792
29.93,0.016318
29.94,0.018436
29.95,0.015662
29.96,0.014865
29.97,0.011841
29.98,0.0058884
29.99,0.0044598
30,0.0050904
30.01,0.0051041
30.02,0.0042717
30.03,0.0046038
30.04,0.011383
30.05,0.015601
30.06,0.014833
30.07,0.015703
30.08,0.013447
30.09,0.006474
30.1,0.002864
30.11,0.0018454
30.12,0.00076201
30.13,0.00014574
30.14,0.00078182
30.15,0.0032648
30.16,0.0051182
30.17,0.01099
30.18,0.016827
30.19,0.019981
30.2,0.02424
30.21,0.026038
30.22,0.026867
30.23,0.026139
30.24,0.02322
30.25,0.02359
30.26,0.023332
30.27,0.021447
30.28,0.018657
30.29,0.014103
30.3,0.014508
30.31,0.013502
30.32,0.0064217
30.33,0.0042727
30.34,0.0052108
30.35,0.0041797
30.36,0.0045558
30.37,0.0049696
30.38,0.0046126
30.39,0.0050965
30.4,0.0040592
30.41,0.00086221
30.42,-0.0011001
30.43,-0.0057289
30.44,-0.010408
30.45,-0.010437
30.46,-0.012276
30.47,-0.016156
30.48,-0.018098
30.49,-0.019162
30.5,-0.02084
30.51,-0.019922
30.52,-0.017315
30.53,-0.014888
30.54,-0.013684
30.55,-0.015041
30.56,-0.014224
30.57,-0.012168
30.58,-0.010769
30.59,-0.0069027
30.6,-0.0022303
30.61,0.0015111
30.62,0.0030085
30.63,0.0055872
30.64,0.0097131
30.65,0.0074752
30.66,0.0035916
30.67,0.0061783
30.68,0.0092148
30.69,0.0077027
30.7,0.0088957
30.71,0.0080283
30.72,0.0044505
30.73,0.001676
30.74,-0.0011276
30.75,-0.0022873
30.76,-0.0027808
30.77,-0.0013684
30.78,-0.00064993
30.79,0.00025171
30.8,0.0011095
30.81,0.00077957
30.82,-0.00031128
30.83,-0.0026213
30.84,-0.0037966
30.85,-0.0049752
30.86,-0.0064797
30.87,-0.0028181
30.88,0.0014313
30.89,0.0021009
30.9,0.0007533
30.91,0.00080479
30.92,0.001408
30.93,-0.0013467
30.94,-0.0041672
30.95,-0.0058897
30.96,-0.0063768
30.97,-0.0070497
30.98,-0.0068086
30.99,-0.0042768
31,-0.0015324
31.01,-0.00034965
31.02,0.00085073
31.03,-0.00023511
31.04,-0.0029315
31.05,-0.0016528
31.06,-0.00029467
31.07,0.00014019
31.08,0.0018372
31.09,0.0046199
31.1,0.0057742
31.11,0.0052427
31.12,0.0057082
31.13,0.0049205
31.14,0.0016769
31.15,9.30E-05
31.16,0.00093888
31.17,0.00041992
31.18,4.63E-05
31.19,0.00060876
31.2,0.0016475
31.21,0.0037852
31.22,0.0046741
31.23,0.0050163
31.24,0.0054841
31.25,0.0053832
31.26,0.0055162
31.27,0.0046527
31.28,0.0036729
31.29,0.0051393
31.3,0.0055973
31.31,0.0039389
31.32,0.0051827
31.33,0.0050578
31.34,0.0017932
31.35,0.00075296
31.36,0.00033561
31.37,-0.0022834
31.38,-0.0055605
31.39,-0.0063704
31.4,-0.0066881
31.41,-0.0062679
31.42,-0.0052076
31.43,-0.0056197
31.44,-0.0063723
31.45,-0.0057721
31.46,-0.004359
31.47,-0.0039594
31.48,-0.0013435
31.49,0.0010671
31.5,0.0019521
31.51,0.0041783
31.52,0.0051213
31.53,0.005397
31.54,0.0057959
31.55,0.0057613
31.56,0.0059436
31.57,0.004315
31.58,0.0029587
31.59,0.0016224
31.6,-0.0033871
31.61,-0.0052079
31.62,-0.0036375
31.63,-0.0055414
31.64,-0.0050187
31.65,-0.0012946
31.66,-0.0013802
31.67,-0.0012041
31.68,-3.43E-05
31.69,-0.00045625
31.7,-0.0003501
31.71,-0.00045274
31.72,-0.00033067
31.73,-0.00031134
31.74,-0.0012536
31.75,-0.0052429
31.76,-0.010405
31.77,-0.010652
31.78,-0.01273
31.79,-0.016224
31.8,-0.018878
31.81,-0.024275
31.82,-0.02392
31.83,-0.021196
31.84,-0.020913
31.85,-0.015523
31.86,-0.010161
31.87,-0.008593
31.88,-0.0025568
31.89,0.004587
31.9,0.004997
31.91,0.0058932
31.92,0.01029
31.93,0.0075773
31.94,0.0047203
31.95,0.0057944
31.96,0.0049735
31.97,0.0043573
31.98,0.0041002
31.99,0.0044691
32,0.0055248
32.01,0.0097472
32.02,0.013459
32.03,0.014385
32.04,0.016117
32.05,0.016502
32.06,0.014888
32.07,0.015336
32.08,0.016115
32.09,0.012199
32.1,0.0068959
32.11,0.0052926
32.12,0.0034681
32.13,-0.00010586
32.14,-0.0030054
32.15,-0.0056536
32.16,-0.0073935
32.17,-0.004871
32.18,-0.0010825
32.19,-0.00014548
32.2,0.00064435
32.21,0.00038001
32.22,-0.00076742
32.23,-0.0016449
32.24,-0.000997
32.25,1.46E-05
32.26,-0.0005697
32.27,-0.00021236
32.28,0.00099159
32.29,0.00090261
32.3,0.001647
32.31,0.0037924
32.32,0.005781
32.33,0.0059511
32.34,0.0036406
32.35,0.0034928
32.36,0.0051976
32.37,0.0052281
32.38,0.0029548
32.39,0.0016867
32.4,0.0015417
32.41,0.00040785
32.42,-0.00049301
32.43,-0.0027958
32.44,-0.0050544
32.45,-0.0058481
32.46,-0.00699
32.47,-0.0075255
32.48,-0.0065911
32.49,-0.0072704
32.5,-0.00657
32.51,-0.0052858
32.52,-0.0055903
32.53,-0.0048237
32.54,-0.0063972
32.55,-0.0053143
32.56,-3.22E-05
32.57,0.0017524
32.58,0.0039857
32.59,0.0052046
32.6,0.0024589
32.61,0.0031224
32.62,0.0056135
32.63,0.0058046
32.64,0.0039034
32.65,0.0029272
32.66,0.004325
32.67,0.0034496
32.68,0.0011522
32.69,0.0011367
32.7,0.001131
32.71,-0.00026744
32.72,-0.00082363
32.73,-0.00053995
32.74,-0.00068726
32.75,-0.0006101
32.76,-0.00082375
32.77,-0.00053791
32.78,0.00036348
32.79,0.00026792
32.8,0.0024059
32.81,0.0050941
32.82,0.0050351
32.83,0.0049214
32.84,0.0048687
32.85,0.0051096
32.86,0.0041599
32.87,0.0017766
32.88,-0.001077
32.89,-0.0056027
32.9,-0.0063701
32.91,-0.0042248
32.92,-0.0033596
32.93,-0.0027044
32.94,-0.001445
32.95,-0.0010235
32.96,-0.00094376
32.97,0.00018269
32.98,-0.0001991
32.99,-0.00098044
33,-0.0039566
33.01,-0.0077724
33.02,-0.008645
33.03,-0.011609
33.04,-0.013987
33.05,-0.012737
33.06,-0.013279
33.07,-0.013624
33.08,-0.012424
33.09,-0.0099919
33.1,-0.0056267
33.11,-0.0015753
33.12,-0.0004462
33.13,0.0018487
33.14,0.004196
33.15,0.0053678
33.16,0.0089305
33.17,0.0065383
33.18,0.0039862
33.19,0.0049137
33.2,0.0034027
33.21,0.0027768
33.22,0.001955
33.23,0.00073965
33.24,-0.00027955
33.25,-0.0019642
33.26,-0.0046811
33.27,-0.0063729
33.28,-0.0075363
33.29,-0.0085937
33.3,-0.0061434
33.31,-0.004491
33.32,-0.0054713
33.33,-0.0049089
33.34,-0.0026055
33.35,-0.0029617
33.36,-0.0044256
33.37,-0.0024828
33.38,-0.00059747
33.39,-0.00039077
33.4,-0.00068814
33.41,-0.00046404
33.42,0.00033383
33.43,0.00023121
33.44,0.0014504
33.45,0.0036965
33.46,0.0030215
33.47,0.00058549
33.48,-0.00029277
33.49,0.0002964
33.5,0.00041677
33.51,-0.0002096
33.52,0.00032312
33.53,-1.20E-05
33.54,-0.0017926
33.55,-0.0029358
33.56,-0.0039349
33.57,-0.0067219
33.58,-0.0097185
33.59,-0.0087479
33.6,-0.0080854
33.61,-0.009839
33.62,-0.0095594
33.63,-0.0086332
33.64,-0.0088517
33.65,-0.007938
33.66,-0.0078163
33.67,-0.0083471
33.68,-0.0087878
33.69,-0.011223
33.7,-0.012815
33.71,-0.013517
33.72,-0.015584
33.73,-0.016967
33.74,-0.017277
33.75,-0.016423
33.76,-0.015627
33.77,-0.016169
33.78,-0.01507
33.79,-0.011771
33.8,-0.010148
33.81,-0.010257
33.82,-0.0079941
33.83,-0.0060191
33.84,-0.0050313
33.85,-0.0022284
33.86,-0.00055217
33.87,-0.00063679
33.88,0.00085921
33.89,0.0032299
33.9,0.0036941
33.91,0.0032706
33.92,0.0043647
33.93,0.0063295
33.94,0.0069883
33.95,0.0066
33.96,0.0053694
33.97,0.0043894
33.98,0.0044328
33.99,0.0044546
34,0.0043349
34.01,0.0043081
34.02,0.0050252
34.03,0.0062156
34.04,0.0065288
34.05,0.0065122
34.06,0.0079043
34.07,0.0098951
34.08,0.0098305
34.09,0.0066794
34.1,0.0057622
34.11,0.0086927
34.12,0.0093137
34.13,0.0092293
34.14,0.010287
34.15,0.010659
34.16,0.010679
34.17,0.01029
34.18,0.010863
34.19,0.011645
34.2,0.011218
34.21,0.0104
34.22,0.010243
34.23,0.0096209
34.24,0.0084144
34.25,0.0079189
34.26,0.0066345
34.27,0.004061
34.28,0.0032591
34.29,0.003478
34.3,0.0022459
34.31,0.002261
34.32,0.0026876
34.33,0.0021489
34.34,0.0023971
34.35,0.0021302
34.36,0.0012519
34.37,0.0017917
34.38,0.0022527
34.39,0.0016135
34.4,0.002224
34.41,0.0028556
34.42,0.0024348
34.43,0.0025734
34.44,0.0023933
34.45,0.0015485
34.46,0.0013641
34.47,0.0016256
34.48,0.0016765
34.49,0.0018478
34.5,0.0019144
34.51,0.0014849
34.52,0.0011052
34.53,0.0012423
34.54,0.0016132
34.55,0.0018411
34.56,0.0014448
34.57,0.0015627
34.58,0.0029652
34.59,0.0037122
34.6,0.0031476
34.61,0.0016205
34.62,0.00090302
34.63,0.0011128
34.64,0.0010374
34.65,0.00088412
34.66,0.00044137
34.67,0.00071488
34.68,0.00067512
34.69,-0.00039035
34.7,-0.00061383
34.71,-0.00051912
34.72,-0.00092305
34.73,-0.0010306
34.74,-0.0013919
34.75,-0.0018859
34.76,-0.0015025
34.77,-0.0015429
34.78,-0.0018974
34.79,-0.0016596
34.8,-0.0019383
34.81,-0.0018117
34.82,-0.0012269
34.83,-0.0011254
34.84,-0.00081622
34.85,-0.00063807
34.86,-0.00069313
34.87,-0.00056841
34.88,-0.00096268
34.89,-0.0017239
34.9,-0.0018408
34.91,-0.0016746
34.92,-0.0013148
34.93,-0.0014185
34.94,-0.0015011
34.95,-0.00056167
34.96,-0.00026428
34.97,-0.00038711
34.98,-8.63E-05
34.99,3.81E-05
35,-5.63E-05
35.01,-0.0002472
35.02,-0.00037358
35.03,-0.00055946
35.04,-0.00065831
35.05,-0.00058512
35.06,-0.00057724
35.07,-0.00054314
35.08,-0.00054362
35.09,-0.00051029
35.1,-0.00027214
35.11,-0.00020461
35.12,-0.00022245
35.13,-2.12E-05
35.14,4.57E-05
35.15,1.33E-05
35.16,-6.34E-06
35.17,-0.00011638
35.18,0.00014046
35.19,0.00035285
35.2,0.00031879
35.21,0.00025722
35.22,0.00050157
35.23,0.0009153
35.24,0.00059757
35.25,0.00057948
35.26,0.00041635
35.27,4.06E-05
35.28,0.000128
35.29,-1.39E-05
35.3,-4.20E-05
35.31,-8.68E-05
35.32,-0.00026845
35.33,-0.00025442
35.34,-0.0002951
35.35,-0.00031575
35.36,-0.00027759
35.37,-0.0003964
35.38,-0.00047928
35.39,-0.00050156
35.4,-0.00061023
35.41,-0.00077107
35.42,-0.00086084
35.43,-0.0010336
35.44,-0.0011855
35.45,-0.0010792
35.46,-0.0009588
35.47,-0.00087339
35.48,-0.0007924
35.49,-0.00076136
35.5,-0.00070676
35.51,-0.00073035
35.52,-0.00070823
35.53,-0.00057901
35.54,-0.00046746
35.55,-0.00035031
35.56,-0.00024064
35.57,-8.95E-05
35.58,2.64E-05
35.59,0.00013035
35.6,0.00026712
35.61,0.00034495
35.62,0.0004314
35.63,0.00048027
35.64,0.00047575
35.65,0.00047926
35.66,0.00044426
35.67,0.00043778
35.68,0.00042955
35.69,0.00037799
35.7,0.00036185
35.71,0.00035115
35.72,0.0003376
35.73,0.00032852
35.74,0.00030732
35.75,0.0002809
35.76,0.00024871
35.77,0.00023197
35.78,0.0002322
35.79,0.00020755
35.8,0.00017281
35.81,0.00015526
35.82,0.00013297
35.83,0.00010417
35.84,8.10E-05
35.85,5.59E-05
35.86,2.93E-05
35.87,1.00E-05
35.88,-5.96E-06
35.89,-2.62E-05
35.9,-4.52E-05
35.91,-5.69E-05
35.92,-7.06E-05
35.93,-8.52E-05
35.94,-9.77E-05
35.95,-0.00010991
