0.020000, 0.000023 
0.040000, -0.000002 
0.060000, 0.000009 
0.080000, -0.000005 
0.100000, 0.000036 
0.120000, -0.000011 
0.140000, -0.000067 
0.160000, 0.000053 
0.180000, -0.000043 
0.200000, -0.000064 
0.220000, 0.000147 
0.240000, 0.000047 
0.260000, 0.000323 
0.280000, 0.000700 
0.300000, 0.000185 
0.320000, -0.001195 
0.340000, -0.000754 
0.360000, -0.000296 
0.380000, -0.000592 
0.400000, -0.001385 
0.420000, 0.000295 
0.440000, 0.000938 
0.460000, 0.001992 
0.480000, 0.001201 
0.500000, -0.002715 
0.520000, -0.001789 
0.540000, -0.001545 
0.560000, -0.002139 
0.580000, 0.000772 
0.600000, 0.000880 
0.620000, 0.004785 
0.640000, 0.002603 
0.660000, -0.001276 
0.680000, 0.003828 
0.700000, -0.003971 
0.720000, -0.006924 
0.740000, 0.001438 
0.760000, 0.000183 
0.780000, 0.000785 
0.800000, 0.006028 
0.820000, 0.002636 
0.840000, 0.005380 
0.860000, 0.002403 
0.880000, -0.000534 
0.900000, -0.007561 
0.920000, -0.011317 
0.940000, -0.001830 
0.960000, -0.002830 
0.980000, -0.001474 
1.000000, 0.000608 
1.020000, -0.003205 
1.040000, 0.010262 
1.060000, 0.005423 
1.080000, -0.016065 
1.100000, -0.011911 
1.120000, 0.004860 
1.140000, 0.001377 
1.160000, 0.014257 
1.180000, 0.014360 
1.200000, 0.005952 
1.220000, 0.006277 
1.240000, 0.012019 
1.260000, -0.018101 
1.280000, 0.000225 
1.300000, -0.034545 
1.320000, -0.016703 
1.340000, 0.002815 
1.360000, -0.004585 
1.380000, -0.028298 
1.400000, -0.032753 
1.420000, 0.018319 
1.440000, 0.042312 
1.460000, 0.003523 
1.480000, -0.017274 
1.500000, 0.056324 
1.520000, 0.043193 
1.540000, 0.010685 
1.560000, 0.004781 
1.580000, -0.032578 
1.600000, -0.030794 
1.620000, -0.005642 
1.640000, -0.042493 
1.660000, -0.022592 
1.680000, 0.070807 
1.700000, 0.046602 
1.720000, 0.027801 
1.740000, 0.024452 
1.760000, 0.031520 
1.780000, -0.010984 
1.800000, -0.041740 
1.820000, 0.002577 
1.840000, 0.078526 
1.860000, -0.029013 
1.880000, -0.012287 
1.900000, 0.026289 
1.920000, -0.037718 
1.940000, -0.049798 
1.960000, -0.064649 
1.980000, -0.061287 
2.000000, -0.051654 
2.020000, 0.042051 
2.040000, 0.061764 
2.060000, -0.001794 
2.080000, 0.059241 
2.100000, 0.046287 
2.120000, 0.000505 
2.140000, 0.014092 
2.160000, 0.011450 
2.180000, -0.018388 
2.200000, 0.006428 
2.220000, 0.011476 
2.240000, -0.032807 
2.260000, -0.014211 
2.280000, 0.014141 
2.300000, 0.053842 
2.320000, 0.032274 
2.340000, 0.000487 
2.360000, -0.071796 
2.380000, -0.080268 
2.400000, -0.031869 
2.420000, -0.019028 
2.440000, -0.009837 
2.460000, -0.001332 
2.480000, 0.016445 
2.500000, 0.014064 
2.520000, -0.000727 
2.540000, -0.021961 
2.560000, 0.005363 
2.580000, 0.067172 
2.600000, 0.116320 
2.620000, 0.080461 
2.640000, -0.061393 
2.660000, -0.098479 
2.680000, -0.060486 
2.700000, -0.077910 
2.720000, -0.101620 
2.740000, -0.119960 
2.760000, -0.010667 
2.780000, 0.180190 
2.800000, 0.152090 
2.820000, 0.063879 
2.840000, 0.074861 
2.860000, 0.081888 
2.880000, -0.014868 
2.900000, -0.124710 
2.920000, -0.135530 
2.940000, -0.114310 
2.960000, -0.044496 
2.980000, 0.015208 
3.000000, 0.051480 
3.020000, 0.100070 
3.040000, 0.032713 
3.060000, -0.040287 
3.080000, -0.065816 
3.100000, -0.025545 
3.120000, -0.052206 
3.140000, 0.015955 
3.160000, 0.151330 
3.180000, 0.125930 
3.200000, 0.075470 
3.220000, 0.032288 
3.240000, 0.037141 
3.260000, -0.095376 
3.280000, -0.244990 
3.300000, -0.140040 
3.320000, -0.012519 
3.340000, -0.038583 
3.360000, -0.052910 
3.380000, 0.024721 
3.400000, 0.088832 
3.420000, 0.139830 
3.440000, 0.191470 
3.460000, 0.087450 
3.480000, -0.064536 
3.500000, -0.046012 
3.520000, 0.054151 
3.540000, 0.048583 
3.560000, 0.028540 
3.580000, -0.064087 
3.600000, -0.078291 
3.620000, -0.057611 
3.640000, -0.033386 
3.660000, -0.032788 
3.680000, -0.040712 
3.700000, 0.032134 
3.720000, 0.095769 
3.740000, 0.103490 
3.760000, -0.000475 
3.780000, -0.237680 
3.800000, -0.175090 
3.820000, 0.060894 
3.840000, 0.167900 
3.860000, 0.162880 
3.880000, 0.119600 
3.900000, -0.023485 
3.920000, -0.116810 
3.940000, -0.106130 
3.960000, -0.143390 
3.980000, -0.164600 
4.000000, -0.152850 
4.020000, 0.003019 
4.040000, 0.232160 
4.060000, 0.186380 
4.080000, 0.073252 
4.100000, 0.001074 
4.120000, -0.081937 
4.140000, -0.053384 
4.160000, 0.009671 
4.180000, -0.049024 
4.200000, -0.162210 
4.220000, -0.201030 
4.240000, -0.146990 
4.260000, -0.014024 
4.280000, 0.208770 
4.300000, 0.323880 
4.320000, 0.078728 
4.340000, -0.234100 
4.360000, -0.154710 
4.380000, 0.087866 
4.400000, 0.173640 
4.420000, 0.278880 
4.440000, 0.393940 
4.460000, 0.404290 
4.480000, 0.388990 
4.500000, 0.241030 
4.520000, -0.103630 
4.540000, -0.501620 
4.560000, -0.667980 
4.580000, -0.669050 
4.600000, -0.524110 
4.620000, -0.163070 
4.640000, 0.193820 
4.660000, 0.212080 
4.680000, -0.120100 
4.700000, -0.299040 
4.720000, -0.155640 
4.740000, 0.010487 
4.760000, 0.034719 
4.780000, 0.181800 
4.800000, 0.325040 
4.820000, 0.071721 
4.840000, 0.058046 
4.860000, 0.285270 
4.880000, 0.093702 
4.900000, -0.405100 
4.920000, -0.382550 
4.940000, -0.047473 
4.960000, 0.252610 
4.980000, 0.544660 
5.000000, 0.688220 
5.020000, 0.636860 
5.040000, 0.490090 
5.060000, -0.195760 
5.080000, -0.846360 
5.100000, -0.760580 
5.120000, -0.154880 
5.140000, 0.250220 
5.160000, 0.325230 
5.180000, 0.627300 
5.200000, 0.453990 
5.220000, -0.188570 
5.240000, -0.347800 
5.260000, -0.035539 
5.280000, 0.321910 
5.300000, 0.436110 
5.320000, 0.197730 
5.340000, -0.006261 
5.360000, -0.148120 
5.380000, -0.193750 
5.400000, -0.090179 
5.420000, -0.293660 
5.440000, -0.448070 
5.460000, -0.267940 
5.480000, -0.209520 
5.500000, -0.312810 
5.520000, -0.437990 
5.540000, -0.564810 
5.560000, -0.505360 
5.580000, -0.273960 
5.600000, 0.046666 
5.620000, 0.165760 
5.640000, 0.022873 
5.660000, -0.279820 
5.680000, -0.390610 
5.700000, 0.004490 
5.720000, 0.832160 
5.740000, 1.200000 
5.760000, 0.908690 
5.780000, 0.466470 
5.800000, 0.021885 
5.820000, -0.345020 
5.840000, -0.407240 
5.860000, -0.165000 
5.880000, 0.261170 
5.900000, 0.475190 
5.920000, 0.398180 
5.940000, 0.186600 
5.960000, 0.127800 
5.980000, 0.375340 
6.000000, 0.428160 
6.020000, 0.216540 
6.040000, -0.055621 
6.060000, -0.303440 
6.080000, -0.428640 
6.100000, -0.535030 
6.120000, -0.658460 
6.140000, -0.678230 
6.160000, -0.569580 
6.180000, -0.461450 
6.200000, -0.291270 
6.220000, 0.110200 
6.240000, 0.425640 
6.260000, 0.260340 
6.280000, -0.230440 
6.300000, -0.200400 
6.320000, 0.007800 
6.340000, 0.099515 
6.360000, 0.326980 
6.380000, 0.406340 
6.400000, 0.196770 
6.420000, -0.002546 
6.440000, 0.069945 
6.460000, 0.347620 
6.480000, 0.444310 
6.500000, 0.225350 
6.520000, -0.188720 
6.540000, -0.321770 
6.560000, -0.170620 
6.580000, 0.058908 
6.600000, 0.180070 
6.620000, 0.165640 
6.640000, 0.099061 
6.660000, -0.071339 
6.680000, -0.289820 
6.700000, -0.349780 
6.720000, -0.282930 
6.740000, -0.162850 
6.760000, -0.036510 
6.780000, -0.024614 
6.800000, -0.022088 
6.820000, 0.047698 
6.840000, 0.077111 
6.860000, 0.096934 
6.880000, 0.074881 
6.900000, 0.105130 
6.920000, 0.182850 
6.940000, 0.119500 
6.960000, 0.012724 
6.980000, 0.009523 
7.000000, 0.075866 
7.020000, 0.203440 
7.040000, 0.239750 
7.060000, 0.085292 
7.080000, -0.161430 
7.100000, -0.342910 
7.120000, -0.319070 
7.140000, -0.107130 
7.160000, 0.121800 
7.180000, 0.120310 
7.200000, -0.038247 
7.220000, -0.200870 
7.240000, -0.149240 
7.260000, 0.121300 
7.280000, 0.109580 
7.300000, -0.140550 
7.320000, -0.238940 
7.340000, -0.158540 
7.360000, -0.035834 
7.380000, 0.081210 
7.400000, 0.207760 
7.420000, 0.240280 
7.440000, 0.232250 
7.460000, 0.086375 
7.480000, -0.199320 
7.500000, -0.232970 
7.520000, -0.052889 
7.540000, 0.131860 
7.560000, 0.125000 
7.580000, -0.004976 
7.600000, -0.028673 
7.620000, -0.017961 
7.640000, 0.047638 
7.660000, 0.060863 
7.680000, -0.046029 
7.700000, -0.066644 
7.720000, 0.001085 
7.740000, 0.052939 
7.760000, 0.036267 
7.780000, -0.010362 
7.800000, 0.011364 
7.820000, -0.019521 
7.840000, -0.084949 
7.860000, -0.082924 
7.880000, -0.035097 
7.900000, 0.010191 
7.920000, -0.013245 
7.940000, -0.023140 
7.960000, 0.095342 
7.980000, 0.131840 
8.000000, 0.049628 
8.020000, -0.101080 
8.040000, -0.076812 
8.060000, 0.032516 
8.080000, 0.007262 
8.100000, -0.038309 
8.120000, 0.003326 
8.140000, 0.027931 
8.160000, -0.023301 
8.180000, -0.069079 
8.200000, -0.073281 
8.220000, -0.079234 
8.240000, -0.017815 
8.260000, 0.116890 
8.280000, 0.156610 
8.300000, 0.087935 
8.320000, 0.065627 
8.340000, 0.021268 
8.360000, -0.094146 
8.380000, -0.098876 
8.400000, 0.016657 
8.420000, 0.021318 
8.440000, -0.121800 
8.460000, -0.158370 
8.480000, -0.053560 
8.500000, 0.060364 
8.520000, 0.037133 
8.540000, 0.033053 
8.560000, 0.081034 
8.580000, 0.020806 
8.600000, -0.002025 
8.620000, 0.080761 
8.640000, 0.135600 
8.660000, 0.032280 
8.680000, -0.150060 
8.700000, -0.161940 
8.720000, -0.077754 
8.740000, -0.009222 
8.760000, 0.061494 
8.780000, 0.128030 
8.800000, 0.051604 
8.820000, -0.048487 
8.840000, -0.021577 
8.860000, 0.034912 
8.880000, -0.012763 
8.900000, -0.076816 
8.920000, -0.037215 
8.940000, 0.001753 
8.960000, -0.072731 
8.980000, -0.097690 
9.000000, 0.007114 
9.020000, 0.076799 
9.040000, -0.014322 
9.060000, -0.087827 
9.080000, -0.016346 
9.100000, 0.099525 
9.120000, 0.075573 
9.140000, -0.047189 
9.160000, -0.120060 
9.180000, -0.079987 
9.200000, 0.022800 
9.220000, 0.013937 
9.240000, -0.067346 
9.260000, -0.038899 
9.280000, 0.066478 
9.300000, 0.138980 
9.320000, 0.168860 
9.340000, 0.149400 
9.360000, 0.045327 
9.380000, -0.012941 
9.400000, 0.021909 
9.420000, 0.084469 
9.440000, 0.152130 
9.460000, 0.153640 
9.480000, 0.075569 
9.500000, 0.014748 
9.520000, 0.018745 
9.540000, -0.027395 
9.560000, -0.101950 
9.580000, -0.098044 
9.600000, -0.064959 
9.620000, -0.077332 
9.640000, -0.153370 
9.660000, -0.121500 
9.680000, -0.069043 
9.700000, -0.049531 
9.720000, -0.051373 
9.740000, -0.018574 
9.760000, 0.011550 
9.780000, -0.002816 
9.800000, -0.050927 
9.820000, -0.087237 
9.840000, -0.162220 
9.860000, -0.180040 
9.880000, -0.122290 
9.900000, -0.019800 
9.920000, 0.125350 
9.940000, 0.217150 
9.960000, 0.211910 
9.980000, 0.128050 
10.000000, 0.085688 
10.020000, 0.098481 
10.040000, 0.079633 
10.060000, 0.028517 
10.080000, 0.014946 
10.100000, 0.008884 
10.120000, 0.003360 
10.140000, 0.018844 
10.160000, 0.065368 
10.180000, 0.074069 
10.200000, 0.029396 
10.220000, -0.036404 
10.240000, -0.024495 
10.260000, 0.039352 
10.280000, 0.077601 
10.300000, 0.061224 
10.320000, 0.027444 
10.340000, 0.032271 
10.360000, 0.045148 
10.380000, 0.005027 
10.400000, -0.051854 
10.420000, -0.104230 
10.440000, -0.216910 
10.460000, -0.271780 
10.480000, -0.234040 
10.500000, -0.160730 
10.520000, -0.019012 
10.540000, 0.094330 
10.560000, 0.120660 
10.580000, 0.118610 
10.600000, 0.082947 
10.620000, 0.066524 
10.640000, 0.092350 
10.660000, 0.105160 
10.680000, 0.056106 
10.700000, -0.018260 
10.720000, -0.054482 
10.740000, -0.062371 
10.760000, -0.031952 
10.780000, 0.004753 
10.800000, 0.057891 
10.820000, 0.093200 
10.840000, 0.077387 
10.860000, 0.044037 
10.880000, 0.022589 
10.900000, -0.014922 
10.920000, -0.040015 
10.940000, -0.062092 
10.960000, -0.073451 
10.980000, -0.049933 
11.000000, -0.002641 
11.020000, 0.020477 
11.040000, -0.062053 
11.060000, -0.141930 
11.080000, -0.133010 
11.100000, -0.104310 
11.120000, -0.035928 
11.140000, 0.050785 
11.160000, 0.062689 
11.180000, 0.021680 
11.200000, 0.044917 
11.220000, 0.109540 
11.240000, 0.105150 
11.260000, 0.010459 
11.280000, -0.071786 
11.300000, -0.068986 
11.320000, -0.071706 
11.340000, -0.092023 
11.360000, -0.064015 
11.380000, 0.027435 
11.400000, 0.042292 
11.420000, -0.048962 
11.440000, -0.104980 
11.460000, -0.094547 
11.480000, -0.062875 
11.500000, -0.014867 
11.520000, 0.082555 
11.540000, 0.216570 
11.560000, 0.298800 
11.580000, 0.301590 
11.600000, 0.276960 
11.620000, 0.259070 
11.640000, 0.232040 
11.660000, 0.188430 
11.680000, 0.131190 
11.700000, 0.058029 
11.720000, -0.016670 
11.740000, -0.089071 
11.760000, -0.159910 
11.780000, -0.205800 
11.800000, -0.212580 
11.820000, -0.182950 
11.840000, -0.123560 
11.860000, -0.093792 
11.880000, -0.121000 
11.900000, -0.140120 
11.920000, -0.159430 
11.940000, -0.180440 
11.960000, -0.179440 
11.980000, -0.166570 
12.000000, -0.164040 
12.020000, -0.130290 
12.040000, -0.055900 
12.060000, 0.007680 
12.080000, 0.046946 
12.100000, 0.070462 
12.120000, 0.102310 
12.140000, 0.128200 
12.160000, 0.138200 
12.180000, 0.116990 
12.200000, 0.099740 
12.220000, 0.092811 
12.240000, 0.089319 
12.260000, 0.104820 
12.280000, 0.083447 
12.300000, 0.036027 
12.320000, 0.020607 
12.340000, 0.020872 
12.360000, 0.001580 
12.380000, -0.030016 
12.400000, -0.094987 
12.420000, -0.165520 
12.440000, -0.190900 
12.460000, -0.154550 
12.480000, -0.048439 
12.500000, 0.034813 
12.520000, 0.032660 
12.540000, -0.022953 
12.560000, -0.074782 
12.580000, -0.069124 
12.600000, 0.011063 
12.620000, 0.054495 
12.640000, 0.035319 
12.660000, 0.067503 
12.680000, 0.142940 
12.700000, 0.187460 
12.720000, 0.180170 
12.740000, 0.150050 
12.760000, 0.098987 
12.780000, 0.045934 
12.800000, -0.021948 
12.820000, -0.063259 
12.840000, -0.070107 
12.860000, -0.084120 
12.880000, -0.108470 
12.900000, -0.092527 
12.920000, -0.069419 
12.940000, -0.046981 
12.960000, -0.045184 
12.980000, -0.054501 
13.000000, -0.059009 
13.020000, -0.033100 
13.040000, 0.002354 
13.060000, -0.034913 
13.080000, -0.089323 
13.100000, -0.088350 
13.120000, -0.030731 
13.140000, 0.056815 
13.160000, 0.098104 
13.180000, 0.075755 
13.200000, 0.039193 
13.220000, -0.002993 
13.240000, -0.017541 
13.260000, -0.008834 
13.280000, -0.024199 
13.300000, -0.013883 
13.320000, 0.022347 
13.340000, 0.049474 
13.360000, 0.052231 
13.380000, 0.030406 
13.400000, 0.036447 
13.420000, 0.062706 
13.440000, 0.062000 
13.460000, 0.052325 
13.480000, 0.054880 
13.500000, 0.063237 
13.520000, 0.084677 
13.540000, 0.083637 
13.560000, 0.040631 
13.580000, -0.008170 
13.600000, -0.020412 
13.620000, -0.011243 
13.640000, 0.004762 
13.660000, 0.024898 
13.680000, 0.025518 
13.700000, -0.003832 
13.720000, -0.043503 
13.740000, -0.075041 
13.760000, -0.087002 
13.780000, -0.064651 
13.800000, -0.006357 
13.820000, 0.027120 
13.840000, 0.047056 
13.860000, 0.070160 
13.880000, 0.083095 
13.900000, 0.065925 
13.920000, -0.026093 
13.940000, -0.111990 
13.960000, -0.141070 
13.980000, -0.124070 
14.000000, -0.083821 
14.020000, -0.076136 
14.040000, -0.075713 
14.060000, -0.051575 
14.080000, -0.020133 
14.100000, -0.011163 
14.120000, -0.006874 
14.140000, 0.006137 
14.160000, 0.009820 
14.180000, 0.020915 
14.200000, 0.033298 
14.220000, 0.055520 
14.240000, 0.066580 
14.260000, 0.043719 
14.280000, 0.014326 
14.300000, 0.006104 
14.320000, 0.035504 
14.340000, 0.062029 
14.360000, 0.039039 
14.380000, 0.017025 
14.400000, 0.018922 
14.420000, 0.014397 
14.440000, 0.020262 
14.460000, 0.054493 
14.480000, 0.056861 
14.500000, 0.026446 
14.520000, 0.005874 
14.540000, -0.019273 
14.560000, -0.048272 
14.580000, -0.064740 
14.600000, -0.082163 
14.620000, -0.109200 
14.640000, -0.120310 
14.660000, -0.089470 
14.680000, -0.037569 
14.700000, 0.033368 
14.720000, 0.081023 
14.740000, 0.074288 
14.760000, 0.057480 
14.780000, 0.022570 
14.800000, -0.023017 
14.820000, -0.047911 
14.840000, -0.031053 
14.860000, -0.019406 
14.880000, -0.038916 
14.900000, -0.046261 
14.920000, 0.008521 
14.940000, 0.068230 
14.960000, 0.075840 
14.980000, 0.071378 
15.000000, 0.048463 
15.020000, -0.003700 
15.040000, -0.027348 
15.060000, 0.007099 
15.080000, 0.051636 
15.100000, 0.052211 
15.120000, 0.013384 
15.140000, -0.000680 
15.160000, 0.028263 
15.180000, 0.018495 
15.200000, 0.008271 
15.220000, 0.029809 
15.240000, 0.047389 
15.260000, 0.063709 
15.280000, 0.069315 
15.300000, 0.047591 
15.320000, -0.002002 
15.340000, -0.069984 
15.360000, -0.101520 
15.380000, -0.073112 
15.400000, -0.069672 
15.420000, -0.070835 
15.440000, -0.039073 
15.460000, -0.006155 
15.480000, 0.012952 
15.500000, 0.016787 
15.520000, -0.019322 
15.540000, -0.072993 
15.560000, -0.086723 
15.580000, -0.074420 
15.600000, -0.064732 
15.620000, -0.047771 
15.640000, -0.047190 
15.660000, -0.048991 
15.680000, -0.054949 
15.700000, -0.026985 
15.720000, 0.006474 
15.740000, 0.004843 
15.760000, -0.006574 
15.780000, -0.000599 
15.800000, 0.048243 
15.820000, 0.093206 
15.840000, 0.100410 
15.860000, 0.104050 
15.880000, 0.102840 
15.900000, 0.088782 
15.920000, 0.077796 
15.940000, 0.064642 
15.960000, 0.031749 
15.980000, 0.014090 
16.000000, 0.018953 
16.020000, 0.008878 
16.040000, -0.007134 
16.060000, -0.015907 
16.080000, -0.022116 
16.100000, -0.000829 
16.120000, 0.034748 
16.140000, 0.044629 
16.160000, 0.045123 
16.180000, 0.021128 
16.200000, -0.057231 
16.220000, -0.094090 
16.240000, -0.067596 
16.260000, -0.042800 
16.280000, -0.022484 
16.300000, -0.018381 
16.320000, -0.021347 
16.340000, 0.002785 
16.360000, 0.023979 
16.380000, 0.007458 
16.400000, -0.008051 
16.420000, -0.001309 
16.440000, -0.017554 
16.460000, -0.036317 
16.480000, -0.028914 
16.500000, -0.042328 
16.520000, -0.073251 
16.540000, -0.072482 
16.560000, -0.033352 
16.580000, -0.000469 
16.600000, 0.037835 
16.620000, 0.080260 
16.640000, 0.093670 
16.660000, 0.097952 
16.680000, 0.064744 
16.700000, 0.034581 
16.720000, 0.030423 
16.740000, 0.004717 
16.760000, -0.021694 
16.780000, -0.008084 
16.800000, 0.022470 
16.820000, 0.033071 
16.840000, 0.016665 
16.860000, -0.004400 
16.880000, -0.007875 
16.900000, -0.045063 
16.920000, -0.064305 
16.940000, -0.050154 
16.960000, -0.048611 
16.980000, -0.044146 
17.000000, -0.003831 
17.020000, 0.049557 
17.040000, 0.049361 
17.060000, 0.037117 
17.080000, 0.030096 
17.100000, 0.019720 
17.120000, 0.029816 
17.140000, 0.028097 
17.160000, -0.006516 
17.180000, -0.058457 
17.200000, -0.083422 
17.220000, -0.067167 
17.240000, -0.041078 
17.260000, -0.016003 
17.280000, -0.016522 
17.300000, -0.020489 
17.320000, -0.018250 
17.340000, -0.025260 
17.360000, -0.042703 
17.380000, -0.041654 
17.400000, -0.022704 
17.420000, -0.019150 
17.440000, -0.012887 
17.460000, 0.019351 
17.480000, 0.060052 
17.500000, 0.082492 
17.520000, 0.073368 
17.540000, 0.059471 
17.560000, 0.018588 
17.580000, -0.040930 
17.600000, -0.045646 
17.620000, -0.005026 
17.640000, 0.023811 
17.660000, 0.038436 
17.680000, 0.046415 
17.700000, 0.062251 
17.720000, 0.074386 
17.740000, 0.049893 
17.760000, -0.008565 
17.780000, -0.057631 
17.800000, -0.088639 
17.820000, -0.109940 
17.840000, -0.095169 
17.860000, -0.056977 
17.880000, -0.018022 
17.900000, 0.004761 
17.920000, -0.007281 
17.940000, -0.028495 
17.960000, -0.021491 
17.980000, 0.015711 
18.000000, 0.044278 
18.020000, 0.035687 
18.040000, 0.023723 
18.060000, 0.024530 
18.080000, 0.011876 
18.100000, 0.002096 
18.120000, 0.005365 
18.140000, -0.016295 
18.160000, -0.016955 
18.180000, 0.025207 
18.200000, 0.059856 
18.220000, 0.051677 
18.240000, 0.037562 
18.260000, 0.037542 
18.280000, 0.047233 
18.300000, 0.040310 
18.320000, 0.027070 
18.340000, 0.020683 
18.360000, 0.014807 
18.380000, -0.011643 
18.400000, -0.028935 
18.420000, -0.017632 
18.440000, -0.014993 
18.460000, -0.032800 
18.480000, -0.046152 
18.500000, -0.060794 
18.520000, -0.069677 
18.540000, -0.054836 
18.560000, -0.039610 
18.580000, -0.042451 
18.600000, -0.041938 
18.620000, -0.029638 
18.640000, -0.023366 
18.660000, -0.018777 
18.680000, -0.027063 
18.700000, -0.027019 
18.720000, -0.019124 
18.740000, -0.002982 
18.760000, 0.013416 
18.780000, 0.031259 
18.800000, 0.060869 
18.820000, 0.088429 
18.840000, 0.098293 
18.860000, 0.081020 
18.880000, 0.040303 
18.900000, 0.022443 
18.920000, 0.017595 
18.940000, -0.007502 
18.960000, -0.023958 
18.980000, -0.023332 
19.000000, 0.007535 
19.020000, 0.043008 
19.040000, 0.048641 
19.060000, 0.031931 
19.080000, 0.017357 
19.100000, 0.012341 
19.120000, -0.001226 
19.140000, -0.017695 
19.160000, -0.031821 
19.180000, -0.030814 
19.200000, -0.013289 
19.220000, -0.023617 
19.240000, -0.042490 
19.260000, -0.033314 
19.280000, -0.022346 
19.300000, -0.011192 
19.320000, -0.013381 
19.340000, -0.029758 
19.360000, -0.028051 
19.380000, 0.000478 
19.400000, 0.032785 
19.420000, 0.043414 
19.440000, 0.027381 
19.460000, 0.007874 
19.480000, 0.013871 
19.500000, 0.033398 
19.520000, 0.024211 
19.540000, -0.000620 
19.560000, -0.016202 
19.580000, -0.023584 
19.600000, -0.025658 
19.620000, -0.016785 
19.640000, -0.003315 
19.660000, 0.002133 
19.680000, -0.010681 
19.700000, -0.007992 
19.720000, 0.002266 
19.740000, 0.015134 
19.760000, 0.022544 
19.780000, 0.004722 
19.800000, -0.012616 
19.820000, -0.010683 
19.840000, -0.001295 
19.860000, -0.012798 
19.880000, -0.029801 
19.900000, -0.021760 
19.920000, -0.005426 
19.940000, 0.000706 
19.960000, 0.023270 
19.980000, 0.029754 
20.000000, 0.018390 
20.020000, 0.026402 
20.040000, 0.030282 
20.060000, 0.013681 
20.080000, 0.004894 
20.100000, 0.008391 
20.120000, 0.011429 
20.140000, 0.001461 
20.160000, 0.002379 
20.180000, 0.001423 
20.200000, -0.007988 
20.220000, -0.013600 
20.240000, 0.005097 
20.260000, 0.022681 
20.280000, 0.017514 
20.300000, 0.015267 
20.320000, 0.009890 
20.340000, -0.009825 
20.360000, -0.026911 
20.380000, -0.029243 
20.400000, -0.027042 
20.420000, -0.037571 
20.440000, -0.036598 
20.460000, -0.032416 
20.480000, -0.012218 
20.500000, 0.009718 
20.520000, 0.012559 
20.540000, 0.000698 
20.560000, -0.018924 
20.580000, -0.022700 
20.600000, -0.014862 
20.620000, -0.022409 
20.640000, -0.029669 
20.660000, -0.027791 
20.680000, -0.026254 
20.700000, -0.013194 
20.720000, 0.019305 
20.740000, 0.035906 
20.760000, 0.021554 
20.780000, 0.009031 
20.800000, 0.018559 
20.820000, 0.020184 
20.840000, 0.013089 
20.860000, 0.019886 
20.880000, 0.016515 
20.900000, 0.004758 
20.920000, 0.005850 
20.940000, 0.014442 
20.960000, 0.022210 
20.980000, 0.029891 
21.000000, 0.027319 
21.020000, 0.002757 
21.040000, -0.013853 
21.060000, -0.010194 
21.080000, -0.016283 
21.100000, -0.035421 
21.120000, -0.032384 
21.140000, -0.015684 
21.160000, 0.013522 
21.180000, 0.034588 
21.200000, 0.029905 
21.220000, 0.014986 
21.240000, 0.005785 
21.260000, 0.004800 
21.280000, 0.007902 
21.300000, 0.001451 
21.320000, -0.001878 
21.340000, 0.011343 
21.360000, 0.032415 
21.380000, 0.041326 
21.400000, 0.031503 
21.420000, 0.009092 
21.440000, -0.029169 
21.460000, -0.067883 
21.480000, -0.074559 
21.500000, -0.061216 
21.520000, -0.042088 
21.540000, -0.016074 
21.560000, 0.002570 
21.580000, 0.017379 
21.600000, 0.031600 
21.620000, 0.040447 
21.640000, 0.033775 
21.660000, 0.016508 
21.680000, 0.008346 
21.700000, 0.001881 
21.720000, -0.008866 
21.740000, -0.017706 
21.760000, -0.016388 
21.780000, -0.014007 
21.800000, -0.009111 
21.820000, -0.007997 
21.840000, -0.004851 
21.860000, -0.006606 
21.880000, -0.009504 
21.900000, 0.001779 
21.920000, 0.016826 
21.940000, 0.017673 
21.960000, 0.007420 
21.980000, 0.000394 
22.000000, -0.012452 
22.020000, -0.026872 
22.040000, -0.037059 
22.060000, -0.035888 
22.080000, -0.019765 
22.100000, -0.009181 
22.120000, 0.001536 
22.140000, 0.021208 
22.160000, 0.055042 
22.180000, 0.058717 
22.200000, 0.049057 
22.220000, 0.059684 
22.240000, 0.071512 
22.260000, 0.072099 
22.280000, 0.042104 
22.300000, -0.009001 
22.320000, -0.033984 
22.340000, -0.038755 
22.360000, -0.038160 
22.380000, -0.036152 
22.400000, -0.038202 
22.420000, -0.034818 
22.440000, -0.014824 
22.460000, 0.010698 
22.480000, 0.017260 
22.500000, 0.011721 
22.520000, 0.005772 
22.540000, 0.005617 
22.560000, 0.013262 
22.580000, 0.012830 
22.600000, 0.017858 
22.620000, 0.011791 
22.640000, 0.007068 
22.660000, 0.002437 
22.680000, -0.021371 
22.700000, -0.040989 
22.720000, -0.041754 
22.740000, -0.013728 
22.760000, 0.017099 
22.780000, -0.001070 
22.800000, -0.019778 
22.820000, -0.021482 
22.840000, -0.016060 
22.860000, -0.012646 
22.880000, -0.000511 
22.900000, 0.006086 
22.920000, 0.007964 
22.940000, -0.007490 
22.960000, -0.027814 
22.980000, -0.020351 
23.000000, 0.001861 
23.020000, -0.001373 
23.040000, -0.000807 
23.060000, 0.008201 
23.080000, 0.009629 
23.100000, 0.005205 
23.120000, 0.000040 
23.140000, -0.017956 
23.160000, -0.017653 
23.180000, -0.000258 
23.200000, 0.008055 
23.220000, -0.000069 
23.240000, -0.002591 
23.260000, 0.000900 
23.280000, 0.008636 
23.300000, 0.018562 
23.320000, 0.028690 
23.340000, 0.017829 
23.360000, -0.002298 
23.380000, -0.004016 
23.400000, 0.009776 
23.420000, 0.005092 
23.440000, -0.012404 
23.460000, -0.019311 
23.480000, -0.018649 
23.500000, -0.028801 
23.520000, -0.032706 
23.540000, -0.019863 
23.560000, -0.001160 
23.580000, 0.003690 
23.600000, 0.022511 
23.620000, 0.034841 
23.640000, 0.035340 
23.660000, 0.039986 
23.680000, 0.037343 
23.700000, 0.035569 
23.720000, 0.033368 
23.740000, 0.027106 
23.760000, 0.011445 
23.780000, -0.004217 
23.800000, -0.011888 
23.820000, -0.015225 
23.840000, -0.014121 
23.860000, -0.012789 
23.880000, -0.015277 
23.900000, -0.025609 
23.920000, -0.028496 
23.940000, -0.019223 
23.960000, -0.014903 
23.980000, -0.013261 
24.000000, -0.000386 
24.020000, 0.026485 
24.040000, 0.026692 
24.060000, 0.009245 
24.080000, 0.002864 
24.100000, 0.008847 
24.120000, 0.012468 
24.140000, 0.010442 
24.160000, 0.005692 
24.180000, -0.006652 
24.200000, -0.004574 
24.220000, 0.001592 
24.240000, -0.008624 
24.260000, -0.018912 
24.280000, -0.021891 
24.300000, -0.016014 
24.320000, -0.009457 
24.340000, -0.017773 
24.360000, -0.025622 
24.380000, -0.029955 
24.400000, -0.027230 
24.420000, -0.025794 
24.440000, -0.020297 
24.460000, -0.023595 
24.480000, -0.029694 
24.500000, -0.007724 
24.520000, 0.011372 
24.540000, 0.012477 
24.560000, 0.020910 
24.580000, 0.035110 
24.600000, 0.024797 
24.620000, 0.021165 
24.640000, 0.036539 
24.660000, 0.050440 
24.680000, 0.047658 
24.700000, 0.042807 
24.720000, 0.034575 
24.740000, 0.021748 
24.760000, 0.014077 
24.780000, 0.017365 
24.800000, 0.012703 
24.820000, 0.000059 
24.840000, -0.012305 
24.860000, -0.013142 
24.880000, -0.029286 
24.900000, -0.053660 
24.920000, -0.062569 
24.940000, -0.060058 
24.960000, -0.055207 
24.980000, -0.046291 
25.000000, -0.031521 
25.020000, -0.018900 
25.040000, -0.019329 
25.060000, -0.019585 
25.080000, -0.009251 
25.100000, 0.004106 
25.120000, 0.012467 
25.140000, 0.015963 
25.160000, 0.019463 
25.180000, 0.010908 
25.200000, 0.001007 
25.220000, -0.001116 
25.240000, 0.009668 
25.260000, 0.026444 
25.280000, 0.032381 
25.300000, 0.026571 
25.320000, 0.016416 
25.340000, 0.018369 
25.360000, 0.026841 
25.380000, 0.028579 
25.400000, 0.029820 
25.420000, 0.023408 
25.440000, 0.010265 
25.460000, 0.001030 
25.480000, 0.012857 
25.500000, 0.024678 
25.520000, 0.013517 
25.540000, -0.005373 
25.560000, -0.019763 
25.580000, -0.025492 
25.600000, -0.029110 
25.620000, -0.024098 
25.640000, -0.018229 
25.660000, -0.015912 
25.680000, -0.012222 
25.700000, -0.006091 
25.720000, -0.007167 
25.740000, -0.012981 
25.760000, -0.009291 
25.780000, -0.002908 
25.800000, -0.003488 
25.820000, 0.004225 
25.840000, 0.008361 
25.860000, 0.000382 
25.880000, -0.011192 
25.900000, -0.018750 
25.920000, -0.018563 
25.940000, -0.006460 
25.960000, 0.002815 
25.980000, 0.016457 
26.000000, 0.035146 
26.020000, 0.044692 
26.040000, 0.037839 
26.060000, 0.023708 
26.080000, 0.015932 
26.100000, 0.012347 
26.120000, 0.018141 
26.140000, 0.019882 
26.160000, 0.011644 
26.180000, 0.000030 
26.200000, -0.009109 
26.220000, -0.022383 
26.240000, -0.030110 
26.260000, -0.031853 
26.280000, -0.028831 
26.300000, -0.016807 
26.320000, -0.006347 
26.340000, 0.004444 
26.360000, 0.011095 
26.380000, 0.016392 
26.400000, 0.021739 
26.420000, 0.027666 
26.440000, 0.024180 
26.460000, 0.012258 
26.480000, 0.005006 
26.500000, 0.003937 
26.520000, 0.000409 
26.540000, -0.013207 
26.560000, -0.016482 
26.580000, -0.012525 
26.600000, -0.014044 
26.620000, -0.025534 
26.640000, -0.033375 
26.660000, -0.023834 
26.680000, -0.019228 
26.700000, -0.016656 
26.720000, -0.015409 
26.740000, -0.006221 
26.760000, 0.009683 
26.780000, 0.011829 
26.800000, 0.004112 
26.820000, 0.003212 
26.840000, 0.011854 
26.860000, 0.008122 
26.880000, -0.010639 
26.900000, -0.024541 
26.920000, -0.034374 
26.940000, -0.032263 
26.960000, -0.019341 
26.980000, -0.008093 
27.000000, 0.006567 
27.020000, 0.030253 
27.040000, 0.046212 
27.060000, 0.045123 
27.080000, 0.039848 
27.100000, 0.031689 
27.120000, 0.032038 
27.140000, 0.035278 
27.160000, 0.039987 
27.180000, 0.036043 
27.200000, 0.029241 
27.220000, 0.024640 
27.240000, 0.021002 
27.260000, 0.015846 
27.280000, 0.002116 
27.300000, -0.014689 
27.320000, -0.023559 
27.340000, -0.033788 
27.360000, -0.043063 
27.380000, -0.043824 
27.400000, -0.039481 
27.420000, -0.031826 
27.440000, -0.027729 
27.460000, -0.020003 
27.480000, -0.000665 
27.500000, 0.001309 
27.520000, -0.009957 
27.540000, -0.013869 
27.560000, -0.017222 
27.580000, -0.018601 
27.600000, -0.009718 
27.620000, -0.008554 
27.640000, 0.000765 
27.660000, 0.016319 
27.680000, 0.011180 
27.700000, -0.003284 
27.720000, -0.012980 
27.740000, -0.019608 
27.760000, -0.017796 
27.780000, -0.020208 
27.800000, -0.028222 
27.820000, -0.026891 
27.840000, -0.006776 
27.860000, 0.019074 
27.880000, 0.038752 
27.900000, 0.042247 
27.920000, 0.035057 
27.940000, 0.022214 
27.960000, 0.014263 
27.980000, 0.014478 
28.000000, 0.019878 
28.020000, 0.019530 
28.040000, 0.017622 
28.060000, 0.007849 
28.080000, -0.007354 
28.100000, -0.010885 
28.120000, -0.012801 
28.140000, -0.018094 
28.160000, -0.011336 
28.180000, -0.003523 
28.200000, 0.001531 
28.220000, 0.001005 
28.240000, -0.002079 
28.260000, -0.000946 
28.280000, 0.000166 
28.300000, 0.001792 
28.320000, -0.001087 
28.340000, -0.012036 
28.360000, -0.006493 
28.380000, 0.007653 
28.400000, 0.011747 
28.420000, 0.009917 
28.440000, 0.004683 
28.460000, -0.004889 
28.480000, -0.012717 
28.500000, -0.021391 
28.520000, -0.027852 
28.540000, -0.025874 
28.560000, -0.009789 
28.580000, 0.007707 
28.600000, 0.018675 
28.620000, 0.010914 
28.640000, 0.001718 
28.660000, 0.009443 
28.680000, 0.016875 
28.700000, 0.015323 
28.720000, 0.008381 
28.740000, 0.005463 
28.760000, 0.004322 
28.780000, -0.002552 
28.800000, -0.002318 
28.820000, -0.001579 
28.840000, 0.003585 
28.860000, 0.006559 
28.880000, 0.007517 
28.900000, 0.007081 
28.920000, 0.002362 
28.940000, -0.000435 
28.960000, -0.004671 
28.980000, -0.011758 
29.000000, -0.009852 
29.020000, 0.003596 
29.040000, 0.012713 
29.060000, 0.013231 
29.080000, 0.007342 
29.100000, 0.002014 
29.120000, -0.005547 
29.140000, -0.013787 
29.160000, -0.015992 
29.180000, -0.019748 
29.200000, -0.024364 
29.220000, -0.024817 
29.240000, -0.022124 
29.260000, -0.013524 
29.280000, -0.012563 
29.300000, -0.006161 
29.320000, 0.003926 
29.340000, 0.005265 
29.360000, 0.006193 
29.380000, 0.009878 
29.400000, 0.009738 
29.420000, 0.012857 
29.440000, 0.016907 
29.460000, 0.014362 
29.480000, 0.015232 
29.500000, 0.017214 
29.520000, 0.013181 
29.540000, 0.011559 
29.560000, 0.017216 
29.580000, 0.015282 
29.600000, 0.008923 
29.620000, 0.002655 
29.640000, 0.000149 
29.660000, 0.000565 
29.680000, -0.004772 
29.700000, -0.009238 
29.720000, -0.009480 
29.740000, -0.008511 
29.760000, -0.009602 
29.780000, -0.012782 
29.800000, -0.009557 
29.820000, -0.005525 
29.840000, -0.004396 
29.860000, -0.006804 
29.880000, -0.007994 
29.900000, -0.006220 
29.920000, -0.003270 
29.940000, 0.000543 
29.960000, 0.003688 
29.980000, 0.002460 
30.000000, -0.000301 
30.020000, 0.002635 
30.040000, 0.004271 
30.060000, 0.003465 
30.080000, 0.003787 
30.100000, 0.004599 
30.120000, 0.003911 
30.140000, 0.002118 
30.160000, 0.001920 
30.180000, 0.002388 
30.200000, 0.003577 
30.220000, 0.003287 
30.240000, 0.001829 
30.260000, -0.000134 
30.280000, -0.001171 
30.300000, -0.000677 
30.320000, -0.000058 
30.340000, -0.000860 
30.360000, -0.001697 
30.380000, -0.001645 
30.400000, -0.000844 
30.420000, -0.000463 
30.440000, -0.000042 
30.460000, 0.000041 
30.480000, 0.000211 
30.500000, 0.000511 
30.520000, 0.000495 
30.540000, 0.000196 
30.560000, -0.000155 
30.580000, -0.000249 
30.600000, -0.000220 
30.620000, -0.000304 
30.640000, -0.000546 
30.660000, -0.000550 
30.680000, -0.000523 
30.700000, -0.000436 
30.720000, -0.000326 
30.740000, -0.000304 
30.760000, -0.000355 
30.780000, -0.000400 
30.800000, -0.000375 
30.820000, -0.000352 
30.840000, -0.000370 
30.860000, -0.000375 
30.880000, -0.000342 
30.900000, -0.000321 
30.920000, -0.000307 
30.940000, -0.000284 
30.960000, -0.000255 
30.980000, -0.000224 
31.000000, -0.000186 
31.020000, -0.000153 
31.040000, -0.000123 
31.060000, -0.000096 
31.080000, -0.000071 
31.100000, -0.000049 
